jcd,R,n,man,rate
01,1,1898,360,0.189673
01,2,1902,406,0.21346
01,3,1895,397,0.209499
01,4,1892,434,0.229387
01,5,1891,374,0.197779
01,6,1876,279,0.148721
01,7,1865,299,0.160322
01,8,1855,288,0.155256
01,9,1853,349,0.188343
01,10,1874,348,0.185699
01,11,1866,326,0.174705
01,12,1869,298,0.159444
02,1,1871,380,0.2031
02,2,1886,329,0.174443
02,3,1887,399,0.211447
02,4,1896,403,0.212553
02,5,1878,343,0.182641
02,6,1888,345,0.182733
02,7,1869,315,0.168539
02,8,1861,355,0.190758
02,9,1846,388,0.210184
02,10,1856,394,0.212284
02,11,1856,370,0.199353
02,12,1854,371,0.200108
03,1,1746,340,0.194731
03,2,1726,356,0.206257
03,3,1733,373,0.215234
03,4,1733,353,0.203693
03,5,1715,331,0.193003
03,6,1724,318,0.184455
03,7,1688,285,0.168839
03,8,1679,280,0.166766
03,9,1670,286,0.171257
03,10,1635,300,0.183486
03,11,1645,296,0.179939
03,12,1596,300,0.18797
04,1,1782,348,0.195286
04,2,1775,364,0.20507
04,3,1765,384,0.217564
04,4,1781,398,0.22347
04,5,1776,324,0.182432
04,6,1753,341,0.194524
04,7,1767,353,0.199774
04,8,1765,369,0.209065
04,9,1751,353,0.201599
04,10,1754,375,0.213797
04,11,1739,353,0.20299
04,12,1748,357,0.204233
05,1,1850,284,0.153514
05,2,1826,333,0.182366
05,3,1839,372,0.202284
05,4,1846,341,0.184724
05,5,1833,335,0.182761
05,6,1839,338,0.183796
05,7,1831,358,0.195522
05,8,1825,327,0.179178
05,9,1816,294,0.161894
05,10,1819,330,0.181418
05,11,1823,295,0.161821
05,12,1822,304,0.16685
06,1,1953,390,0.199693
06,2,1967,424,0.215557
06,3,1947,379,0.194658
06,4,1945,285,0.14653
06,5,1938,357,0.184211
06,6,1951,357,0.182983
06,7,1952,304,0.155738
06,8,1931,337,0.174521
06,9,1911,369,0.193093
06,10,1934,352,0.182006
06,11,1925,353,0.183377
06,12,1918,336,0.175182
07,1,1900,370,0.194737
07,2,1907,362,0.189827
07,3,1899,353,0.185887
07,4,1893,356,0.188061
07,5,1897,335,0.176595
07,6,1890,284,0.150265
07,7,1889,200,0.105876
07,8,1873,259,0.138281
07,9,1871,330,0.176376
07,10,1884,281,0.149151
07,11,1886,258,0.136797
07,12,1886,296,0.156946
08,1,1968,372,0.189024
08,2,1987,407,0.204831
08,3,1981,387,0.195356
08,4,1961,350,0.17848
08,5,1970,350,0.177665
08,6,1963,317,0.161488
08,7,1950,308,0.157949
08,8,1953,310,0.15873
08,9,1934,325,0.168046
08,10,1942,302,0.15551
08,11,1936,305,0.157541
08,12,1931,267,0.13827
09,1,1846,196,0.106176
09,2,1834,351,0.191385
09,3,1834,362,0.197383
09,4,1832,392,0.213974
09,5,1842,250,0.135722
09,6,1833,299,0.163121
09,7,1823,291,0.159627
09,8,1816,267,0.147026
09,9,1790,287,0.160335
09,10,1813,284,0.156646
09,11,1801,265,0.14714
09,12,1802,224,0.124306
10,1,1871,261,0.139498
10,2,1859,316,0.169984
10,3,1853,291,0.157043
10,4,1840,329,0.178804
10,5,1827,296,0.162014
10,6,1822,344,0.188804
10,7,1811,365,0.201546
10,8,1810,358,0.19779
10,9,1818,349,0.191969
10,10,1822,349,0.191548
10,11,1851,354,0.191248
10,12,1827,306,0.167488
11,1,1832,287,0.156659
11,2,1817,368,0.202532
11,3,1821,336,0.184514
11,4,1818,362,0.19912
11,5,1823,269,0.147559
11,6,1798,297,0.165184
11,7,1789,302,0.168809
11,8,1785,281,0.157423
11,9,1783,331,0.185642
11,10,1785,343,0.192157
11,11,1791,315,0.175879
11,12,1782,327,0.183502
12,1,1867,291,0.155865
12,2,1860,337,0.181183
12,3,1855,330,0.177898
12,4,1855,331,0.178437
12,5,1857,306,0.164782
12,6,1857,289,0.155627
12,7,1857,323,0.173936
12,8,1854,291,0.156958
12,9,1851,312,0.168558
12,10,1855,304,0.163881
12,11,1860,267,0.143548
12,12,1856,272,0.146552
13,1,1841,275,0.149375
13,2,1826,295,0.161555
13,3,1837,341,0.185629
13,4,1829,311,0.170038
13,5,1831,264,0.144184
13,6,1827,219,0.119869
13,7,1817,273,0.150248
13,8,1811,274,0.151298
13,9,1809,282,0.155887
13,10,1800,284,0.157778
13,11,1806,257,0.142303
13,12,1802,262,0.145394
14,1,1804,272,0.150776
14,2,1809,386,0.213378
14,3,1801,342,0.189895
14,4,1795,351,0.195543
14,5,1781,341,0.191465
14,6,1779,352,0.197864
14,7,1771,358,0.202146
14,8,1769,363,0.205201
14,9,1779,342,0.192243
14,10,1757,379,0.215709
14,11,1754,372,0.212087
14,12,1752,367,0.209475
15,1,1901,349,0.183588
15,2,1897,365,0.192409
15,3,1903,414,0.217551
15,4,1897,364,0.191882
15,5,1907,347,0.181961
15,6,1903,330,0.17341
15,7,1906,306,0.160546
15,8,1876,210,0.11194
15,9,1868,351,0.187901
15,10,1874,309,0.164888
15,11,1878,332,0.176784
15,12,1883,304,0.161445
16,1,1911,299,0.156463
16,2,1894,403,0.212777
16,3,1895,425,0.224274
16,4,1888,396,0.209746
16,5,1900,375,0.197368
16,6,1908,259,0.135744
16,7,1891,346,0.182972
16,8,1883,326,0.173128
16,9,1873,281,0.150027
16,10,1862,332,0.178303
16,11,1878,304,0.161874
16,12,1855,270,0.145553
17,1,1944,339,0.174383
17,2,1941,403,0.207625
17,3,1951,407,0.208611
17,4,1951,381,0.195284
17,5,1931,305,0.157949
17,6,1938,334,0.172343
17,7,1927,345,0.179035
17,8,1921,318,0.165539
17,9,1919,289,0.150599
17,10,1909,327,0.171294
17,11,1917,324,0.169014
17,12,1914,316,0.165099
18,1,1942,247,0.127188
18,2,1953,294,0.150538
18,3,1940,247,0.12732
18,4,1947,224,0.115049
18,5,1932,296,0.153209
18,6,1923,342,0.177847
18,7,1914,310,0.161964
18,8,1908,303,0.158805
18,9,1915,333,0.17389
18,10,1905,272,0.142782
18,11,1913,268,0.140094
18,12,1929,235,0.121825
19,1,1786,315,0.176372
19,2,1778,367,0.206412
19,3,1794,324,0.180602
19,4,1785,335,0.187675
19,5,1782,266,0.14927
19,6,1783,288,0.161526
19,7,1787,271,0.151651
19,8,1770,250,0.141243
19,9,1783,261,0.146383
19,10,1779,273,0.153457
19,11,1778,258,0.145107
19,12,1774,261,0.147125
20,1,1876,371,0.197761
20,2,1872,405,0.216346
20,3,1890,387,0.204762
20,4,1879,413,0.219798
20,5,1867,247,0.132298
20,6,1874,342,0.182497
20,7,1873,307,0.163908
20,8,1880,259,0.137766
20,9,1853,292,0.157582
20,10,1862,315,0.169173
20,11,1870,282,0.150802
20,12,1860,301,0.161828
21,1,1913,312,0.163095
21,2,1913,326,0.170413
21,3,1899,299,0.157451
21,4,1909,205,0.107386
21,5,1898,287,0.151212
21,6,1886,388,0.205726
21,7,1880,295,0.156915
21,8,1887,343,0.18177
21,9,1876,344,0.183369
21,10,1874,344,0.183565
21,11,1892,350,0.184989
21,12,1871,314,0.167825
22,1,1866,282,0.151125
22,2,1870,323,0.172727
22,3,1861,335,0.180011
22,4,1861,335,0.180011
22,5,1851,296,0.159914
22,6,1857,283,0.152396
22,7,1853,256,0.138154
22,8,1838,212,0.115343
22,9,1850,305,0.164865
22,10,1838,328,0.178455
22,11,1837,284,0.1546
22,12,1847,318,0.172171
23,1,1870,256,0.136898
23,2,1882,280,0.148778
23,3,1869,269,0.143927
23,4,1872,313,0.167201
23,5,1862,343,0.184211
23,6,1867,321,0.171934
23,7,1856,321,0.172953
23,8,1828,348,0.190372
23,9,1840,349,0.189674
23,10,1842,317,0.172096
23,11,1832,319,0.174127
23,12,1841,290,0.157523
24,1,1927,330,0.171251
24,2,1925,366,0.19013
24,3,1905,335,0.175853
24,4,1923,342,0.177847
24,5,1905,266,0.139633
24,6,1923,276,0.143526
24,7,1900,221,0.116316
24,8,1911,252,0.131868
24,9,1903,263,0.138203
24,10,1881,260,0.138224
24,11,1900,229,0.120526
24,12,1895,254,0.134037
