unit,jcd,venue,speedBand,component,n_all,out_all,rate_all,ciLow_all,ciHigh_all,note_all,n_in1,out_in1,rate_in1,ciLow_in1,ciHigh_in1,note_in1,diffPt_in1MinusAll
Z1,全場,全場,0-1,追い風,2870,460,16.03,14.73,17.42,,2831,439,15.51,14.22,16.89,,-0.52
Z1,全場,全場,0-1,横風,6597,1175,17.81,16.91,18.75,,6521,1129,17.31,16.41,18.25,,-0.5
Z1,全場,全場,0-1,向かい風,2751,474,17.23,15.86,18.69,,2729,458,16.78,15.43,18.23,,-0.45
Z1,全場,全場,2-3,追い風,6613,1310,19.81,18.87,20.79,,6514,1254,19.25,18.31,20.23,,-0.56
Z1,全場,全場,2-3,横風,15589,2895,18.57,17.97,19.19,,15398,2788,18.11,17.51,18.72,,-0.46
Z1,全場,全場,2-3,向かい風,7370,1413,19.17,18.29,20.09,,7266,1347,18.54,17.66,19.45,,-0.63
Z1,全場,全場,4-5,追い風,3018,623,20.64,19.24,22.12,,2982,604,20.25,18.85,21.74,,-0.39
Z1,全場,全場,4-5,横風,7192,1454,20.22,19.3,21.16,,7103,1398,19.68,18.77,20.62,,-0.54
Z1,全場,全場,4-5,向かい風,3833,760,19.83,18.6,21.12,,3773,715,18.95,17.73,20.23,,-0.88
Z1,全場,全場,6+,追い風,1124,282,25.09,22.64,27.71,,1102,270,24.5,22.05,27.13,,-0.59
Z1,全場,全場,6+,横風,2359,568,24.08,22.4,25.84,,2324,544,23.41,21.73,25.17,,-0.67
Z1,全場,全場,6+,向かい風,1165,240,20.6,18.38,23.02,,1153,235,20.38,18.16,22.8,,-0.22
Z1,全場,全場,無風,無風,3988,785,19.68,18.48,20.95,,3940,756,19.19,17.99,20.45,,-0.49
Z1,全場,全場,0-1,計,12218,2109,17.26,16.6,17.94,,12081,2026,16.77,16.11,17.45,,-0.49
Z1,全場,全場,2-3,計,29572,5618,19.0,18.55,19.45,,29178,5389,18.47,18.03,18.92,,-0.53
Z1,全場,全場,4-5,計,14043,2837,20.2,19.55,20.87,,13858,2717,19.61,18.95,20.28,,-0.59
Z1,全場,全場,6+,計,4648,1090,23.45,22.26,24.69,,4579,1049,22.91,21.71,24.15,,-0.54
Z1,全場,全場,計,追い風,13625,2675,19.63,18.97,20.31,,13429,2567,19.12,18.46,19.79,,-0.51
Z1,全場,全場,計,横風,31737,6092,19.2,18.77,19.63,,31346,5859,18.69,18.26,19.13,,-0.51
Z1,全場,全場,計,向かい風,15119,2887,19.1,18.48,19.73,,14921,2755,18.46,17.85,19.09,,-0.64
Z1,全場,全場,計,計,64469,12439,19.29,18.99,19.6,,63636,11937,18.76,18.46,19.06,,-0.53
Z2,24,大村,0-1,追い風,147,19,,,,n不足,145,17,,,,n不足,
Z2,24,大村,0-1,横風,850,109,12.82,10.74,15.24,,844,105,12.44,10.38,14.84,,-0.38
Z2,24,大村,0-1,向かい風,343,41,11.95,8.93,15.81,,341,40,11.73,8.73,15.58,,-0.22
Z2,24,大村,2-3,追い風,296,39,,,,n不足,296,39,,,,n不足,
Z2,24,大村,2-3,横風,534,91,17.04,14.09,20.46,,529,88,16.64,13.7,20.05,,-0.4
Z2,24,大村,2-3,向かい風,233,36,,,,n不足,233,36,,,,n不足,
Z2,24,大村,4-5,追い風,123,18,,,,n不足,123,18,,,,n不足,
Z2,24,大村,4-5,横風,97,18,,,,n不足,97,18,,,,n不足,
Z2,24,大村,4-5,向かい風,23,5,,,,n不足,23,5,,,,n不足,
Z2,24,大村,6+,追い風,114,16,,,,n不足,114,16,,,,n不足,
Z2,24,大村,6+,横風,42,11,,,,n不足,42,11,,,,n不足,
Z2,24,大村,6+,向かい風,22,4,,,,n不足,21,3,,,,n不足,
Z2,24,大村,無風,無風,65,13,,,,n不足,64,13,,,,n不足,
Z2,24,大村,0-1,計,1340,169,12.61,10.94,14.5,,1330,162,12.18,10.53,14.05,,-0.43
Z2,24,大村,2-3,計,1063,166,15.62,13.56,17.92,,1058,163,15.41,13.36,17.71,,-0.21
Z2,24,大村,4-5,計,243,41,,,,n不足,243,41,,,,n不足,
Z2,24,大村,6+,計,178,31,,,,n不足,177,30,,,,n不足,
Z2,24,大村,計,追い風,680,92,13.53,11.16,16.31,,678,90,13.27,10.93,16.04,,-0.26
Z2,24,大村,計,横風,1523,229,15.04,13.33,16.92,,1512,222,14.68,12.99,16.56,,-0.36
Z2,24,大村,計,向かい風,621,86,13.85,11.35,16.79,,618,84,13.59,11.11,16.52,,-0.26
Z2,24,大村,計,計,2889,420,14.54,13.3,15.87,,2872,409,14.24,13.01,15.57,,-0.3
Z3,01,桐生,計,追い風,1296,310,23.92,21.68,26.32,,1259,290,23.03,20.79,25.44,,-0.89
Z3,01,桐生,計,横風,834,209,25.06,22.24,28.11,,804,187,23.26,20.47,26.3,,-1.8
Z3,01,桐生,計,向かい風,399,75,18.8,15.27,22.92,,387,68,17.57,14.1,21.68,,-1.23
Z3,01,桐生,計,無風,274,53,,,,n不足,264,47,,,,n不足,
Z3,01,桐生,計,計,2803,647,23.08,21.56,24.68,,2714,592,21.81,20.3,23.41,,-1.27
Z3,02,戸田,計,追い風,413,112,27.12,23.06,31.6,,408,109,26.72,22.65,31.21,,-0.4
Z3,02,戸田,計,横風,757,211,27.87,24.8,31.17,,745,203,27.25,24.17,30.56,,-0.62
Z3,02,戸田,計,向かい風,708,212,29.94,26.69,33.42,,703,209,29.73,26.47,33.21,,-0.21
Z3,02,戸田,計,無風,700,192,27.43,24.25,30.85,,690,186,26.96,23.78,30.39,,-0.47
Z3,02,戸田,計,計,2578,727,28.2,26.5,29.97,,2546,707,27.77,26.06,29.54,,-0.43
Z3,03,江戸川,計,追い風,361,69,19.11,15.39,23.49,,358,66,18.44,14.76,22.78,,-0.67
Z3,03,江戸川,計,横風,1786,428,23.96,22.04,26.0,,1781,423,23.75,21.83,25.78,,-0.21
Z3,03,江戸川,計,向かい風,249,56,,,,n不足,247,54,,,,n不足,
Z3,03,江戸川,計,無風,4,1,,,,n不足,4,1,,,,n不足,
Z3,03,江戸川,計,計,2400,554,23.08,21.44,24.81,,2390,544,22.76,21.13,24.49,,-0.32
Z3,04,平和島,計,追い風,32,14,,,,n不足,30,12,,,,n不足,
Z3,04,平和島,計,横風,1936,465,24.02,22.17,25.97,,1921,457,23.79,21.94,25.74,,-0.23
Z3,04,平和島,計,向かい風,286,84,,,,n不足,284,83,,,,n不足,
Z3,04,平和島,計,無風,136,46,,,,n不足,134,46,,,,n不足,
Z3,04,平和島,計,計,2390,609,25.48,23.77,27.27,,2369,598,25.24,23.53,27.03,,-0.24
Z3,05,多摩川,計,追い風,234,50,,,,n不足,233,50,,,,n不足,
Z3,05,多摩川,計,横風,1453,285,19.61,17.65,21.74,,1444,280,19.39,17.43,21.51,,-0.22
Z3,05,多摩川,計,向かい風,795,170,21.38,18.67,24.37,,791,166,20.99,18.29,23.96,,-0.39
Z3,05,多摩川,計,無風,225,48,,,,n不足,222,47,,,,n不足,
Z3,05,多摩川,計,計,2707,553,20.43,18.95,21.99,,2690,543,20.19,18.71,21.74,,-0.24
Z3,06,浜名湖,計,追い風,515,101,19.61,16.41,23.26,,504,94,18.65,15.49,22.28,,-0.96
Z3,06,浜名湖,計,横風,1445,324,22.42,20.35,24.64,,1413,306,21.66,19.59,23.88,,-0.76
Z3,06,浜名湖,計,向かい風,891,176,19.75,17.27,22.49,,869,161,18.53,16.08,21.25,,-1.22
Z3,06,浜名湖,計,無風,86,23,,,,n不足,84,21,,,,n不足,
Z3,06,浜名湖,計,計,2937,624,21.25,19.8,22.76,,2870,582,20.28,18.85,21.79,,-0.97
Z3,07,蒲郡,計,追い風,131,17,,,,n不足,128,16,,,,n不足,
Z3,07,蒲郡,計,横風,1892,348,18.39,16.71,20.2,,1841,320,17.38,15.72,19.18,,-1.01
Z3,07,蒲郡,計,向かい風,546,111,20.33,17.17,23.91,,527,96,18.22,15.15,21.74,,-2.11
Z3,07,蒲郡,計,無風,92,10,,,,n不足,90,9,,,,n不足,
Z3,07,蒲郡,計,計,2661,486,18.26,16.84,19.78,,2586,441,17.05,15.65,18.55,,-1.21
Z3,08,常滑,計,追い風,867,185,21.34,18.74,24.19,,846,173,20.45,17.87,23.3,,-0.89
Z3,08,常滑,計,横風,1514,286,18.89,17.0,20.94,,1488,272,18.28,16.4,20.32,,-0.61
Z3,08,常滑,計,向かい風,528,81,15.34,12.52,18.66,,520,75,14.42,11.66,17.7,,-0.92
Z3,08,常滑,計,無風,13,0,,,,n不足,13,0,,,,n不足,
Z3,08,常滑,計,計,2922,552,18.89,17.51,20.35,,2867,520,18.14,16.77,19.59,,-0.75
Z3,09,津,計,追い風,814,160,19.66,17.07,22.53,,813,160,19.68,17.09,22.55,,0.02
Z3,09,津,計,横風,26,4,,,,n不足,26,4,,,,n不足,
Z3,09,津,計,向かい風,1666,300,18.01,16.24,19.93,,1651,289,17.5,15.75,19.41,,-0.51
Z3,09,津,計,無風,189,31,,,,n不足,188,30,,,,n不足,
Z3,09,津,計,計,2695,495,18.37,16.95,19.87,,2678,483,18.04,16.63,19.54,,-0.33
Z3,10,三国,計,追い風,431,94,21.81,18.17,25.95,,424,91,21.46,17.82,25.62,,-0.35
Z3,10,三国,計,横風,1989,428,21.52,19.77,23.38,,1960,407,20.77,19.03,22.62,,-0.75
Z3,10,三国,計,向かい風,170,39,,,,n不足,166,36,,,,n不足,
Z3,10,三国,計,無風,61,14,,,,n不足,60,13,,,,n不足,
Z3,10,三国,計,計,2651,575,21.69,20.16,23.3,,2610,547,20.96,19.44,22.56,,-0.73
Z3,11,びわこ,計,追い風,240,49,,,,n不足,238,47,,,,n不足,
Z3,11,びわこ,計,横風,1926,390,20.25,18.51,22.1,,1921,387,20.15,18.41,22.0,,-0.1
Z3,11,びわこ,計,向かい風,242,47,,,,n不足,239,46,,,,n不足,
Z3,11,びわこ,計,無風,249,43,,,,n不足,248,42,,,,n不足,
Z3,11,びわこ,計,計,2657,529,19.91,18.44,21.47,,2646,522,19.73,18.26,21.29,,-0.18
Z3,12,住之江,計,追い風,394,75,19.04,15.47,23.2,,392,74,18.88,15.31,23.05,,-0.16
Z3,12,住之江,計,横風,1369,250,18.26,16.3,20.4,,1353,235,17.37,15.44,19.48,,-0.89
Z3,12,住之江,計,向かい風,0,0,,,,n不足,0,0,,,,n不足,
Z3,12,住之江,計,無風,984,179,18.19,15.91,20.72,,977,173,17.71,15.44,20.23,,-0.48
Z3,12,住之江,計,計,2747,504,18.35,16.94,19.84,,2722,482,17.71,16.32,19.19,,-0.64
Z3,13,尼崎,計,追い風,497,75,15.09,12.21,18.5,,497,75,15.09,12.21,18.5,,0.0
Z3,13,尼崎,計,横風,412,73,17.72,14.33,21.7,,410,71,17.32,13.96,21.28,,-0.4
Z3,13,尼崎,計,向かい風,1332,207,15.54,13.69,17.58,,1320,197,14.92,13.1,16.95,,-0.62
Z3,13,尼崎,計,無風,220,39,,,,n不足,220,39,,,,n不足,
Z3,13,尼崎,計,計,2461,394,16.01,14.61,17.51,,2447,382,15.61,14.23,17.1,,-0.4
Z3,14,鳴門,計,追い風,1169,285,24.38,22.0,26.92,,1152,274,23.78,21.42,26.33,,-0.6
Z3,14,鳴門,計,横風,536,134,25.0,21.52,28.83,,533,133,24.95,21.47,28.8,,-0.05
Z3,14,鳴門,計,向かい風,712,173,24.3,21.29,27.58,,707,170,24.05,21.04,27.33,,-0.25
Z3,14,鳴門,計,無風,98,17,,,,n不足,97,17,,,,n不足,
Z3,14,鳴門,計,計,2515,609,24.21,22.58,25.93,,2489,594,23.87,22.23,25.58,,-0.34
Z3,15,丸亀,計,追い風,631,127,20.13,17.18,23.43,,625,126,20.16,17.2,23.48,,0.03
Z3,15,丸亀,計,横風,1435,251,17.49,15.61,19.54,,1423,245,17.22,15.34,19.27,,-0.27
Z3,15,丸亀,計,向かい風,650,125,19.23,16.39,22.44,,642,119,18.54,15.72,21.73,,-0.69
Z3,15,丸亀,計,無風,20,2,,,,n不足,19,1,,,,n不足,
Z3,15,丸亀,計,計,2736,505,18.46,17.05,19.96,,2709,491,18.12,16.72,19.62,,-0.34
Z3,16,児島,計,追い風,885,176,19.89,17.39,22.64,,878,170,19.36,16.88,22.11,,-0.53
Z3,16,児島,計,横風,1354,253,18.69,16.7,20.85,,1341,245,18.27,16.29,20.43,,-0.42
Z3,16,児島,計,向かい風,344,57,16.57,13.01,20.86,,344,57,16.57,13.01,20.86,,0.0
Z3,16,児島,計,無風,31,6,,,,n不足,31,6,,,,n不足,
Z3,16,児島,計,計,2614,492,18.82,17.37,20.37,,2594,478,18.43,16.98,19.97,,-0.39
Z3,17,宮島,計,追い風,588,123,20.92,17.82,24.39,,583,120,20.58,17.5,24.05,,-0.34
Z3,17,宮島,計,横風,741,162,21.86,19.04,24.98,,733,157,21.42,18.6,24.53,,-0.44
Z3,17,宮島,計,向かい風,1277,239,18.72,16.67,20.95,,1265,233,18.42,16.38,20.65,,-0.3
Z3,17,宮島,計,無風,278,35,,,,n不足,277,34,,,,n不足,
Z3,17,宮島,計,計,2884,559,19.38,17.98,20.87,,2858,544,19.03,17.64,20.51,,-0.35
Z3,18,徳山,計,追い風,188,29,,,,n不足,185,28,,,,n不足,
Z3,18,徳山,計,横風,1759,244,13.87,12.33,15.57,,1745,235,13.47,11.95,15.15,,-0.4
Z3,18,徳山,計,向かい風,885,138,15.59,13.35,18.13,,870,127,14.6,12.41,17.1,,-0.99
Z3,18,徳山,計,無風,0,0,,,,n不足,0,0,,,,n不足,
Z3,18,徳山,計,計,2832,411,14.51,13.26,15.86,,2800,390,13.93,12.7,15.26,,-0.58
Z3,19,下関,計,追い風,784,114,14.54,12.25,17.18,,762,103,13.52,11.27,16.13,,-1.02
Z3,19,下関,計,横風,1359,174,12.8,11.13,14.69,,1336,164,12.28,10.62,14.14,,-0.52
Z3,19,下関,計,向かい風,457,75,16.41,13.3,20.08,,451,74,16.41,13.28,20.11,,0.0
Z3,19,下関,計,無風,0,0,,,,n不足,0,0,,,,n不足,
Z3,19,下関,計,計,2600,363,13.96,12.68,15.35,,2549,341,13.38,12.11,14.75,,-0.58
Z3,20,若松,計,追い風,1048,146,13.93,11.97,16.16,,1034,140,13.54,11.59,15.76,,-0.39
Z3,20,若松,計,横風,1534,271,17.67,15.84,19.65,,1512,261,17.26,15.44,19.25,,-0.41
Z3,20,若松,計,向かい風,57,12,,,,n不足,56,11,,,,n不足,
Z3,20,若松,計,無風,80,7,,,,n不足,79,6,,,,n不足,
Z3,20,若松,計,計,2719,436,16.04,14.7,17.46,,2681,418,15.59,14.27,17.01,,-0.45
Z3,21,芦屋,計,追い風,840,154,18.33,15.86,21.09,,830,148,17.83,15.38,20.58,,-0.5
Z3,21,芦屋,計,横風,1118,171,15.3,13.3,17.52,,1109,165,14.88,12.91,17.09,,-0.42
Z3,21,芦屋,計,向かい風,711,128,18.0,15.35,21.0,,705,124,17.59,14.96,20.57,,-0.41
Z3,21,芦屋,計,無風,142,21,,,,n不足,139,21,,,,n不足,
Z3,21,芦屋,計,計,2811,474,16.86,15.52,18.29,,2783,458,16.46,15.13,17.88,,-0.4
Z3,22,福岡,計,追い風,204,38,,,,n不足,203,37,,,,n不足,
Z3,22,福岡,計,横風,2170,351,16.18,14.69,17.78,,2153,342,15.88,14.4,17.49,,-0.3
Z3,22,福岡,計,向かい風,421,85,20.19,16.63,24.29,,419,83,19.81,16.27,23.89,,-0.38
Z3,22,福岡,計,無風,0,0,,,,n不足,0,0,,,,n不足,
Z3,22,福岡,計,計,2795,474,16.96,15.61,18.4,,2775,462,16.65,15.31,18.08,,-0.31
Z3,23,唐津,計,追い風,383,80,20.89,17.12,25.24,,369,74,20.05,16.29,24.44,,-0.84
Z3,23,唐津,計,横風,869,151,17.38,15.0,20.04,,842,138,16.39,14.04,19.04,,-0.99
Z3,23,唐津,計,向かい風,1172,211,18.0,15.91,20.31,,1140,193,16.93,14.86,19.22,,-1.07
Z3,23,唐津,計,無風,41,5,,,,n不足,40,4,,,,n不足,
Z3,23,唐津,計,計,2465,447,18.13,16.66,19.7,,2391,409,17.11,15.65,18.67,,-1.02
Z3,24,大村,計,追い風,680,92,13.53,11.16,16.31,,678,90,13.27,10.93,16.04,,-0.26
Z3,24,大村,計,横風,1523,229,15.04,13.33,16.92,,1512,222,14.68,12.99,16.56,,-0.36
Z3,24,大村,計,向かい風,621,86,13.85,11.35,16.79,,618,84,13.59,11.11,16.52,,-0.26
Z3,24,大村,計,無風,65,13,,,,n不足,64,13,,,,n不足,
Z3,24,大村,計,計,2889,420,14.54,13.3,15.87,,2872,409,14.24,13.01,15.57,,-0.3
