section,metric,compareWith,reference,windowB,change
作業1,races,分母A(10年),534330,474126,
作業1,series,分母A(10年),45995,40840,
作業1,adjacentPairs,分母A(10年),475478,421699,
作業1,breaks,分母A(10年),12857,11587,
作業1,manRate,分母A(10年),0.172691,0.171727,
作業1,quintileBound1,分母A(10年),1070,1060,
作業1,quintileBound2,分母A(10年),1910,1890,
作業1,quintileBound3,分母A(10年),3640,3610,
作業1,quintileBound4,分母A(10年),8540,8480,
2-1,T1_raw,分母A(10年),0.005471,0.005622,
2-1,T2_venueCentered,分母A(10年),0.003993,0.004096,
2-1,T3_cellCentered,分母A(10年),0.002972,0.00305,
2-1,T4_net,分母A(10年),0.000584,0.000427,
2-1,venueDiff_T1minusT2,分母A(10年),0.001478,0.001526,
2-1,rShape_T2minusT3,分母A(10年),0.001021,0.001046,
2-1,dayCommon_T3minusT4,分母A(10年),0.002388,0.002623,
2-1,nullA_mean,分母A(10年),0.002388,0.002623,
2-1,nullA_p,分母A(10年),0.683317,0.739261,
2-1,nullB_mean,分母A(10年),-4.8e-05,-5.1e-05,
2-2,T1q_raw,分母A(10年),0.05149,0.053068,
2-2,T2q_venue,分母A(10年),0.039888,0.041337,
2-2,T3q_cell,分母A(10年),0.028486,0.028915,
2-2,T4q_net,分母A(10年),0.009494,0.010423,
2-2,venueDiff_T1qminusT2q,分母A(10年),0.011601,0.011732,
2-2,rShape_T2qminusT3q,分母A(10年),0.011402,0.012421,
2-2,dayCommon_T3qminusT4q,分母A(10年),0.018992,0.018492,
2-2,nullA_eq_mean,分母A(10年),0.018992,0.018492,
2-2,nullA_eq_p,分母A(10年),0.001998,0.001998,
2-2,nullB_q_mean,分母A(10年),-2.7e-05,-2.7e-05,
2-3,S3-D1 nPairs,分母A(10年),221157,196264,
2-3,S3-D1 T3q,分母A(10年),-0.153276,-0.153263,
2-3,S3-D1 net,分母A(10年),0.007496,0.007653,
2-3,S3-D1 p,分母A(10年),0.001998,0.001998,
2-4,万舟 k=2 observed,分母A(10年),10394,9123,
2-4,万舟 k=2 nullMean,分母A(10年),10218.689,8999.021,
2-4,万舟 k=2 ratio,分母A(10年),1.017156,1.013777,
2-4,万舟 k=2 p,分母A(10年),0.023976,0.113886,有意性(p<0.05)が変わった
2-4,万舟 k=3 observed,分母A(10年),1685,1482,
2-4,万舟 k=3 nullMean,分母A(10年),1606.518,1406.744,
2-4,万舟 k=3 ratio,分母A(10年),1.048852,1.053497,
2-4,万舟 k=3 p,分母A(10年),0.035964,0.02997,
2-4,万舟 k=4 observed,分母A(10年),237,203,
2-4,万舟 k=4 nullMean,分母A(10年),257.742,222.742,
2-4,万舟 k=4 ratio,分母A(10年),0.919524,0.911368,
2-4,万舟 k=4 p,分母A(10年),0.183816,0.181818,
2-4,万舟 k=5 observed,分母A(10年),41,39,
2-4,万舟 k=5 nullMean,分母A(10年),41.224,35.2,
2-4,万舟 k=5 ratio,分母A(10年),0.994566,1.107955,1との大小が変わった
2-4,万舟 k=5 p,分母A(10年),0.991009,0.561439,
2-4,万舟 k=6 observed,分母A(10年),5,3,
2-4,万舟 k=6 nullMean,分母A(10年),6.617,5.468,
2-4,万舟 k=6 ratio,分母A(10年),0.755629,0.548647,
2-4,万舟 k=6 p,分母A(10年),0.663337,0.403596,
2-4,最安 k=2 observed,分母A(10年),13635,12171,
2-4,最安 k=2 nullMean,分母A(10年),13420.785,11926.757,
2-4,最安 k=2 ratio,分母A(10年),1.015961,1.020479,
2-4,最安 k=2 p,分母A(10年),0.031968,0.00999,
2-4,最安 k=3 observed,分母A(10年),3129,2805,
2-4,最安 k=3 nullMean,分母A(10年),2819.813,2500.508,
2-4,最安 k=3 ratio,分母A(10年),1.109648,1.121772,
2-4,最安 k=3 p,分母A(10年),0.001998,0.001998,
2-4,最安 k=4 observed,分母A(10年),762,681,
2-4,最安 k=4 nullMean,分母A(10年),630.9,555.898,
2-4,最安 k=4 ratio,分母A(10年),1.207798,1.225045,
2-4,最安 k=4 p,分母A(10年),0.001998,0.001998,
2-4,最安 k=5 observed,分母A(10年),204,185,
2-4,最安 k=5 nullMean,分母A(10年),148.854,129.983,
2-4,最安 k=5 ratio,分母A(10年),1.37047,1.423263,
2-4,最安 k=5 p,分母A(10年),0.001998,0.001998,
2-4,最安 k=6 observed,分母A(10年),47,40,
2-4,最安 k=6 nullMean,分母A(10年),35.914,31.368,
2-4,最安 k=6 ratio,分母A(10年),1.308682,1.275185,
2-4,最安 k=6 p,分母A(10年),0.077922,0.143856,
2-5,nBelow05,分母A(10年),2505,2236,
2-5,shareBelow05,分母A(10年),0.054462,0.05475,
2-6,lowestToLowest rowPct,分母A(10年),24.866609,25.055526,
2-6,lowestToLowest n,分母A(10年),23349,20870,
2-6,lowestToLowest rowTotal,分母A(10年),93897,83295,
2-6,middleToMiddle rowPct,分母A(10年),20.366699,20.367285,
2-6,middleToMiddle n,分母A(10年),19517,17357,
2-6,middleToMiddle rowTotal,分母A(10年),95828,85220,
2-6,highestToHighest rowPct,分母A(10年),20.582956,20.639173,
2-6,highestToHighest n,分母A(10年),19723,17566,
2-6,highestToHighest rowTotal,分母A(10年),95822,85110,
作業3,①着外 k=2 observed,分母B(409日),1369,11067,
作業3,①着外 k=2 nullMean,分母B(409日),1351.604,10438.134,
作業3,①着外 k=2 ratio,分母B(409日),1.012871,1.060247,
作業3,①着外 k=2 p,分母B(409日),0.539461,0.001998,有意性(p<0.05)が変わった
作業3,①着外 k=3 observed,分母B(409日),312,2461,
作業3,①着外 k=3 nullMean,分母B(409日),242.856,1895.92,
作業3,①着外 k=3 ratio,分母B(409日),1.284712,1.298051,
作業3,①着外 k=3 p,分母B(409日),0.001998,0.001998,
作業3,①着外 k=4 observed,分母B(409日),94,640,
作業3,①着外 k=4 nullMean,分母B(409日),46.01,355.175,
作業3,①着外 k=4 ratio,分母B(409日),2.043034,1.801929,
作業3,①着外 k=4 p,分母B(409日),0.001998,0.001998,
作業3,①着外 k=5 observed,分母B(409日),19,137,
作業3,①着外 k=5 nullMean,分母B(409日),8.855,67.268,
作業3,①着外 k=5 ratio,分母B(409日),2.14568,2.03663,
作業3,①着外 k=5 p,分母B(409日),0.003996,0.001998,
作業3,①着外 k=6 observed,分母B(409日),5,26,
作業3,①着外 k=6 nullMean,分母B(409日),1.767,13.193,
作業3,①着外 k=6 ratio,分母B(409日),2.829655,1.970742,
作業3,①着外 k=6 p,分母B(409日),0.071928,0.001998,有意性(p<0.05)が変わった
作業3,決まり手:逃げ k=2 observed,分母B(409日),4153,32315,
作業3,決まり手:逃げ k=2 nullMean,分母B(409日),4115.82,32002.54,
作業3,決まり手:逃げ k=2 ratio,分母B(409日),1.009033,1.009764,
作業3,決まり手:逃げ k=2 p,分母B(409日),0.485514,0.04995,有意性(p<0.05)が変わった
作業3,決まり手:逃げ k=3 observed,分母B(409日),1967,15003,
作業3,決まり手:逃げ k=3 nullMean,分母B(409日),1959.077,15236.41,
作業3,決まり手:逃げ k=3 ratio,分母B(409日),1.004044,0.984681,1との大小が変わった
作業3,決まり手:逃げ k=3 p,分母B(409日),0.859141,0.051948,
作業3,決まり手:逃げ k=4 observed,分母B(409日),968,7425,
作業3,決まり手:逃げ k=4 nullMean,分母B(409日),947.26,7348.93,
作業3,決まり手:逃げ k=4 ratio,分母B(409日),1.021895,1.010351,
作業3,決まり手:逃げ k=4 p,分母B(409日),0.461538,0.327672,
作業3,決まり手:逃げ k=5 observed,分母B(409日),455,3750,
作業3,決まり手:逃げ k=5 nullMean,分母B(409日),468.839,3594.604,
作業3,決まり手:逃げ k=5 ratio,分母B(409日),0.970482,1.04323,1との大小が変わった
作業3,決まり手:逃げ k=5 p,分母B(409日),0.513487,0.005994,有意性(p<0.05)が変わった
作業3,決まり手一致率 observed,分母B(409日),0.355668,0.352804,
作業3,決まり手一致率 nullMean,分母B(409日),0.351444,0.348552,
作業3,決まり手一致率 ratio,分母B(409日),1.012019,1.012199,
作業3,決まり手一致率 pTwoSided,分母B(409日),0.005994,0.001998,
作業3,決まり手一致率 n,分母B(409日),54354,421699,
作業3,K1 observed,分母B(409日),0.02826,0.027188,
作業3,K1 nullA_center,分母B(409日),0.020146,0.018308,
作業3,K1 net,分母B(409日),0.008113,0.00888,
作業3,K1 pTwoSided,分母B(409日),0.033966,0.001998,
作業3,K1 n,分母B(409日),54354,421699,
作業3,K3 observed,分母B(409日),0.023621,0.01896,
作業3,K3 nullA_center,分母B(409日),0.015446,0.013794,
作業3,K3 net,分母B(409日),0.008176,0.005166,
作業3,K3 pTwoSided,分母B(409日),0.045954,0.001998,
作業3,K3 n,分母B(409日),54354,421699,
作業4,matchedRaces,分母B(409日),60977,474126,
作業4,adjacentPairs,分母B(409日),54354,421699,
作業4,風速 a,分母B(409日),0.789698,0.804462,
作業4,風速 b2_R2,分母B(409日),0.001047,0.001418,
作業4,風速 upper,分母B(409日),0.000827,0.001141,
作業4,風向コード:角度 a,分母B(409日),0.810253,0.828203,
作業4,風向コード:角度 b2_R2,分母B(409日),0.000181,0.000455,
作業4,風向コード:角度 upper,分母B(409日),0.000147,0.000377,
作業4,風向コード:水面成分 a,分母B(409日),0.566634,0.433809,
作業4,風向コード:水面成分 b2_R2,分母B(409日),0.000107,9.2e-05,
作業4,風向コード:水面成分 upper,分母B(409日),6.1e-05,4e-05,
作業4,波高 a,分母B(409日),0.833113,0.845016,
作業4,波高 b2_R2,分母B(409日),0.000976,0.000875,
作業4,波高 upper,分母B(409日),0.000813,0.000739,
作業4,気温 a,分母B(409日),0.997733,0.997516,
作業4,気温 b2_R2,分母B(409日),7.7e-05,9.5e-05,
作業4,気温 upper,分母B(409日),7.7e-05,9.5e-05,
作業4,水温 a,分母B(409日),0.999579,0.999662,
作業4,水温 b2_R2,分母B(409日),0.000119,0.000154,
作業4,水温 upper,分母B(409日),0.000119,0.000154,
作業4,天候コード a,分母B(409日),0.806437,0.734622,
作業4,天候コード b2_R2,分母B(409日),4.5e-05,3.5e-05,
作業4,天候コード upper,分母B(409日),3.6e-05,2.6e-05,
作業4,referenceResidual_S3D1net,分母A(10年)→窓B,0.007496,0.007653,
作業4,W0 T3q,分母B(409日),0.028841,0.028915,
作業4,W0 nullA_eq_mean,分母B(409日),0.02136,0.018492,
作業4,W0 net,分母B(409日),0.007481,0.010423,
作業4,W0 p,分母B(409日),0.053946,0.001998,有意性(p<0.05)が変わった
作業4,W0 insideNull95,分母B(409日),True,False,
作業4,W6(6項目統制) T3q,分母B(409日),0.027312,0.027064,
作業4,W6(6項目統制) nullA_eq_mean,分母B(409日),0.020301,0.01709,
作業4,W6(6項目統制) net,分母B(409日),0.007011,0.009974,
作業4,W6(6項目統制) p,分母B(409日),0.06993,0.001998,有意性(p<0.05)が変わった
作業4,W6(6項目統制) insideNull95,分母B(409日),True,False,
