code,venue,race,hit,n,rate
01,桐生,1,142,1898,7.4816
01,桐生,2,142,1902,7.4658
01,桐生,3,129,1895,6.8074
01,桐生,4,139,1892,7.3467
01,桐生,5,134,1891,7.0862
01,桐生,6,259,1876,13.8060
01,桐生,7,232,1865,12.4397
01,桐生,8,201,1855,10.8356
01,桐生,9,196,1853,10.5774
01,桐生,10,204,1874,10.8858
01,桐生,11,229,1866,12.2722
01,桐生,12,228,1869,12.1990
02,戸田,1,135,1871,7.2154
02,戸田,2,131,1886,6.9459
02,戸田,3,132,1887,6.9952
02,戸田,4,128,1896,6.7511
02,戸田,5,138,1878,7.3482
02,戸田,6,146,1888,7.7331
02,戸田,7,209,1869,11.1825
02,戸田,8,127,1861,6.8243
02,戸田,9,138,1846,7.4756
02,戸田,10,155,1856,8.3513
02,戸田,11,143,1856,7.7047
02,戸田,12,164,1854,8.8457
03,江戸川,1,121,1746,6.9301
03,江戸川,2,114,1726,6.6049
03,江戸川,3,114,1733,6.5782
03,江戸川,4,119,1733,6.8667
03,江戸川,5,117,1715,6.8222
03,江戸川,6,147,1724,8.5267
03,江戸川,7,131,1688,7.7607
03,江戸川,8,145,1679,8.6361
03,江戸川,9,138,1670,8.2635
03,江戸川,10,172,1635,10.5199
03,江戸川,11,164,1645,9.9696
03,江戸川,12,163,1596,10.2130
04,平和島,1,136,1782,7.6319
04,平和島,2,134,1775,7.5493
04,平和島,3,111,1765,6.2890
04,平和島,4,117,1781,6.5693
04,平和島,5,169,1776,9.5158
04,平和島,6,117,1753,6.6743
04,平和島,7,151,1767,8.5456
04,平和島,8,153,1765,8.6686
04,平和島,9,144,1751,8.2239
04,平和島,10,145,1754,8.2668
04,平和島,11,152,1739,8.7407
04,平和島,12,139,1748,7.9519
05,多摩川,1,174,1850,9.4054
05,多摩川,2,147,1826,8.0504
05,多摩川,3,159,1839,8.6460
05,多摩川,4,149,1846,8.0715
05,多摩川,5,148,1833,8.0742
05,多摩川,6,157,1839,8.5372
05,多摩川,7,196,1831,10.7045
05,多摩川,8,185,1825,10.1370
05,多摩川,9,184,1816,10.1322
05,多摩川,10,201,1819,11.0500
05,多摩川,11,220,1823,12.0680
05,多摩川,12,215,1822,11.8002
06,浜名湖,1,179,1953,9.1654
06,浜名湖,2,157,1967,7.9817
06,浜名湖,3,149,1947,7.6528
06,浜名湖,4,223,1945,11.4653
06,浜名湖,5,158,1938,8.1527
06,浜名湖,6,159,1951,8.1497
06,浜名湖,7,207,1952,10.6045
06,浜名湖,8,205,1931,10.6163
06,浜名湖,9,179,1911,9.3668
06,浜名湖,10,195,1934,10.0827
06,浜名湖,11,219,1925,11.3766
06,浜名湖,12,238,1918,12.4088
07,蒲郡,1,177,1900,9.3158
07,蒲郡,2,179,1907,9.3865
07,蒲郡,3,162,1899,8.5308
07,蒲郡,4,148,1893,7.8183
07,蒲郡,5,186,1897,9.8050
07,蒲郡,6,208,1890,11.0053
07,蒲郡,7,254,1889,13.4463
07,蒲郡,8,233,1873,12.4399
07,蒲郡,9,226,1871,12.0791
07,蒲郡,10,230,1884,12.2081
07,蒲郡,11,245,1886,12.9905
07,蒲郡,12,191,1886,10.1273
08,常滑,1,167,1968,8.4858
08,常滑,2,162,1987,8.1530
08,常滑,3,164,1981,8.2786
08,常滑,4,203,1961,10.3519
08,常滑,5,209,1970,10.6091
08,常滑,6,206,1963,10.4941
08,常滑,7,202,1950,10.3590
08,常滑,8,204,1953,10.4455
08,常滑,9,221,1934,11.4271
08,常滑,10,242,1942,12.4614
08,常滑,11,261,1936,13.4814
08,常滑,12,253,1931,13.1020
09,津,1,282,1846,15.2763
09,津,2,158,1834,8.6150
09,津,3,162,1834,8.8332
09,津,4,150,1832,8.1878
09,津,5,257,1842,13.9522
09,津,6,176,1833,9.6017
09,津,7,208,1823,11.4098
09,津,8,191,1816,10.5176
09,津,9,184,1790,10.2793
09,津,10,232,1813,12.7965
09,津,11,221,1801,12.2710
09,津,12,265,1802,14.7059
10,三国,1,247,1871,13.2015
10,三国,2,246,1859,13.2329
10,三国,3,209,1853,11.2790
10,三国,4,236,1840,12.8261
10,三国,5,159,1827,8.7028
10,三国,6,139,1822,7.6290
10,三国,7,148,1811,8.1723
10,三国,8,150,1810,8.2873
10,三国,9,140,1818,7.7008
10,三国,10,152,1822,8.3425
10,三国,11,188,1851,10.1567
10,三国,12,231,1827,12.6437
11,びわこ,1,230,1832,12.5546
11,びわこ,2,130,1817,7.1547
11,びわこ,3,150,1821,8.2372
11,びわこ,4,151,1818,8.3058
11,びわこ,5,278,1823,15.2496
11,びわこ,6,224,1798,12.4583
11,びわこ,7,171,1789,9.5584
11,びわこ,8,163,1785,9.1317
11,びわこ,9,149,1783,8.3567
11,びわこ,10,193,1785,10.8123
11,びわこ,11,196,1791,10.9436
11,びわこ,12,191,1782,10.7183
12,住之江,1,190,1867,10.1768
12,住之江,2,191,1860,10.2688
12,住之江,3,172,1855,9.2722
12,住之江,4,152,1855,8.1941
12,住之江,5,184,1857,9.9085
12,住之江,6,211,1857,11.3624
12,住之江,7,222,1857,11.9548
12,住之江,8,185,1854,9.9784
12,住之江,9,215,1851,11.6153
12,住之江,10,219,1855,11.8059
12,住之江,11,252,1860,13.5484
12,住之江,12,234,1856,12.6078
13,尼崎,1,202,1841,10.9723
13,尼崎,2,160,1826,8.7623
13,尼崎,3,160,1837,8.7099
13,尼崎,4,187,1829,10.2242
13,尼崎,5,197,1831,10.7591
13,尼崎,6,247,1827,13.5194
13,尼崎,7,236,1817,12.9884
13,尼崎,8,204,1811,11.2645
13,尼崎,9,193,1809,10.6689
13,尼崎,10,239,1800,13.2778
13,尼崎,11,220,1806,12.1816
13,尼崎,12,231,1802,12.8191
14,鳴門,1,227,1804,12.5831
14,鳴門,2,161,1809,8.8999
14,鳴門,3,189,1801,10.4942
14,鳴門,4,165,1795,9.1922
14,鳴門,5,159,1781,8.9276
14,鳴門,6,116,1779,6.5205
14,鳴門,7,133,1771,7.5099
14,鳴門,8,131,1769,7.4053
14,鳴門,9,131,1779,7.3637
14,鳴門,10,157,1757,8.9357
14,鳴門,11,144,1754,8.2098
14,鳴門,12,179,1752,10.2169
15,丸亀,1,175,1901,9.2057
15,丸亀,2,137,1897,7.2219
15,丸亀,3,128,1903,6.7262
15,丸亀,4,125,1897,6.5894
15,丸亀,5,189,1907,9.9109
15,丸亀,6,210,1903,11.0352
15,丸亀,7,199,1906,10.4407
15,丸亀,8,322,1876,17.1642
15,丸亀,9,212,1868,11.3490
15,丸亀,10,257,1874,13.7140
15,丸亀,11,223,1878,11.8743
15,丸亀,12,186,1883,9.8779
16,児島,1,237,1911,12.4019
16,児島,2,146,1894,7.7086
16,児島,3,136,1895,7.1768
16,児島,4,151,1888,7.9979
16,児島,5,171,1900,9.0000
16,児島,6,316,1908,16.5618
16,児島,7,186,1891,9.8361
16,児島,8,194,1883,10.3027
16,児島,9,206,1873,10.9984
16,児島,10,187,1862,10.0430
16,児島,11,212,1878,11.2886
16,児島,12,238,1855,12.8302
17,宮島,1,247,1944,12.7058
17,宮島,2,159,1941,8.1917
17,宮島,3,154,1951,7.8934
17,宮島,4,179,1951,9.1748
17,宮島,5,196,1931,10.1502
17,宮島,6,214,1938,11.0423
17,宮島,7,181,1927,9.3928
17,宮島,8,210,1921,10.9318
17,宮島,9,235,1919,12.2460
17,宮島,10,222,1909,11.6291
17,宮島,11,240,1917,12.5196
17,宮島,12,221,1914,11.5465
18,徳山,1,257,1942,13.2338
18,徳山,2,253,1953,12.9544
18,徳山,3,267,1940,13.7629
18,徳山,4,308,1947,15.8192
18,徳山,5,217,1932,11.2319
18,徳山,6,176,1923,9.1524
18,徳山,7,176,1914,9.1954
18,徳山,8,217,1908,11.3732
18,徳山,9,203,1915,10.6005
18,徳山,10,236,1905,12.3885
18,徳山,11,285,1913,14.8981
18,徳山,12,268,1929,13.8932
19,下関,1,174,1786,9.7424
19,下関,2,154,1778,8.6614
19,下関,3,134,1794,7.4693
19,下関,4,164,1785,9.1877
19,下関,5,244,1782,13.6925
19,下関,6,185,1783,10.3758
19,下関,7,222,1787,12.4231
19,下関,8,213,1770,12.0339
19,下関,9,231,1783,12.9557
19,下関,10,224,1779,12.5913
19,下関,11,263,1778,14.7919
19,下関,12,206,1774,11.6122
20,若松,1,136,1876,7.2495
20,若松,2,141,1872,7.5321
20,若松,3,117,1890,6.1905
20,若松,4,140,1879,7.4508
20,若松,5,295,1867,15.8007
20,若松,6,182,1874,9.7118
20,若松,7,193,1873,10.3043
20,若松,8,311,1880,16.5426
20,若松,9,186,1853,10.0378
20,若松,10,220,1862,11.8153
20,若松,11,224,1870,11.9786
20,若松,12,170,1860,9.1398
21,芦屋,1,251,1913,13.1208
21,芦屋,2,220,1913,11.5003
21,芦屋,3,254,1899,13.3755
21,芦屋,4,282,1909,14.7721
21,芦屋,5,245,1898,12.9083
21,芦屋,6,147,1886,7.7943
21,芦屋,7,226,1880,12.0213
21,芦屋,8,192,1887,10.1749
21,芦屋,9,183,1876,9.7548
21,芦屋,10,212,1874,11.3127
21,芦屋,11,190,1892,10.0423
21,芦屋,12,190,1871,10.1550
22,福岡,1,227,1866,12.1651
22,福岡,2,185,1870,9.8930
22,福岡,3,161,1861,8.6513
22,福岡,4,161,1861,8.6513
22,福岡,5,200,1851,10.8050
22,福岡,6,192,1857,10.3393
22,福岡,7,224,1853,12.0885
22,福岡,8,274,1838,14.9075
22,福岡,9,217,1850,11.7297
22,福岡,10,209,1838,11.3711
22,福岡,11,219,1837,11.9216
22,福岡,12,230,1847,12.4526
23,唐津,1,230,1870,12.2995
23,唐津,2,294,1882,15.6217
23,唐津,3,231,1869,12.3596
23,唐津,4,175,1872,9.3483
23,唐津,5,170,1862,9.1300
23,唐津,6,150,1867,8.0343
23,唐津,7,152,1856,8.1897
23,唐津,8,177,1828,9.6827
23,唐津,9,164,1840,8.9130
23,唐津,10,193,1842,10.4777
23,唐津,11,199,1832,10.8624
23,唐津,12,248,1841,13.4709
24,大村,1,216,1927,11.2091
24,大村,2,199,1925,10.3377
24,大村,3,201,1905,10.5512
24,大村,4,198,1923,10.2964
24,大村,5,261,1905,13.7008
24,大村,6,258,1923,13.4165
24,大村,7,286,1900,15.0526
24,大村,8,258,1911,13.5008
24,大村,9,254,1903,13.3473
24,大村,10,242,1881,12.8655
24,大村,11,272,1900,14.3158
24,大村,12,268,1895,14.1425
00,全国,1,4759,44965,10.5838
00,全国,2,4100,44906,9.1302
00,全国,3,3945,44854,8.7952
00,全国,4,4150,44828,9.2576
00,全国,5,4681,44694,10.4734
00,全国,6,4542,44662,10.1697
00,全国,7,4745,44466,10.6711
00,全国,8,4845,44289,10.9395
00,全国,9,4529,44162,10.2554
00,全国,10,4938,44156,11.1831
00,全国,11,5181,44234,11.7127
00,全国,12,5147,44114,11.6675
