layer,key,nTotal,nHome,nNon,homeShare,p0NonHomeWin,requiredN,sufficiency,note
全体,全体,3223681,709667,2514014,0.220142,0.163002,16178,199.2707,
場,01 桐生,135198,26578,108620,0.196586,0.164528,17694,7.6413,
場,02 戸田,135528,31611,103917,0.233243,0.162967,15535,8.7241,
場,03 江戸川,124193,36456,87737,0.293543,0.16505,13558,9.1603,
場,04 平和島,127424,36776,90648,0.288611,0.168895,13930,9.1475,
場,05 多摩川,132882,35400,97482,0.266402,0.168688,14610,9.0959,
場,06 浜名湖,141135,31162,109973,0.220796,0.160658,15967,8.8393,
場,07 蒲郡,136557,31958,104599,0.234027,0.160709,15336,8.9044,
場,08 常滑,141385,33952,107433,0.240139,0.162166,15174,9.3181,
場,09 津,131888,20719,111169,0.157095,0.159154,20544,6.4198,
場,10 三国,133170,20126,113044,0.15113,0.163989,21690,6.1398,
場,11 びわこ,129831,19037,110794,0.146629,0.160198,21841,5.9446,
場,12 住之江,133921,31135,102786,0.232488,0.160246,15372,8.7121,
場,13 尼崎,131091,23964,107127,0.182804,0.16023,18324,7.1543,
場,14 鳴門,128528,20795,107733,0.161794,0.160666,20209,6.3601,
場,15 丸亀,136887,26691,110196,0.194986,0.163717,17736,7.7184,
場,16 児島,136852,29467,107385,0.21532,0.161661,16333,8.3793,
場,17 宮島,139117,27854,111263,0.20022,0.163037,17334,8.026,
場,18 徳山,138585,22632,115953,0.163308,0.164644,20436,6.7814,
場,19 下関,128944,23276,105668,0.180512,0.165159,18934,6.8103,
場,20 若松,136121,41929,94192,0.308027,0.163422,13100,10.3911,
場,21 芦屋,136833,43144,93689,0.315304,0.166252,13106,10.4412,
場,22 福岡,133319,45851,87468,0.343919,0.163203,12379,10.7699,
場,23 唐津,135496,25289,110207,0.18664,0.161759,18166,7.4591,
場,24 大村,138796,23865,114931,0.171943,0.163307,19498,7.1187,
支部,群馬,145566,26578,118988,0.182584,0.152478,17655,8.2452,
支部,埼玉,196934,31611,165323,0.160516,0.157455,20026,9.8342,
支部,東京,348640,108632,240008,0.311588,0.149412,12160,28.6716,
支部,静岡,176666,31162,145504,0.176389,0.169411,19651,8.9906,
支部,愛知,284760,65910,218850,0.231458,0.16462,15738,18.0948,
支部,三重,107558,20719,86839,0.192631,0.174587,18786,5.7257,
支部,福井,95099,20126,74973,0.211632,0.156977,16170,5.8814,
支部,滋賀,97232,19037,78195,0.195789,0.186303,19469,4.9944,
支部,大阪,229476,31135,198341,0.135679,0.180023,25437,9.0216,
支部,兵庫,134322,23964,110358,0.178407,0.1817,20521,6.5458,
支部,徳島,96351,20795,75556,0.215825,0.164395,16514,5.8347,
支部,香川,137242,26691,110551,0.194481,0.167172,18053,7.6022,
支部,岡山,188334,29467,158867,0.156461,0.169425,21615,8.7133,
支部,広島,162573,27854,134719,0.171332,0.158382,19101,8.5116,
支部,山口,153662,45908,107754,0.29876,0.143967,12092,12.7086,
支部,福岡,435866,130924,304942,0.300377,0.161188,13146,33.1577,
支部,佐賀,121637,25289,96348,0.207905,0.163252,16877,7.2075,
支部,長崎,111763,23865,87898,0.213532,0.139628,14671,7.6182,
級別×進入,A1×1コース,179802,41931,137871,0.233207,0.697543,22798,7.8871,
級別×進入,A1×2コース,139532,30650,108882,0.219663,0.208574,19401,7.1921,
級別×進入,A1×3コース,135702,29937,105765,0.220608,0.188824,18018,7.5315,
級別×進入,A1×4コース,137201,30149,107052,0.219743,0.159371,15923,8.6165,
級別×進入,A1×5コース,118622,25241,93381,0.212785,0.097739,11039,10.7457,
級別×進入,A1×6コース,94843,18526,76317,0.195333,0.037711,5373,17.6518,
級別×進入,A2×1コース,149067,31970,117097,0.214467,0.582056,28174,5.291,
級別×進入,A2×2コース,131095,26739,104356,0.203967,0.162722,17073,7.6788,
級別×進入,A2×3コース,133215,27069,106146,0.203198,0.142464,15451,8.6218,
級別×進入,A2×4コース,133737,27063,106674,0.20236,0.118857,13421,9.9649,
級別×進入,A2×5コース,124231,24743,99488,0.199169,0.066279,8402,14.7865,
級別×進入,A2×6コース,107575,20139,87436,0.187209,0.023526,3843,27.9991,
級別×進入,B1×1コース,197180,48584,148596,0.246394,0.373684,24935,7.908,
級別×進入,B1×2コース,251217,54284,196933,0.216084,0.09422,10596,23.71,
級別×進入,B1×3コース,252100,54963,197137,0.218021,0.079853,9188,27.4392,
級別×進入,B1×4コース,244421,52865,191556,0.216287,0.071828,8465,28.8753,
級別×進入,B1×5コース,263238,56419,206819,0.214327,0.038096,5075,51.875,
級別×進入,B1×6コース,232100,48747,183353,0.210026,0.013749,2443,95.0431,
級別×進入,B2×1コース,12221,3929,8292,0.321496,0.314641,19674,0.6212,充足率1.0未満
級別×進入,B2×2コース,16426,4708,11718,0.286619,0.080304,7743,2.1215,
級別×進入,B2×3コース,17253,4941,12312,0.286385,0.07245,7120,2.4234,
級別×進入,B2×4コース,22909,6707,16202,0.292767,0.053512,5492,4.1717,
級別×進入,B2×5コース,32104,9268,22836,0.288687,0.025749,3132,10.2525,
級別×進入,B2×6コース,97735,30058,67677,0.307546,0.005925,1287,75.9922,
年,2016,54483,9543,44940,0.175156,0.164575,19331,2.8186,
年,2017,326832,67841,258991,0.207571,0.162087,16805,19.449,
年,2018,326629,68733,257896,0.210431,0.161906,16625,19.648,
年,2019,326744,67937,258807,0.207921,0.163017,16858,19.3832,
年,2020,328650,74353,254297,0.226238,0.1627,15847,20.739,
年,2021,329084,78863,250221,0.239644,0.163316,15276,21.5428,
年,2022,332517,79529,252988,0.239173,0.164921,15410,21.5784,
年,2023,331506,78670,252836,0.237311,0.162912,15349,21.5984,
年,2024,331429,73862,257567,0.222859,0.163305,16061,20.6365,
年,2025,330319,67450,262869,0.204197,0.162549,17045,19.3799,
年,2026,205488,42886,162602,0.208703,0.163141,16821,12.2164,
