course,rank,nHome,nNon,nTotal,winHome,winHomeLo,winHomeHi,winNon,winNonLo,winNonHi,winDiff,top3Home,top3HomeLo,top3HomeHi,top3Non,top3NonLo,top3NonHi,top3Diff,meanFinishHome,meanFinishHomeLo,meanFinishHomeHi,meanFinishNon,meanFinishNonLo,meanFinishNonHi,meanFinishDiff,note
1,A1,41931,137871,179802,0.718991,0.714668,0.723273,0.697543,0.695113,0.699962,0.021448,0.909923,0.907146,0.912626,0.89871,0.897106,0.900291,0.011213,1.600606,1.589056,1.612155,1.659849,1.653193,1.666505,-0.059243,
1,A2,31970,117097,149067,0.603097,0.597722,0.608447,0.582056,0.579228,0.584878,0.021041,0.86528,0.861493,0.868979,0.853199,0.85116,0.855214,0.012081,1.865217,1.850195,1.88024,1.926599,1.918538,1.934661,-0.061382,
1,B1,48584,148596,197180,0.436296,0.431891,0.440711,0.373684,0.371228,0.376147,0.062612,0.743516,0.739614,0.74738,0.693902,0.691553,0.69624,0.049614,2.427733,2.413029,2.442438,2.654849,2.646091,2.663608,-0.227116,
1,B2,3929,8292,12221,0.338509,0.323876,0.353456,0.314641,0.304733,0.32472,0.023868,0.63324,0.618048,0.648172,0.577545,0.566879,0.588138,0.055695,2.911428,2.854262,2.968594,3.117342,3.076467,3.158217,-0.205914,
2,A1,30650,108882,139532,0.234715,0.230003,0.239492,0.208574,0.206171,0.210998,0.026141,0.712822,0.707731,0.71786,0.690601,0.687849,0.69334,0.022221,2.75429,2.737079,2.771502,2.85668,2.84746,2.865899,-0.10239,
2,A2,26739,104356,131095,0.174015,0.169518,0.178606,0.162722,0.160495,0.164974,0.011293,0.652867,0.647139,0.65855,0.640826,0.63791,0.643731,0.012041,2.99828,2.979866,3.016694,3.054046,3.044663,3.063429,-0.055766,
2,B1,54284,196933,251217,0.098998,0.096514,0.101539,0.09422,0.092938,0.095518,0.004778,0.510592,0.506387,0.514797,0.490654,0.488446,0.492862,0.019938,3.525293,3.512047,3.538539,3.592557,3.585575,3.599539,-0.067264,
2,B2,4708,11718,16426,0.090059,0.082213,0.098574,0.080304,0.07552,0.085363,0.009755,0.425021,0.410967,0.439198,0.393156,0.384348,0.402033,0.031865,3.833475,3.786737,3.880213,3.957587,3.928044,3.987129,-0.124112,
3,A1,29937,105765,135702,0.212279,0.207684,0.216948,0.188824,0.186477,0.191194,0.023455,0.689114,0.683847,0.694332,0.6621,0.659244,0.664945,0.027014,2.872298,2.854915,2.889682,2.97918,2.969883,2.988477,-0.106882,
3,A2,27069,106146,133215,0.154014,0.149763,0.158363,0.142464,0.140374,0.14458,0.01155,0.61539,0.609579,0.621169,0.5999,0.596949,0.602844,0.01549,3.143079,3.124801,3.161357,3.206565,3.197327,3.215802,-0.063486,
3,B1,54963,197137,252100,0.086003,0.083688,0.088376,0.079853,0.078665,0.081058,0.00615,0.464258,0.460091,0.468429,0.44569,0.443497,0.447885,0.018568,3.68013,3.667116,3.693145,3.744147,3.73731,3.750985,-0.064017,
3,B2,4941,12312,17253,0.072657,0.065747,0.080232,0.07245,0.068003,0.077163,0.000207,0.381097,0.367653,0.394726,0.352177,0.343787,0.360659,0.02892,4.006274,3.961565,4.050983,4.103476,4.075152,4.131801,-0.097202,
4,A1,30149,107052,137201,0.179343,0.175053,0.183714,0.159371,0.157191,0.161576,0.019972,0.65027,0.644868,0.655634,0.616168,0.613251,0.619077,0.034102,3.033633,3.016262,3.051003,3.15967,3.150357,3.168983,-0.126037,
4,A2,27063,106674,133737,0.130584,0.126622,0.134651,0.118857,0.116929,0.120813,0.011727,0.568673,0.562763,0.574564,0.544406,0.541416,0.547393,0.024267,3.320216,3.301908,3.338524,3.397229,3.388078,3.40638,-0.077013,
4,B1,52865,191556,244421,0.079258,0.076986,0.081592,0.071828,0.07068,0.072992,0.00743,0.412504,0.408314,0.416706,0.390982,0.388799,0.39317,0.021522,3.84816,3.835045,3.861276,3.918452,3.911631,3.925273,-0.070292,
4,B2,6707,16202,22909,0.060981,0.055502,0.066963,0.053512,0.050151,0.057084,0.007469,0.287908,0.277196,0.298863,0.26256,0.255842,0.269391,0.025348,4.343223,4.306183,4.380264,4.431181,4.407917,4.454445,-0.087958,
5,A1,25241,93381,118622,0.114694,0.110822,0.118684,0.097739,0.095851,0.099661,0.016955,0.534606,0.528448,0.540754,0.49569,0.492483,0.498897,0.038916,3.438057,3.41908,3.457035,3.568906,3.5591,3.578712,-0.130849,
5,A2,24743,99488,124231,0.076668,0.073418,0.080049,0.066279,0.06475,0.067842,0.010389,0.444772,0.438589,0.450972,0.423549,0.420481,0.426622,0.021223,3.735359,3.716863,3.753856,3.803142,3.794023,3.812262,-0.067783,
5,B1,56419,206819,263238,0.041706,0.040087,0.043387,0.038096,0.03728,0.03893,0.00361,0.314593,0.310774,0.318437,0.291893,0.289937,0.293856,0.0227,4.179213,4.167455,4.19097,4.25576,4.249681,4.261839,-0.076547,
5,B2,9268,22836,32104,0.03129,0.027936,0.035034,0.025749,0.023773,0.027884,0.005541,0.195835,0.187883,0.20404,0.182519,0.177562,0.187582,0.013316,4.690656,4.662655,4.718657,4.733666,4.716327,4.751005,-0.04301,
6,A1,18526,76317,94843,0.044424,0.04155,0.047487,0.037711,0.036383,0.039086,0.006713,0.400032,0.392999,0.407107,0.363838,0.360431,0.367258,0.036194,3.949207,3.928547,3.969866,4.058427,4.048392,4.068463,-0.10922,
6,A2,20139,87436,107575,0.023934,0.021912,0.026137,0.023526,0.022542,0.024552,0.000408,0.308506,0.302164,0.314921,0.291299,0.288296,0.29432,0.017207,4.228611,4.209913,4.247309,4.288714,4.279764,4.297664,-0.060103,
6,B1,48747,183353,232100,0.016678,0.015579,0.017853,0.013749,0.013227,0.014293,0.002929,0.204895,0.201335,0.208501,0.182817,0.181054,0.184593,0.022078,4.625823,4.614271,4.637376,4.706681,4.700907,4.712454,-0.080858,
6,B2,30058,67677,97735,0.006022,0.005208,0.006962,0.005925,0.005374,0.006532,9.7e-05,0.065374,0.062634,0.068224,0.065133,0.063298,0.067017,0.000241,5.369818,5.358484,5.381153,5.367643,5.360099,5.375188,0.002175,
