hd,jcd,rno,chaku,waku,toban,shinnyu,st,kimarite,full
250715,16,6,S1,5,5126,5,0.10,差し,0
250715,10,9,01,4,4188,4,0.07,恵まれ,1
250715,10,9,02,2,5045,2,0.02,恵まれ,1
250715,10,9,F,1,3459,1,F0.09,恵まれ,1
250715,10,9,F,3,3576,3,F0.03,恵まれ,1
250715,10,9,F,5,5380,6,F0.07,恵まれ,1
250715,10,9,F,6,4117,5,F0.04,恵まれ,1
250715,09,5,S0,6,5400,6,0.23,逃げ,0
250715,04,7,K0,1,4809,,,逃げ,0
250715,04,8,S0,1,4550,1,0.17,差し,0
250715,04,8,S0,4,4196,5,0.25,差し,0
250715,02,2,S1,3,5092,3,0.16,まくり差し,0
250715,02,9,S0,3,4054,3,0.22,抜き,0
250715,01,5,S2,2,4469,2,0.22,逃げ,0
250715,01,5,S0,4,5304,4,0.45,逃げ,0
250715,01,5,S0,6,5053,6,0.26,逃げ,0
250716,23,4,S0,3,4292,3,0.16,まくり差し,0
250716,23,9,S0,2,5258,2,0.15,逃げ,0
250716,23,9,S1,4,3499,4,0.13,逃げ,0
250716,20,5,S1,5,4969,5,0.09,逃げ,0
250716,18,1,S0,3,3906,3,0.29,逃げ,0
250716,18,1,S1,4,3977,4,0.27,逃げ,0
250716,18,1,S0,5,5329,5,0.41,逃げ,0
250716,18,6,K0,4,3906,,,逃げ,0
250716,18,7,K0,4,5329,,,まくり差し,0
250716,18,10,F,1,3327,1,F0.02,差し,0
250716,12,5,S2,4,4641,4,0.26,逃げ,0
250716,12,8,K1,2,4100,,,差し,0
250716,04,2,S0,4,4952,4,0.14,逃げ,0
250716,04,6,K0,3,4952,,,逃げ,0
250717,22,4,S1,5,4765,5,0.16,まくり,0
250717,22,5,S0,4,5144,4,0.13,まくり差し,0
250717,22,11,F,6,3845,2,F0.01,逃げ,0
250717,18,11,F,3,3563,3,F0.02,逃げ,0
250717,10,8,K0,4,3616,,,逃げ,0
250717,05,4,S1,5,4956,5,0.22,逃げ,0
250717,05,12,S1,3,4901,3,0.11,逃げ,0
250718,24,4,F,5,3744,3,F0.03,逃げ,0
250718,23,2,F,5,5417,6,F0.10,逃げ,0
250718,22,4,S1,5,4014,5,0.28,まくり,0
250718,22,7,S1,5,5250,6,0.55,差し,0
250718,22,12,F,5,5203,5,F0.01,まくり,0
250718,21,9,S0,5,4299,5,0.10,逃げ,0
250718,10,12,S0,2,4504,2,0.27,逃げ,0
250718,10,12,S0,5,3822,5,0.17,逃げ,0
250718,08,7,F,2,4905,2,F0.01,逃げ,0
250718,08,7,F,3,4798,3,F0.01,逃げ,0
250718,06,10,K0,6,4942,,,まくり差し,0
250718,05,4,F,4,3874,4,F0.01,恵まれ,0
250718,05,4,F,5,3462,5,F0.01,恵まれ,0
250718,05,4,F,6,3745,6,F0.01,恵まれ,0
250719,23,2,S0,2,3776,2,0.26,逃げ,0
250719,23,7,S1,4,3776,4,0.25,逃げ,0
250719,19,7,S1,4,4981,4,0.09,逃げ,0
250719,19,12,S0,3,5143,4,0.19,差し,0
250719,17,10,S1,6,4784,6,0.13,逃げ,0
250719,16,2,S0,2,3411,2,0.13,逃げ,0
250719,15,3,K0,3,3642,,,まくり差し,0
250719,15,10,K0,6,3642,,,差し,0
250719,14,7,F,4,5388,4,F0.04,恵まれ,0
250719,14,7,F,5,5037,5,F0.02,恵まれ,0
250719,14,12,F,3,4227,3,F0.03,逃げ,0
250719,13,2,S1,3,4732,3,0.13,逃げ,0
250719,08,10,S0,2,4757,2,0.09,逃げ,0
250719,07,3,K0,1,5301,,,逃げ,0
250719,06,3,F,5,5383,6,F0.03,まくり差し,0
250719,01,12,S0,1,4469,1,0.09,ﾚｰｽﾀｲﾑ,1
250719,01,12,S2,2,4651,2,0.12,ﾚｰｽﾀｲﾑ,1
250719,01,12,S0,3,3860,3,0.15,ﾚｰｽﾀｲﾑ,1
250719,01,12,S0,4,3659,4,0.19,ﾚｰｽﾀｲﾑ,1
250719,01,12,00,5,5223,5,0.10,ﾚｰｽﾀｲﾑ,1
250719,01,12,S0,6,4748,6,0.11,ﾚｰｽﾀｲﾑ,1
250720,23,1,F,5,3953,6,F0.01,まくり,0
250720,23,4,F,3,3606,3,F0.01,逃げ,0
250720,17,1,S1,6,5311,6,0.19,逃げ,0
250720,16,8,K0,6,4917,,,抜き,0
250720,15,5,F,6,3992,6,F0.02,まくり差し,0
250720,13,4,S0,1,5166,1,0.20,まくり差し,0
250720,13,4,S2,2,4600,2,0.20,まくり差し,0
250720,13,10,K0,6,5166,,,差し,0
250720,11,2,K0,4,5344,,,まくり,0
250720,07,6,S1,6,5364,6,0.18,差し,0
250720,06,1,S1,6,5405,6,0.09,逃げ,0
250720,01,6,S1,3,2538,3,0.30,まくり差し,0
250721,21,7,F,4,4299,4,F0.01,恵まれ,0
250721,21,9,K0,3,4277,,,逃げ,0
250721,21,11,S1,6,4817,6,0.16,逃げ,0
250721,17,2,S1,6,5088,6,0.02,逃げ,0
250721,15,3,S1,4,4700,4,0.10,まくり,0
250721,15,5,F,5,3444,6,F0.02,恵まれ,0
250721,15,5,F,6,3654,4,F0.03,恵まれ,0
250721,14,1,K0,5,4563,,,逃げ,0
250721,14,6,K0,1,4563,,,逃げ,0
250721,07,2,S1,5,5318,6,0.33,まくり,0
250721,06,3,F,4,4989,4,F0.01,恵まれ,0
250721,04,7,S1,4,5004,4,0.21,抜き,0
250721,03,4,K0,2,4084,,,逃げ,0
250721,03,10,K0,6,4084,,,逃げ,0
250721,02,4,S1,1,4275,1,0.28,まくり,0
250721,02,4,S0,4,4738,4,0.21,まくり,0
250721,02,10,K1,4,4275,,,逃げ,0
260715,17,3,S1,3,4515,3,0.23,逃げ,0
260715,13,10,S1,3,3470,3,0.15,逃げ,0
260715,12,4,S1,3,5262,3,0.22,差し,0
260715,12,11,S1,2,5134,2,0.24,まくり差し,0
260715,06,4,F,1,5174,1,F0.01,恵まれ,0
260715,05,5,S0,3,4977,3,0.17,逃げ,0
260715,03,1,S0,6,5394,6,0.23,差し,0
260715,03,5,K0,4,5394,,,差し,0
260716,24,10,F,4,4797,4,F0.01,恵まれ,0
260716,18,2,S1,5,4890,5,0.03,まくり,0
260716,11,7,F,3,5075,3,F0.01,恵まれ,0
260716,07,12,F,2,3995,2,F0.01,逃げ,0
260716,03,12,S1,3,4460,3,0.14,抜き,0
260716,01,1,S1,4,5211,4,0.11,まくり差し,0
260717,18,11,F,5,4446,5,F0.02,逃げ,0
260717,13,4,S1,4,4123,4,0.29,恵まれ,0
260717,13,10,K1,2,4123,,,逃げ,0
260717,11,11,S1,3,4695,3,0.11,逃げ,0
260718,20,8,K0,1,3654,,,逃げ,0
260718,18,4,S1,4,5393,4,0.18,逃げ,0
260718,17,11,S0,3,3054,3,0.15,差し,0
260718,16,2,S0,6,5219,6,0.16,まくり差し,0
260718,13,2,F,2,5148,2,F0.02,逃げ,0
260718,13,2,F,3,5241,3,F0.05,逃げ,0
260718,11,12,S1,5,5187,5,0.31,逃げ,0
260718,09,9,S0,2,5221,2,0.14,逃げ,0
260718,09,10,01,2,5280,2,0.06,差し,1
260718,09,10,02,1,5042,1,0.02,差し,1
260718,09,10,F,3,4989,3,F0.01,差し,1
260718,09,10,F,4,4967,4,F0.05,差し,1
260718,09,10,F,5,5087,5,F0.01,差し,1
260718,09,10,F,6,5196,6,F0.02,差し,1
260718,02,11,S0,6,4508,6,0.23,まくり,0
260718,01,9,S0,5,3641,5,0.15,逃げ,0
260719,22,11,S0,3,5222,3,0.18,逃げ,0
260719,21,10,F,1,3828,1,F0.01,恵まれ,0
260719,19,6,F,1,4098,1,F0.04,差し,0
260719,19,6,F,3,5163,3,F0.01,差し,0
260719,19,6,S1,4,5003,4,0.11,差し,0
260719,18,3,S0,6,4019,5,0.16,逃げ,0
260719,16,9,S1,4,4942,5,0.10,抜き,0
260719,16,11,F,3,4871,3,F0.01,抜き,0
260719,12,3,S1,5,5379,6,0.15,逃げ,0
260719,11,10,F,1,4207,1,F0.02,恵まれ,0
260719,10,6,S1,5,5404,5,0.24,差し,0
260720,22,3,S0,5,5018,5,0.10,まくり,0
260720,22,7,S0,4,4994,4,0.09,抜き,0
260720,19,8,F,2,3207,2,F0.04,逃げ,0
260720,19,8,F,3,5123,3,F0.09,逃げ,0
260720,19,8,F,6,4473,6,F0.01,逃げ,0
260720,18,3,F,4,5407,4,F0.01,まくり,0
260720,18,9,S1,2,3838,2,0.08,逃げ,0
260720,15,7,S0,6,4788,6,0.05,差し,0
260720,12,4,S1,2,4669,2,0.23,まくり,0
260720,11,1,S1,2,3843,2,0.19,逃げ,0
260720,10,3,F,1,4596,1,F0.01,恵まれ,0
260720,10,8,S1,2,4596,2,0.19,まくり,0
260720,05,4,S1,4,3935,4,0.06,抜き,0
260720,04,4,S2,1,4875,1,0.13,まくり差し,0
260720,04,4,S0,3,4934,3,0.19,まくり差し,0
260720,04,9,K0,1,4934,,,逃げ,0
260721,19,5,S1,3,4050,3,0.11,逃げ,0
260721,16,7,S1,3,5219,3,0.22,逃げ,0
260721,12,10,S1,2,5338,2,0.19,逃げ,0
260721,10,3,S1,5,4598,5,0.08,差し,0
260721,09,2,S2,3,5139,1,0.20,抜き,0
260721,09,2,S0,6,5220,6,0.10,抜き,0
260721,09,5,K1,3,5279,,,差し,0
260721,09,7,S1,6,5045,6,0.24,逃げ,0
260721,04,1,F,1,3809,1,F0.02,差し,0
260721,04,1,F,6,5304,6,F0.09,差し,0
260722,24,3,F,4,4256,4,F0.01,恵まれ,0
260722,24,7,F,5,4753,5,F0.06,逃げ,0
260722,24,7,F,6,5350,6,F0.09,逃げ,0
260722,23,4,S1,6,5435,6,0.31,差し,0
260722,19,4,S1,4,5391,4,0.06,逃げ,0
260722,14,5,S2,4,4451,4,0.10,逃げ,0
260722,14,5,S0,6,4713,6,0.16,逃げ,0
260722,13,7,F,2,5302,3,F0.02,恵まれ,0
260722,09,5,F,1,5205,1,F0.02,恵まれ,0
260722,09,5,F,2,5019,2,F0.04,恵まれ,0
260722,09,10,01,3,5275,3,0.01,恵まれ,1
260722,09,10,02,2,5289,2,0.12,恵まれ,1
260722,09,10,F,1,5112,1,F0.03,恵まれ,1
260722,09,10,F,4,5141,4,F0.03,恵まれ,1
260722,09,10,F,5,4983,5,F0.03,恵まれ,1
260722,09,10,F,6,5229,6,F0.09,恵まれ,1
260723,24,5,S0,3,5345,3,0.15,逃げ,0
260723,24,5,S1,6,4357,6,0.02,逃げ,0
260723,23,3,F,1,4936,1,F0.01,恵まれ,0
260723,23,3,F,5,5310,5,F0.01,恵まれ,0
260723,23,3,F,6,5435,6,F0.01,恵まれ,0
260723,21,12,F,1,4236,1,F0.01,恵まれ,0
260723,21,12,F,2,3623,2,F0.01,恵まれ,0
260723,19,8,F,1,4738,1,F0.02,恵まれ,0
260723,15,1,S0,3,4729,3,0.24,まくり,0
260723,15,1,S2,4,4944,4,0.15,まくり,0
260723,15,6,K0,3,3212,,,逃げ,0
260723,13,6,F,4,4828,4,F0.02,恵まれ,0
260723,09,5,S0,5,4984,6,0.16,逃げ,0
260723,09,10,S0,1,5280,1,0.28,まくり差し,0
260723,03,5,F,5,4474,5,F0.02,まくり差し,0
260723,01,11,S0,2,4789,2,0.32,逃げ,0
260723,01,12,S1,1,3908,1,0.01,まくり,0
260724,23,2,S1,6,5397,6,0.19,まくり,0
260724,23,3,S1,3,4429,3,0.11,逃げ,0
260724,22,4,S1,3,5218,3,0.25,逃げ,0
260724,21,8,F,3,5100,3,F0.02,まくり差し,0
260724,21,12,S0,4,4466,3,0.17,逃げ,0
260724,17,1,S1,2,4708,2,0.32,まくり,0
260724,15,7,S0,1,4516,1,0.11,恵まれ,0
260724,15,7,S2,6,4337,6,0.10,恵まれ,0
260724,15,11,K0,6,4516,,,逃げ,0
260724,08,1,S1,3,5077,3,0.04,差し,0
260724,01,12,S0,4,4952,4,0.10,逃げ,0
260724,01,12,S0,5,4789,5,0.05,逃げ,0
260725,24,12,S1,2,4583,2,0.07,まくり差し,0
260725,15,1,F,3,4214,3,F0.02,逃げ,0
260725,14,10,K0,3,4261,,,逃げ,0
260725,14,12,F,1,3257,1,F0.02,恵まれ,0
260725,13,10,S1,4,4917,4,0.09,逃げ,0
260725,08,1,F,4,5388,4,F0.02,まくり,0
260725,08,12,S1,3,4644,3,0.09,逃げ,0
260725,06,2,F,1,4778,1,F0.04,恵まれ,0
260725,03,9,K1,5,5167,,,逃げ,0
260725,01,2,S0,4,4318,4,0.27,逃げ,0
260726,21,1,S1,3,4416,3,0.18,逃げ,0
260726,14,11,S1,3,5172,3,0.14,逃げ,0
260726,13,5,S2,1,4363,1,0.09,まくり,0
260726,13,5,S0,2,3572,2,0.17,まくり,0
260726,13,5,S0,4,3333,4,0.11,まくり,0
260726,13,11,K0,3,3572,,,逃げ,0
260726,04,5,F,1,4569,1,F0.01,恵まれ,0
260726,04,5,F,3,4845,3,F0.01,恵まれ,0
260726,03,10,S0,6,4907,6,0.12,まくり,0
260726,01,10,S0,5,5351,6,0.09,逃げ,0
260727,17,11,K0,2,3777,,,逃げ,0
260727,09,6,S1,6,5424,6,0.19,まくり差し,0
260727,06,4,S1,2,3503,2,0.18,逃げ,0
260727,04,3,S2,2,5203,2,0.19,差し,0
260727,04,3,S0,5,5287,5,0.12,差し,0
260727,04,9,K0,3,4878,,,まくり,0
260727,04,11,K0,6,5287,,,逃げ,0
260727,03,1,F,3,4395,3,F0.02,まくり差し,0
260728,24,6,F,4,5406,6,F0.01,まくり差し,0
260728,17,1,S2,2,3776,2,0.24,抜き,0
260728,17,1,S0,6,4191,6,0.13,抜き,0
260728,17,6,K1,5,3776,,,逃げ,0
260728,16,5,F,6,5444,6,F0.02,まくり,0
260728,16,10,S0,1,5010,1,0.05,抜き,0
260728,16,10,S1,4,5238,5,0.05,抜き,0
260728,11,2,S1,2,4205,2,0.15,逃げ,0
260728,04,3,S1,2,4225,2,0.14,まくり,0
260728,04,5,S1,6,4286,6,0.21,逃げ,0
260728,03,9,S0,4,5036,4,0.11,抜き,0
260728,03,12,F,1,4335,1,F0.01,差し,0
260729,20,2,S1,5,5412,5,0.17,抜き,0
260729,20,3,S0,4,4890,4,0.12,差し,0
260729,17,11,S1,4,4066,4,0.17,まくり差し,0
260729,10,3,F,1,3576,1,F0.01,差し,0
260729,10,5,S2,1,4974,1,0.25,差し,0
260729,10,5,S0,6,5316,6,0.09,差し,0
260729,04,4,F,2,4464,2,F0.01,差し,0
260729,04,9,S1,2,5251,2,0.22,まくり,0
260729,04,12,F,1,4123,1,F0.07,恵まれ,0
260729,04,12,F,2,4117,2,F0.04,恵まれ,0
260729,04,12,F,3,5231,3,F0.08,恵まれ,0
260730,22,3,S2,5,3904,5,0.28,逃げ,0
260730,22,3,S0,6,3567,6,0.30,逃げ,0
260730,22,8,K0,3,3567,,,逃げ,0
260730,22,9,S0,1,4402,1,0.32,まくり差し,0
260730,10,5,S0,5,4104,5,0.13,まくり,0
260730,04,7,S2,1,5362,1,0.15,恵まれ,0
260730,04,7,S0,4,4680,4,0.15,恵まれ,0
260731,24,7,K0,4,5247,,,まくり差し,0
260731,22,6,S0,3,4676,2,0.16,差し,0
260731,13,10,K1,1,3961,,,まくり,0
260731,10,3,S1,1,4210,1,0.16,まくり差し,0
260731,10,3,S0,5,3577,5,0.15,まくり差し,0
260731,08,4,S0,5,5288,5,0.20,まくり,0
260801,23,12,S0,3,3975,3,0.21,逃げ,0
260801,22,4,S1,4,4842,4,0.13,抜き,0
260801,22,12,S1,4,4676,4,0.14,逃げ,0
260801,18,11,S1,5,4928,5,0.17,差し,0
260801,13,1,S1,4,4449,6,0.24,差し,0
260801,11,2,S0,4,4886,4,0.16,逃げ,0
260801,11,7,S0,2,4205,2,0.09,逃げ,0
260801,11,7,K0,6,4547,,,逃げ,0
260802,16,10,S0,3,5328,4,0.13,逃げ,0
260802,16,10,S2,4,3265,2,0.12,逃げ,0
260802,16,12,F,1,4496,1,F0.02,まくり差し,0
260802,15,4,F,6,5088,6,F0.03,恵まれ,0
260802,08,2,S1,3,5279,3,0.08,まくり,0
260802,06,9,S0,1,3541,1,0.11,まくり,0
260802,05,11,S1,4,5434,5,0.16,逃げ,0
260802,01,3,S0,4,5003,4,0.15,逃げ,0
260803,13,9,S0,3,5386,3,0.22,抜き,0
260803,08,3,S1,4,5300,4,0.15,逃げ,0
260803,08,10,F,1,5228,1,F0.02,恵まれ,0
260804,19,12,F,4,5120,4,F0.01,恵まれ,0
260804,19,12,F,5,5191,5,F0.01,恵まれ,0
260804,19,12,F,6,4346,6,F0.03,恵まれ,0
260804,17,1,F,1,4230,1,F0.03,恵まれ,0
260804,17,7,S1,6,5435,6,0.18,まくり,0
260804,13,1,S1,6,5386,5,0.06,差し,0
260804,12,10,K0,5,4052,,,まくり,0
260804,08,1,S1,5,5308,5,0.18,差し,0
260804,04,2,F,6,4898,6,F0.07,まくり,0
260804,04,9,K1,6,3833,,,逃げ,0
260804,01,1,S1,4,4275,4,0.26,逃げ,0
260805,17,11,K0,6,4470,,,逃げ,0
260805,14,5,F,5,4374,5,F0.01,逃げ,0
260805,10,10,K0,1,3868,,,差し,0
260805,05,8,F,6,5434,6,F0.01,まくり,0
260806,19,11,S0,1,3499,1,0.25,恵まれ,0
260806,19,11,S2,2,3737,2,0.23,恵まれ,0
260806,18,1,S0,2,3900,2,0.12,逃げ,0
260806,12,4,S2,2,3976,2,0.25,差し,0
260806,12,4,S0,4,4944,3,0.20,差し,0
260806,09,7,F,3,3715,3,F0.02,恵まれ,0
260806,09,7,F,6,4797,6,F0.01,恵まれ,0
260806,04,12,K0,4,4978,,,逃げ,0
260807,24,1,F,1,4966,1,F0.11,ﾚｰｽﾀｲﾑ,1
260807,24,1,F,2,4213,4,F0.06,ﾚｰｽﾀｲﾑ,1
260807,24,1,F,3,5086,2,F0.07,ﾚｰｽﾀｲﾑ,1
260807,24,1,F,4,4498,3,F0.13,ﾚｰｽﾀｲﾑ,1
260807,24,1,F,5,5443,6,F0.06,ﾚｰｽﾀｲﾑ,1
260807,24,1,F,6,4705,5,F0.01,ﾚｰｽﾀｲﾑ,1
260807,20,1,F,1,5351,1,F0.01,恵まれ,0
260807,20,1,F,2,5102,2,F0.01,恵まれ,0
260807,20,1,F,3,5398,3,F0.01,恵まれ,0
260807,20,9,K0,3,4522,,,差し,0
260807,20,12,K1,1,3257,,,まくり,0
260807,19,6,S0,3,4485,3,0.12,恵まれ,0
260807,19,6,S2,6,4702,6,0.09,恵まれ,0
260807,18,8,S1,4,4313,4,0.15,逃げ,0
260807,02,6,L1,3,5304,3,L1.04,逃げ,0
260808,18,8,S1,2,5155,2,0.09,逃げ,0
260808,17,4,S1,5,3455,5,0.65,逃げ,0
260808,16,9,S1,3,4054,3,0.10,逃げ,0
260808,10,4,S1,6,4495,6,0.13,逃げ,0
260808,04,12,S1,4,4939,4,0.09,逃げ,0
260808,02,6,S0,2,3642,2,0.05,まくり,0
260808,02,8,01,5,5036,5,0.05,恵まれ,1
260808,02,8,02,6,4111,6,0.03,恵まれ,1
260808,02,8,F,1,5077,1,F0.07,恵まれ,1
260808,02,8,F,2,3939,2,F0.03,恵まれ,1
260808,02,8,F,3,4292,4,F0.08,恵まれ,1
260808,02,8,F,4,4405,3,F0.02,恵まれ,1
260808,02,9,S1,2,4511,2,0.11,逃げ,0
260809,24,2,S0,3,4299,3,0.06,逃げ,0
260809,24,7,K0,5,4299,,,逃げ,0
260809,23,7,F,6,4718,6,F0.01,差し,0
260809,18,9,S1,3,4994,3,0.19,抜き,0
260809,16,3,S1,3,3787,5,0.08,まくり,0
260809,16,4,S1,4,4533,4,0.19,逃げ,0
260809,14,1,S1,2,4708,2,0.24,逃げ,0
260809,14,6,S0,4,5343,4,0.07,まくり差し,0
260809,10,6,S1,3,5350,3,0.19,逃げ,0
260809,03,5,S0,5,3517,5,0.14,まくり,0
260810,24,5,S0,6,5443,6,0.18,逃げ,0
260810,15,6,F,2,4041,3,F0.01,逃げ,0
260810,03,3,S1,4,5433,4,0.11,まくり,0
260810,03,12,S1,3,5096,3,0.15,逃げ,0
260811,23,3,S0,2,3752,2,0.19,逃げ,0
260811,23,5,F,2,5142,2,F0.01,差し,0
260811,19,6,S1,4,4425,4,0.08,まくり差し,0
260811,18,1,S1,5,4590,5,0.14,逃げ,0
260811,08,1,S1,2,4979,3,0.14,逃げ,0
260811,06,10,F,1,3987,1,F0.02,恵まれ,0
260811,06,10,F,2,4124,2,F0.01,恵まれ,0
260811,05,6,S0,1,5293,1,0.21,まくり,0
260811,04,1,S1,4,5436,5,0.25,まくり,0
260811,04,5,S0,4,3859,4,0.04,逃げ,0
260811,01,10,S0,2,3659,2,0.16,逃げ,0
260812,23,12,S0,4,4445,4,0.23,差し,0
260812,20,7,S0,5,4729,6,0.16,逃げ,0
260812,19,7,K0,3,4425,,,逃げ,0
260812,16,2,S1,3,4558,3,0.13,逃げ,0
260812,16,4,S0,5,3822,4,0.07,まくり差し,0
260812,16,7,K1,4,4558,,,逃げ,0
260812,16,8,S2,1,5058,1,0.03,まくり差し,0
260812,16,8,S0,2,4323,2,0.04,まくり差し,0
260812,13,8,S1,5,5247,4,0.12,まくり差し,0
260812,08,8,S0,2,4630,2,0.16,まくり,0
260812,04,3,K0,2,3859,,,差し,0
260812,04,6,F,5,5449,6,F0.01,差し,0
260812,03,5,F,3,5371,3,F0.01,恵まれ,0
260812,03,5,F,4,4345,4,F0.04,恵まれ,0
260812,03,5,F,5,4095,5,F0.03,恵まれ,0
260812,03,6,F,1,3888,1,F0.01,恵まれ,0
260812,02,6,K0,6,4444,,,差し,0
260812,02,12,K0,3,4444,,,逃げ,0
260812,02,12,S0,4,4547,3,0.11,逃げ,0
260812,01,4,S1,5,5090,5,0.10,逃げ,0
260812,01,5,F,4,5150,4,F0.03,恵まれ,0
260813,23,8,S0,2,5307,2,0.04,差し,0
260813,22,5,S0,2,4566,2,0.12,逃げ,0
260813,22,5,S2,3,4451,3,0.08,逃げ,0
260813,22,11,K0,1,4566,,,抜き,0
260813,16,4,F,3,5181,3,F0.01,抜き,0
260813,07,10,S1,3,4903,3,0.15,まくり,0
260813,04,1,F,1,5135,1,F0.02,恵まれ,0
260813,04,2,S1,5,5292,5,0.23,まくり差し,0
260813,03,1,S1,3,3105,3,0.14,まくり差し,0
260813,03,5,K1,2,3105,,,差し,0
260813,03,10,S0,5,5095,5,0.13,まくり,0
260813,02,12,S0,5,3075,5,0.14,逃げ,0
260813,01,11,K0,1,3532,,,抜き,0
260814,21,5,S0,3,5210,3,0.09,恵まれ,0
260814,21,5,S2,4,4513,4,0.09,恵まれ,0
260814,21,10,K0,6,5210,,,差し,0
260814,19,9,S1,4,4871,4,0.20,逃げ,0
260814,19,11,F,4,4009,4,F0.01,抜き,0
260814,17,6,S1,3,4873,3,0.16,逃げ,0
260814,17,9,K0,4,4675,,,まくり,0
260814,13,3,S1,2,4857,2,0.10,逃げ,0
260814,13,11,S0,6,4857,6,0.21,逃げ,0
260814,13,12,S1,6,5329,6,0.22,逃げ,0
260814,12,2,F,1,4631,1,F0.01,まくり差し,0
260814,12,2,F,6,4561,5,F0.01,まくり差し,0
260814,07,7,S1,6,5321,6,0.10,まくり,0
260814,06,8,F,3,3990,3,F0.01,逃げ,0
260814,06,11,S0,2,4058,3,0.22,まくり,0
260814,04,1,S1,2,4895,2,0.21,まくり差し,0
260814,04,8,F,2,3353,2,F0.03,逃げ,0
260814,03,12,S1,2,5279,2,0.27,まくり差し,0
260814,02,2,S0,5,4144,5,0.09,抜き,0
260814,02,2,S2,6,4532,6,0.17,抜き,0
260814,02,11,K0,6,4144,,,逃げ,0
260815,24,7,S1,5,5117,5,0.16,逃げ,0
260815,24,10,S2,2,3993,2,0.22,逃げ,0
260815,24,10,S0,3,5254,3,0.24,逃げ,0
260815,22,7,S1,5,5337,6,0.16,逃げ,0
260815,22,11,S0,5,4957,5,0.14,逃げ,0
260815,22,11,S1,6,5160,6,0.18,逃げ,0
260815,18,8,F,5,4052,4,F0.01,まくり,0
260815,12,3,S1,6,5467,6,0.14,逃げ,0
260815,12,5,S2,3,5302,3,0.26,逃げ,0
260815,12,5,S0,5,5376,5,0.21,逃げ,0
260815,11,8,S0,6,3951,6,0.11,逃げ,0
260815,11,9,S1,3,4677,3,0.15,逃げ,0
260815,11,11,K0,5,4119,,,まくり差し,0
260815,10,5,F,1,4415,1,F0.03,恵まれ,0
260815,09,6,S0,2,3918,2,0.16,まくり差し,0
260815,09,6,S0,3,4962,3,0.14,まくり差し,0
260815,08,10,F,1,5082,1,F0.02,差し,0
260815,07,2,S1,6,5321,6,0.22,差し,0
260815,06,7,K1,3,3956,,,抜き,0
260815,06,10,S1,5,5248,5,0.10,逃げ,0
260815,01,12,F,5,4766,5,F0.01,恵まれ,0
260816,24,12,S1,6,5360,6,0.11,差し,0
260816,19,2,F,6,5176,6,F0.01,逃げ,0
260816,11,3,S1,4,3965,4,0.09,まくり,0
260816,11,8,F,1,4218,1,F0.02,恵まれ,0
260816,10,8,F,1,5366,1,F0.01,恵まれ,0
260816,07,12,F,1,3946,1,F0.01,まくり差し,0
260816,05,2,F,1,5211,1,F0.05,恵まれ,0
260816,04,5,F,1,4488,1,F0.06,恵まれ,0
260816,04,5,F,2,4152,2,F0.01,恵まれ,0
260816,02,11,F,6,4836,6,F0.04,恵まれ,0
260816,02,12,S0,3,4953,3,0.13,まくり,0
260816,01,4,S1,3,4362,2,0.15,まくり差し,0
260817,24,2,S1,6,4065,6,0.27,逃げ,0
260817,22,1,S2,4,5271,4,0.21,まくり,0
260817,22,1,S0,5,5468,6,0.37,まくり,0
260817,22,1,S0,6,5240,5,0.25,まくり,0
260817,14,11,S1,4,4505,4,0.22,逃げ,0
260817,13,4,K0,1,5147,,,差し,0
260817,13,9,F,3,3572,3,F0.01,恵まれ,0
260817,13,11,K0,5,5147,,,逃げ,0
260817,12,3,F,6,5393,6,F0.01,まくり差し,0
260817,12,12,S1,6,4826,6,0.07,逃げ,0
260817,11,3,S1,5,5323,5,0.11,逃げ,0
260817,10,2,S1,4,5185,4,0.13,逃げ,0
260817,10,4,S1,1,4587,1,0.00,差し,0
260817,05,12,S1,2,3889,2,0.19,まくり,0
260818,20,3,S1,4,5348,5,0.13,逃げ,0
260818,20,6,S1,2,4651,2,0.18,逃げ,0
260818,18,8,F,1,3558,1,F0.04,恵まれ,0
260818,17,4,S2,1,4302,1,0.10,まくり差し,0
260818,17,4,S0,4,3054,4,0.07,まくり差し,0
260818,16,4,S0,1,4998,3,0.09,逃げ,0
260818,16,4,S2,6,4874,2,0.03,逃げ,0
260818,14,3,S0,5,4776,5,0.20,逃げ,0
260818,13,11,S1,2,5350,2,0.19,逃げ,0
260818,12,2,F,1,4834,1,F0.02,恵まれ,0
260818,12,7,S1,1,5289,3,0.11,まくり差し,0
260818,11,3,S1,2,5235,2,0.17,まくり,0
260818,09,12,F,1,4344,1,F0.02,恵まれ,0
260818,05,8,K1,1,4083,,,まくり,0
260819,18,3,F,1,5238,1,F0.01,恵まれ,0
260819,17,8,S0,3,3797,3,0.18,まくり,0
260819,10,4,F,1,4587,1,F0.01,恵まれ,0
260819,10,4,F,3,3455,3,F0.01,恵まれ,0
260820,24,2,F,1,3569,1,F0.01,差し,0
260820,24,2,F,2,4487,2,F0.01,差し,0
260820,24,5,F,2,4665,2,F0.01,まくり,0
260820,23,10,F,4,3459,4,F0.01,まくり,0
260820,20,9,K0,4,3361,,,差し,0
260820,19,4,F,1,3527,1,F0.02,恵まれ,0
260820,19,12,K0,3,4679,,,逃げ,0
260820,11,4,S1,6,5460,6,0.21,逃げ,0
260820,09,8,F,3,5183,6,F0.01,恵まれ,0
260821,23,2,S1,1,4148,1,0.18,まくり,0
260821,23,6,F,5,4723,6,F0.09,逃げ,0
260821,21,7,S1,1,3224,1,0.19,まくり,0
260821,21,7,S0,3,5394,3,0.17,まくり,0
260821,21,10,S1,6,3681,5,0.16,まくり,0
260821,16,2,S0,5,4714,5,0.22,まくり差し,0
260821,15,8,F,1,5241,1,F0.02,恵まれ,0
260821,13,2,S1,2,5011,2,0.31,逃げ,0
260821,13,3,S1,4,3964,4,0.25,差し,0
260821,13,3,S0,6,5350,6,0.17,差し,0
260821,06,3,S1,2,5026,2,0.36,抜き,0
260821,03,5,S0,4,5290,4,0.13,まくり差し,0
260821,03,9,K0,2,5290,,,逃げ,0
260821,02,8,S0,6,4457,6,0.11,まくり,0
260821,02,10,K0,1,4379,,,逃げ,0
260822,24,10,S1,2,4697,2,0.11,逃げ,0
260822,24,12,S1,5,4363,5,0.18,逃げ,0
260822,21,8,S1,4,5384,5,0.19,まくり,0
260822,19,1,K0,4,5077,,,逃げ,0
260822,19,4,S1,2,5054,2,0.03,差し,0
260822,19,10,K0,6,5077,,,逃げ,0
260822,16,4,F,6,4190,6,F0.02,逃げ,0
260822,16,11,F,2,4536,2,F0.01,逃げ,0
260822,16,11,F,3,4994,3,F0.01,逃げ,0
260822,06,10,S0,1,4608,1,0.13,まくり差し,0
260822,06,10,S0,6,5269,3,0.08,まくり差し,0
260822,04,3,F,1,4533,1,F0.02,恵まれ,0
260822,04,3,F,3,5245,3,F0.01,恵まれ,0
260822,02,10,S1,1,4215,1,0.18,差し,0
260823,24,4,S0,2,3315,2,0.09,抜き,0
260823,24,8,K0,2,4143,,,差し,0
260823,24,10,K0,6,3315,,,差し,0
260823,23,5,S0,2,4952,2,0.20,まくり差し,0
260823,23,12,S0,1,4762,1,0.15,差し,0
260823,22,8,F,1,4486,1,F0.04,恵まれ,0
260823,22,8,F,2,4786,2,F0.03,恵まれ,0
260823,22,12,K0,3,4086,,,逃げ,0
260823,18,2,S0,5,4036,5,0.03,まくり,0
260823,18,9,K0,2,4036,,,まくり差し,0
260823,16,2,F,3,5317,3,F0.02,恵まれ,0
260823,16,7,S0,6,4536,6,0.32,逃げ,0
260823,07,11,S1,5,5076,5,0.15,差し,0
260823,07,12,S0,2,4054,2,0.29,まくり,0
260823,06,9,F,5,3825,5,F0.03,恵まれ,0
260823,04,5,F,1,4252,1,F0.03,差し,0
260823,03,6,S1,4,5048,4,0.14,逃げ,0
260823,03,9,F,2,4895,2,F0.01,逃げ,0
260823,02,1,F,4,5098,4,F0.02,まくり,0
260823,02,1,F,5,5374,5,F0.06,まくり,0
260823,02,6,F,4,4551,4,F0.01,まくり,0
260823,02,11,S0,5,4472,5,0.14,逃げ,0
260823,02,12,F,4,4942,5,F0.02,恵まれ,0
260824,20,9,S0,1,4550,1,0.16,まくり差し,0
260824,19,6,S1,1,3945,1,0.10,差し,0
260824,13,9,F,3,5004,3,F0.02,逃げ,0
260824,10,6,S0,2,4244,2,0.03,差し,0
260824,10,10,S1,5,5320,5,0.13,逃げ,0
260824,10,11,S1,6,5155,6,0.11,まくり差し,0
260824,06,5,F,2,3930,2,F0.04,逃げ,0
260824,03,7,F,4,5101,4,F0.07,逃げ,0
260824,03,7,F,5,4129,5,F0.01,逃げ,0
260825,20,5,S0,4,3885,4,0.12,逃げ,0
260825,20,5,S0,5,4731,5,0.12,逃げ,0
260825,20,5,S2,6,5328,6,0.12,逃げ,0
260825,20,10,K0,6,3885,,,逃げ,0
260825,18,5,S0,1,3539,1,0.19,まくり,0
260825,18,7,S1,5,4302,4,0.09,逃げ,0
260825,18,7,K0,6,3869,,,逃げ,0
260825,15,3,S0,2,5093,2,0.23,逃げ,0
260825,15,3,S2,5,3684,5,0.15,逃げ,0
260825,15,8,S0,2,3679,2,0.11,まくり,0
260825,15,8,S2,4,5289,4,0.18,まくり,0
260825,09,2,S0,4,4045,4,0.13,逃げ,0
260825,08,9,F,1,5023,1,F0.01,恵まれ,0
260825,08,9,F,2,4852,2,F0.02,恵まれ,0
260825,08,9,F,4,5109,4,F0.01,恵まれ,0
260825,06,7,S2,2,5263,2,0.18,まくり差し,0
260825,06,7,S0,3,4133,4,0.23,まくり差し,0
260825,06,9,S0,1,4199,1,0.22,差し,0
260825,06,11,K0,5,4133,,,逃げ,0
260825,03,7,K1,2,5252,,,逃げ,0
260826,22,11,S1,2,3475,2,0.12,まくり,0
260826,17,4,S0,1,4460,1,0.31,まくり,0
260826,17,4,S2,5,5434,5,0.25,まくり,0
260826,13,3,S0,4,4411,3,0.31,まくり,0
260826,13,7,F,4,3866,4,F0.03,差し,0
260826,13,8,K0,1,4411,,,まくり,0
260826,13,9,S1,5,4804,5,0.24,逃げ,0
260826,10,4,S1,6,4990,6,0.13,差し,0
260826,10,10,S1,2,4627,2,0.09,抜き,0
260826,06,2,S0,5,5315,5,0.13,逃げ,0
260826,03,7,F,1,4475,1,F0.01,恵まれ,0
260826,03,8,S0,4,5259,4,0.31,まくり差し,0
260826,01,3,S1,5,4851,6,0.11,逃げ,0
260827,18,6,S0,1,4887,1,0.18,差し,0
260827,18,10,K0,6,4887,,,差し,0
260827,15,9,K0,4,3873,,,逃げ,0
260827,13,2,S1,1,4619,5,0.05,まくり,0
260827,11,1,F,3,3212,3,F0.11,恵まれ,0
260827,11,1,F,4,4520,4,F0.01,恵まれ,0
260827,11,1,F,5,3156,5,F0.01,恵まれ,0
260827,09,12,F,1,4450,1,F0.02,恵まれ,0
260827,09,12,F,3,5291,3,F0.02,恵まれ,0
260827,08,3,S1,2,4374,2,0.17,逃げ,0
260827,04,5,S0,1,4909,1,0.08,差し,0
260827,04,5,S1,2,4207,2,0.09,差し,0
260828,17,7,S1,5,5373,5,0.14,まくり差し,0
260828,14,1,S0,6,4390,6,0.20,抜き,0
260828,13,9,F,3,4804,3,F0.01,逃げ,0
260828,13,9,F,4,4640,4,F0.01,逃げ,0
260828,10,11,S0,5,4123,5,0.16,逃げ,0
260828,09,11,F,4,4978,4,F0.02,まくり差し,0
260828,07,2,S1,6,5339,6,0.21,まくり差し,0
260828,04,5,F,3,3557,3,F0.02,恵まれ,0
260828,01,4,S1,5,3897,5,0.03,逃げ,0
260829,23,10,S2,1,4469,1,0.35,差し,0
260829,23,10,S0,2,4529,2,0.18,差し,0
260829,17,9,K0,5,4138,,,差し,0
260829,14,8,S1,1,5282,1,0.07,差し,0
260829,14,12,S1,6,4298,6,0.12,逃げ,0
260829,10,3,S0,4,4941,4,0.28,逃げ,0
260829,10,12,F,1,4901,1,F0.06,恵まれ,0
260829,09,12,S1,5,5144,5,0.08,逃げ,0
260829,07,1,S2,1,4724,1,0.12,まくり,0
260829,07,1,S0,2,4002,2,0.12,まくり,0
260829,07,1,S0,4,3297,4,0.21,まくり,0
260829,07,6,K1,5,4724,,,逃げ,0
260829,07,8,F,5,5404,5,F0.03,まくり差し,0
260830,23,7,S0,1,4146,1,0.26,まくり,0
260830,23,7,S2,5,2878,4,0.11,まくり,0
260830,23,7,S0,6,4703,5,0.13,まくり,0
260830,23,11,K0,6,4146,,,逃げ,0
260830,19,10,K0,1,4364,,,逃げ,0
260830,17,12,S1,4,5243,4,0.09,逃げ,0
260830,16,11,S0,1,4174,1,0.20,差し,0
260830,16,11,S2,5,5352,5,0.15,差し,0
260830,09,9,F,4,5325,4,F0.04,恵まれ,0
260830,08,5,S1,6,3822,6,0.09,逃げ,0
260830,07,5,F,3,5042,4,F0.02,恵まれ,0
260830,07,5,F,6,3777,5,F0.01,恵まれ,0
260830,05,1,S0,5,4345,5,0.19,逃げ,0
260830,05,8,K0,1,4345,,,まくり,0
260830,05,9,S1,5,4631,5,0.06,まくり,0
260830,05,10,K0,2,4769,,,逃げ,0
260831,23,4,F,6,5442,6,F0.04,逃げ,0
260831,18,2,S0,5,5127,5,0.19,逃げ,0
260831,18,5,S1,6,4951,6,0.15,まくり差し,0
260831,06,6,S0,3,4994,3,0.18,差し,0
260831,05,3,K0,2,4702,,,まくり差し,0
260831,05,5,S0,1,4692,1,0.18,抜き,0
260831,05,7,K0,1,4702,,,差し,0
260901,24,6,S1,4,4348,4,0.14,逃げ,0
260901,21,6,F,5,4015,5,F0.01,差し,0
260901,21,6,F,6,4890,6,F0.09,差し,0
260901,19,6,K0,3,4404,,,差し,0
260901,16,8,S2,2,4950,2,0.11,まくり,0
260901,16,8,S0,6,4624,6,0.07,まくり,0
260901,13,2,S1,4,4413,4,0.20,逃げ,0
260901,12,10,S0,5,4508,5,0.19,逃げ,0
260901,06,7,F,2,4313,2,F0.02,逃げ,0
260901,06,7,F,3,4225,3,F0.01,逃げ,0
260901,05,11,S0,3,4973,3,0.17,逃げ,0
260901,05,11,S0,6,3805,6,0.18,逃げ,0
260902,24,1,S1,3,5245,3,0.11,逃げ,0
260902,24,4,S1,4,5242,4,0.01,逃げ,0
260902,24,11,K0,6,4553,,,逃げ,0
260902,24,12,S1,5,5220,5,0.16,逃げ,0
260902,19,5,F,6,5391,6,F0.01,抜き,0
260902,18,8,S1,4,5104,4,0.25,抜き,0
260902,17,9,S1,4,5283,5,0.18,逃げ,0
260902,13,8,S1,2,4618,2,0.15,まくり,0
260902,12,5,S1,1,4171,1,0.18,差し,0
260902,12,11,S1,5,3436,5,0.13,逃げ,0
260902,08,8,S0,1,4467,1,0.17,恵まれ,0
260902,06,2,S1,3,5146,3,0.23,まくり,0
260902,05,5,S0,5,4649,5,0.13,まくり,0
260902,05,7,S0,3,4113,3,0.12,まくり,0
260903,24,1,S1,5,5086,5,0.21,まくり,0
260903,22,3,F,5,5190,5,F0.01,逃げ,0
260903,22,3,F,6,5426,6,F0.02,逃げ,0
260903,18,3,K0,2,5104,,,逃げ,0
260903,13,8,S0,5,4245,5,0.10,差し,0
260903,13,12,F,4,5232,4,F0.02,逃げ,0
260903,12,2,F,5,5360,4,F0.01,差し,0
260903,10,7,S1,3,4552,3,0.08,抜き,0
260903,06,6,S0,2,3778,2,0.18,逃げ,0
260903,06,10,F,4,4011,4,F0.02,逃げ,0
260904,22,1,S0,1,3928,1,0.22,まくり,0
260904,22,1,S2,6,5426,6,0.20,まくり,0
260904,22,10,S1,6,5054,6,0.19,逃げ,0
260904,17,8,F,1,3327,1,F0.02,恵まれ,0
260904,17,8,F,3,3542,2,F0.04,恵まれ,0
260904,13,2,K1,2,5394,,,逃げ,0
260904,11,2,S1,6,5271,5,0.29,逃げ,0
260904,11,9,01,4,5222,4,0.04,恵まれ,1
260904,11,9,02,5,5179,5,0.03,恵まれ,1
260904,11,9,F,1,5210,1,F0.06,恵まれ,1
260904,11,9,F,2,5010,2,F0.05,恵まれ,1
260904,11,9,F,3,5377,3,F0.02,恵まれ,1
260904,11,9,F,6,5247,6,F0.02,恵まれ,1
260904,10,7,S1,5,3959,4,0.16,まくり差し,0
260904,10,7,K1,6,5470,,,まくり差し,0
260904,09,6,F,4,5256,4,F0.04,逃げ,0
260904,09,6,F,5,4739,5,F0.04,逃げ,0
260904,06,1,S1,3,3801,3,0.17,差し,0
260904,02,2,F,6,3532,5,F0.02,まくり差し,0
260904,02,7,F,2,5288,2,F0.01,逃げ,0
260904,02,7,F,3,5398,3,F0.03,逃げ,0
260904,02,7,F,5,5364,5,F0.02,逃げ,0
260905,17,4,K1,5,3994,,,差し,0
260905,17,9,K0,3,4635,,,逃げ,0
260905,11,4,F,1,5273,1,F0.01,恵まれ,0
260905,09,7,S0,6,4831,6,0.13,まくり差し,0
260905,04,6,S1,5,5310,5,0.09,逃げ,0
260905,04,7,S0,1,5165,1,0.27,まくり,0
260905,04,7,S0,2,4781,2,0.21,まくり,0
260905,03,5,F,1,3839,1,F0.01,まくり,0
260905,03,8,F,1,3685,1,F0.03,恵まれ,0
260905,03,8,F,2,4583,2,F0.01,恵まれ,0
260905,02,7,S0,2,4103,2,0.23,恵まれ,0
260905,02,7,S0,3,4995,3,0.20,恵まれ,0
260905,02,7,S2,4,4138,4,0.11,恵まれ,0
260906,14,1,F,4,4965,4,F0.07,逃げ,0
260906,14,1,F,5,5390,5,F0.03,逃げ,0
260906,14,11,S0,1,4680,1,0.23,抜き,0
260906,11,6,S1,3,5246,3,0.13,逃げ,0
260906,09,6,F,2,4344,2,F0.01,逃げ,0
260906,09,6,F,3,4361,3,F0.02,逃げ,0
260906,07,10,S0,1,4682,1,0.13,まくり差し,0
260906,07,10,S0,2,3679,2,0.13,まくり差し,0
260906,07,10,S2,5,3876,5,0.14,まくり差し,0
260906,04,11,F,3,5201,4,F0.04,まくり差し,0
260906,04,11,F,4,4874,3,F0.01,まくり差し,0
260906,03,6,S0,1,4623,1,0.21,まくり,0
260906,03,6,S1,4,3557,4,0.23,まくり,0
260906,03,7,S1,5,5002,5,0.24,差し,0
260906,03,12,S1,2,5087,2,0.14,まくり,0
260906,03,12,K1,6,5002,,,まくり,0
260906,02,1,S0,5,5364,5,0.20,まくり,0
260906,02,5,F,1,4403,1,F0.02,まくり,0
260906,01,3,S1,5,5070,5,0.20,抜き,0
260907,24,6,S2,2,4504,2,0.16,逃げ,0
260907,24,6,S0,6,4262,6,0.14,逃げ,0
260907,24,10,F,2,4497,2,F0.01,逃げ,0
260907,14,5,S1,1,5342,1,0.20,まくり,0
260907,10,3,S1,3,3959,3,0.21,逃げ,0
260907,04,1,F,4,4854,4,F0.01,恵まれ,0
260907,04,2,S1,6,5454,6,0.16,まくり,0
260907,04,10,S1,5,5264,5,0.11,差し,0
260907,01,3,S1,2,3852,2,0.18,まくり,0
260907,01,7,S0,3,4877,3,0.11,まくり差し,0
260907,01,8,S1,3,5107,3,0.13,逃げ,0
260908,16,4,F,6,5423,6,F0.03,まくり差し,0
260908,14,5,F,4,4071,4,F0.04,抜き,0
260908,13,8,K0,5,3736,,,逃げ,0
260908,10,3,S2,2,4511,2,0.13,まくり差し,0
260908,10,3,S0,4,5037,4,0.11,まくり差し,0
260908,10,8,S1,5,4879,5,0.14,逃げ,0
260908,03,4,F,3,3931,3,F0.01,逃げ,0
260908,03,7,S1,3,5053,3,0.06,逃げ,0
260908,03,10,S0,3,4189,3,0.14,まくり,0
260908,01,10,F,2,5344,2,F0.02,逃げ,0
260909,24,9,S0,5,4908,5,0.21,逃げ,0
260909,24,9,S1,6,5058,6,0.22,逃げ,0
260909,21,12,F,2,3473,2,F0.01,逃げ,0
260909,20,6,S1,4,3880,4,0.11,差し,0
260909,17,2,S1,3,5236,3,0.11,逃げ,0
260909,17,11,S1,6,4839,6,0.16,まくり差し,0
260909,16,6,S1,1,5063,1,0.33,まくり,0
260909,16,11,S1,5,4359,5,0.17,逃げ,0
260909,04,2,S0,1,5320,1,0.15,差し,0
260909,01,9,S0,5,3681,6,0.20,まくり差し,0
260910,24,7,F,5,3719,5,F0.01,逃げ,0
260910,20,2,S1,4,4043,4,0.12,逃げ,0
260910,05,12,S0,4,3635,4,0.06,恵まれ,0
260910,05,12,S0,5,4055,5,0.04,恵まれ,0
260910,05,12,F,6,3965,6,F0.01,恵まれ,0
260911,24,6,F,1,5224,1,F0.01,恵まれ,0
260911,20,1,S0,5,4274,5,0.20,差し,0
260911,20,1,S2,6,5373,6,0.21,差し,0
260911,20,3,S0,2,4396,2,0.03,逃げ,0
260911,20,12,K0,4,4274,,,逃げ,0
260911,17,1,S0,4,4969,4,0.28,まくり,0
260911,13,8,F,1,3548,1,F0.02,恵まれ,0
260911,13,8,F,3,4750,3,F0.01,恵まれ,0
260911,13,9,S1,6,3975,6,0.03,逃げ,0
260911,06,4,F,1,3811,1,F0.04,恵まれ,0
260911,03,11,S1,5,5279,5,0.04,逃げ,0
260912,24,2,S1,1,4084,1,0.16,恵まれ,0
260912,18,1,S0,3,4772,3,0.12,逃げ,0
260912,18,1,S0,5,5084,5,0.16,逃げ,0
260912,18,1,S2,6,5112,6,0.18,逃げ,0
260912,18,7,S2,3,4736,3,0.13,差し,0
260912,18,7,S0,4,3942,4,0.11,差し,0
260912,16,8,S1,5,5338,5,0.11,逃げ,0
260912,16,9,F,2,5286,3,F0.01,差し,0
260912,10,12,S1,5,5034,5,0.09,逃げ,0
260912,08,10,F,6,5357,6,F0.09,逃げ,0
260912,05,8,S1,5,2538,4,0.17,逃げ,0
260912,02,1,S0,4,4865,4,0.09,まくり差し,0
260912,02,5,K0,2,4865,,,まくり,0
260913,21,1,S1,6,5082,5,0.22,逃げ,0
260913,21,3,K0,2,4594,,,逃げ,0
260913,21,5,S1,2,4675,2,0.08,逃げ,0
260913,21,7,K0,5,4594,,,まくり,0
260913,18,7,F,5,5017,5,F0.02,まくり,0
260913,17,3,S0,2,4637,2,0.12,まくり,0
260913,17,3,S2,6,5452,6,0.07,まくり,0
260913,17,8,K0,5,4637,,,逃げ,0
260913,12,2,S1,4,3955,4,0.31,差し,0
260913,12,7,K1,1,3955,,,まくり,0
260913,11,1,S0,3,4747,3,0.23,まくり,0
260913,10,6,S1,5,4842,5,0.12,抜き,0
260913,08,7,F,1,4765,1,F0.01,恵まれ,0
260913,08,9,S0,6,5296,6,0.15,逃げ,0
260913,06,2,S0,5,5369,6,0.40,逃げ,0
260913,05,3,F,2,4619,6,F0.02,恵まれ,0
260914,20,2,S1,1,5033,1,0.22,まくり差し,0
260914,08,8,K0,3,5340,,,逃げ,0
260914,08,12,K0,6,5340,,,まくり,0
260914,07,1,S1,4,5288,4,0.16,まくり,0
260914,07,1,S0,6,5258,6,0.28,まくり,0
260914,07,9,S1,3,5308,3,0.17,逃げ,0
260914,06,6,F,1,4369,1,F0.11,ﾚｰｽﾀｲﾑ,1
260914,06,6,F,2,3516,2,F0.09,ﾚｰｽﾀｲﾑ,1
260914,06,6,F,3,4639,3,F0.03,ﾚｰｽﾀｲﾑ,1
260914,06,6,00,4,4899,4,0.02,ﾚｰｽﾀｲﾑ,1
260914,06,6,F,5,4434,5,F0.03,ﾚｰｽﾀｲﾑ,1
260914,06,6,F,6,4967,6,F0.01,ﾚｰｽﾀｲﾑ,1
260914,02,12,S1,2,4762,2,0.01,逃げ,0
260915,20,1,F,1,4891,2,F0.03,恵まれ,0
260915,20,8,S0,1,4600,1,0.15,まくり差し,0
260915,20,11,K0,2,4600,,,逃げ,0
260915,19,3,F,1,4054,1,F0.03,恵まれ,0
260915,14,9,S0,5,4142,5,0.11,まくり差し,0
260915,14,10,S2,1,3508,1,0.07,差し,0
260915,14,10,S0,5,5403,5,0.14,差し,0
260915,11,4,S1,3,4821,3,0.17,逃げ,0
260915,10,6,S0,2,4930,2,0.15,抜き,0
260915,09,2,S0,4,3448,4,0.16,逃げ,0
260915,09,3,S0,5,4191,5,0.23,差し,0
260915,09,9,K0,4,4191,,,逃げ,0
260915,08,5,F,2,5078,2,F0.01,恵まれ,0
260915,07,2,S1,4,5411,4,0.27,まくり,0
260915,07,3,S1,2,5134,2,0.01,逃げ,0
260915,07,3,S0,3,5417,3,0.03,逃げ,0
260915,07,7,S1,5,5337,5,0.16,まくり,0
260915,07,7,K0,6,5417,,,まくり,0
260915,06,2,S0,2,5369,2,0.25,抜き,0
260915,04,2,S1,3,3800,3,0.07,逃げ,0
260915,04,3,K0,1,4104,,,抜き,0
260915,04,7,S1,4,4863,4,0.18,逃げ,0
260915,04,7,S0,6,3105,6,0.16,逃げ,0
260915,04,8,K0,2,4104,,,まくり,0
260916,23,7,S1,4,4683,4,0.12,まくり差し,0
260916,23,12,K1,1,4477,,,逃げ,0
260916,19,4,S1,6,5217,6,0.34,逃げ,0
260916,14,4,S1,6,5389,6,0.12,逃げ,0
260916,11,3,S0,2,4660,2,0.16,逃げ,0
260916,11,3,S0,3,4254,3,0.11,逃げ,0
260916,11,10,K0,5,4254,,,逃げ,0
260916,09,5,S1,4,4702,4,0.03,逃げ,0
260916,09,12,S1,4,5354,4,0.10,差し,0
260916,07,3,F,2,5128,2,F0.01,恵まれ,0
260916,07,8,F,5,5239,5,F0.01,まくり,0
260917,24,9,S1,3,4177,3,0.00,まくり,0
260917,23,1,F,3,3411,3,F0.02,逃げ,0
260917,23,1,F,5,5420,5,F0.01,逃げ,0
260917,23,11,S0,1,4640,1,0.21,まくり差し,0
260917,19,11,S2,4,5212,4,0.03,まくり差し,0
260917,19,11,S0,6,5227,6,0.09,まくり差し,0
260917,18,4,S1,6,5084,6,0.11,抜き,0
260917,15,11,S1,3,4133,3,0.13,逃げ,0
260917,14,4,S1,1,4748,1,0.12,まくり差し,0
260917,13,3,F,6,5456,6,F0.02,まくり差し,0
260917,13,7,S1,5,5421,5,0.11,差し,0
260917,13,10,S1,2,3874,2,0.13,逃げ,0
260917,07,9,S1,2,5275,2,0.16,まくり差し,0
260917,04,1,S0,2,3857,2,0.25,まくり差し,0
260917,04,1,S2,4,3107,4,0.12,まくり差し,0
260918,16,2,F,3,3458,3,F0.02,逃げ,0
260918,14,11,F,3,5289,3,F0.01,まくり差し,0
260918,13,3,S1,3,3535,3,0.25,逃げ,0
260918,12,7,S1,5,4306,5,0.17,差し,0
260918,11,11,F,1,5132,1,F0.02,恵まれ,0
260918,04,1,S1,6,5393,6,0.16,抜き,0
260918,04,2,S2,4,3432,4,0.10,逃げ,0
260918,04,2,S0,5,5022,5,0.13,逃げ,0
260918,03,3,K1,2,4861,,,逃げ,0
260918,03,9,K1,6,4861,,,逃げ,0
260918,02,6,S0,5,4298,5,0.14,まくり,0
260919,17,6,S1,3,4775,3,0.05,まくり差し,0
260919,17,11,K1,1,4775,,,差し,0
260919,16,2,S0,5,3911,5,0.07,抜き,0
260919,14,9,S1,2,5000,2,0.14,逃げ,0
260919,13,11,S1,2,5318,2,0.17,逃げ,0
260919,04,4,F,1,4880,1,F0.01,恵まれ,0
260919,04,5,S2,1,3904,1,0.17,まくり差し,0
260919,04,5,S0,3,4180,3,0.13,まくり差し,0
260919,03,6,S1,2,4543,2,0.09,抜き,0
260919,02,9,01,1,4365,1,0.01,逃げ,1
260919,02,9,02,2,4730,2,0.02,逃げ,1
260919,02,9,F,3,3928,3,F0.04,逃げ,1
260919,02,9,F,4,3489,4,F0.03,逃げ,1
260919,02,9,F,5,5461,6,F0.07,逃げ,1
260919,02,9,F,6,4488,5,F0.04,逃げ,1
260920,24,1,S0,2,5314,3,0.03,逃げ,0
260920,23,6,S0,4,5441,4,0.21,まくり,0
260920,15,10,F,1,4220,1,F0.06,恵まれ,0
260920,15,10,F,3,4468,3,F0.07,恵まれ,0
260920,15,10,F,5,4526,4,F0.02,恵まれ,0
260920,15,11,F,3,5067,3,F0.02,逃げ,0
260920,15,12,K0,5,3315,,,逃げ,0
260920,13,1,S2,4,4837,4,0.16,差し,0
260920,13,1,S0,5,3949,5,0.18,差し,0
260920,13,11,S1,6,3687,3,0.16,逃げ,0
260920,10,2,S1,4,5133,4,0.18,抜き,0
260920,06,4,S1,2,3517,2,0.17,逃げ,0
260920,03,10,S0,3,4370,3,0.16,まくり差し,0
260920,03,10,S0,6,5381,6,0.12,まくり差し,0
260920,01,2,S0,4,5213,4,0.11,まくり差し,0
260921,18,9,S1,3,4677,3,0.12,逃げ,0
260921,18,9,S0,5,4981,5,0.14,逃げ,0
260921,13,1,S1,6,5421,6,0.19,逃げ,0
260921,12,4,S1,1,5377,1,0.20,差し,0
260921,06,7,S1,4,4753,4,0.15,差し,0
260921,05,6,S1,2,4828,2,0.21,逃げ,0
260921,01,11,S0,6,5250,6,0.11,まくり差し,0
260922,18,8,F,5,5392,5,F0.03,逃げ,0
260922,18,8,F,6,4624,6,F0.02,逃げ,0
260922,17,10,S0,3,5189,3,0.05,逃げ,0
260922,16,1,F,1,4069,1,F0.01,恵まれ,0
260922,16,1,F,2,5284,2,F0.02,恵まれ,0
260922,10,9,K0,3,3811,,,逃げ,0
260922,06,7,S0,5,5007,5,0.16,まくり,0
260922,03,10,K0,5,3686,,,逃げ,0
260922,03,11,K0,5,3541,,,逃げ,0
260922,02,11,S1,1,4771,1,0.16,まくり差し,0
260922,01,5,F,6,3740,6,F0.03,まくり,0
260922,01,10,S1,6,5437,6,0.21,まくり,0
260923,22,8,S1,2,4449,2,0.07,まくり差し,0
260923,20,7,S1,2,5267,3,0.21,まくり,0
260923,20,9,S0,1,5298,1,0.24,まくり差し,0
260923,20,9,S2,6,5017,6,0.17,まくり差し,0
260923,18,7,S2,3,3684,3,0.09,逃げ,0
260923,18,7,S0,4,4700,4,0.12,逃げ,0
260923,17,1,S0,6,5442,6,0.15,逃げ,0
260923,17,5,S0,5,5442,6,0.21,まくり,0
260923,17,12,S0,6,4791,6,0.31,逃げ,0
260923,10,10,S1,5,4112,5,0.18,逃げ,0
260923,09,4,K0,1,4432,,,差し,0
260923,08,4,S1,2,4252,2,0.18,逃げ,0
260923,08,9,F,1,5268,1,F0.02,恵まれ,0
260923,03,7,S0,1,4093,1,0.23,抜き,0
260923,03,8,S0,1,4466,1,0.17,まくり,0
260923,03,8,S2,3,4664,3,0.17,まくり,0
260923,03,10,F,1,4509,1,F0.01,恵まれ,0
260923,01,4,S0,3,4627,3,0.21,まくり,0
260924,13,10,S1,6,4941,6,0.24,逃げ,0
260924,06,7,S1,3,5400,3,0.08,逃げ,0
260924,01,8,K0,3,4351,,,差し,0
260924,01,8,F,5,3654,4,F0.02,差し,0
260924,01,8,F,6,3659,5,F0.01,差し,0
260925,20,8,S0,2,5255,5,0.31,差し,0
260925,20,8,S2,5,4914,4,0.18,差し,0
260925,18,9,F,6,5460,6,F0.01,まくり差し,0
260925,13,3,S1,4,5216,4,0.11,差し,0
260925,10,8,S0,5,4210,5,0.18,逃げ,0
260925,09,6,F,3,4930,3,F0.04,恵まれ,0
260925,08,5,S1,2,4896,2,0.13,差し,0
260925,08,12,S1,2,4437,2,0.15,逃げ,0
260925,01,6,S0,3,5335,3,0.06,逃げ,0
260926,22,5,S1,3,4947,3,0.26,まくり,0
260926,22,10,F,1,5302,1,F0.01,恵まれ,0
260926,21,3,F,2,5227,2,F0.01,恵まれ,0
260926,18,8,F,1,4839,1,F0.02,恵まれ,0
260926,13,4,F,5,4156,5,F0.01,逃げ,0
260926,11,6,S0,5,4760,5,0.12,逃げ,0
260926,08,1,S1,3,4511,3,0.15,逃げ,0
260926,05,12,S1,4,3385,4,0.21,差し,0
260926,03,11,K1,5,4619,,,逃げ,0
260927,22,4,F,4,5180,4,F0.01,逃げ,0
260927,22,4,F,5,4623,5,F0.01,逃げ,0
260927,20,6,S0,2,5045,2,0.22,逃げ,0
260927,20,6,S2,5,4983,5,0.20,逃げ,0
260927,20,10,L0,4,4857,4,L1.14,抜き,0
260927,19,6,F,6,5435,6,F0.02,まくり差し,0
260927,14,7,S0,3,3874,3,0.12,まくり差し,0
260927,08,2,F,1,4407,1,F0.01,恵まれ,0
260927,03,8,S1,6,5235,6,0.21,まくり,0
260928,15,11,K0,4,4089,,,逃げ,0
260928,15,12,K1,4,4553,,,差し,0
260928,14,1,F,1,4133,1,F0.03,恵まれ,0
260928,09,7,S0,4,5186,4,0.12,差し,0
260928,04,6,S0,6,3826,6,0.11,まくり,0
260928,02,4,S1,3,4524,3,0.09,逃げ,0
260929,21,2,S1,3,4897,3,0.17,差し,0
260929,19,7,S1,3,4837,3,0.08,逃げ,0
260929,16,4,S1,3,4659,3,0.24,逃げ,0
260929,16,11,F,2,4537,2,F0.04,逃げ,0
260929,16,11,F,3,3941,3,F0.01,逃げ,0
260929,15,10,K0,5,4592,,,逃げ,0
260929,15,12,K0,5,4534,,,逃げ,0
260929,04,5,S1,6,3793,6,0.12,逃げ,0
260929,03,9,S1,2,4377,2,0.11,逃げ,0
260929,03,10,S1,6,5073,6,0.19,逃げ,0
260930,15,10,F,1,4715,1,F0.02,恵まれ,0
260930,06,10,S0,1,4363,1,0.20,まくり,0
260930,06,10,S0,3,3362,3,0.29,まくり,0
260930,04,4,F,1,3619,1,F0.02,恵まれ,0
260930,04,4,F,2,3616,2,F0.06,恵まれ,0
260930,04,4,F,3,3988,3,F0.03,恵まれ,0
260930,04,5,S1,1,3256,1,0.12,まくり差し,0
260930,03,7,S0,6,4748,6,0.08,逃げ,0
260930,02,5,S0,5,3857,5,0.10,逃げ,0
260930,02,12,F,1,4500,1,F0.02,恵まれ,0
261001,24,5,F,1,4384,1,F0.06,恵まれ,0
261001,23,7,F,1,3175,1,F0.02,差し,0
261001,22,12,S1,5,5016,5,0.24,逃げ,0
261001,19,12,S1,3,4804,3,0.15,逃げ,0
261001,16,5,S0,3,4444,3,0.29,抜き,0
261001,16,12,K0,1,4444,,,まくり,0
261001,15,9,S0,4,5359,4,0.13,逃げ,0
261001,15,9,S2,5,4754,5,0.10,逃げ,0
261001,13,10,S0,5,5218,5,0.19,逃げ,0
261001,12,3,F,6,5450,6,F0.02,差し,0
261001,07,8,S0,3,4835,3,0.13,逃げ,0
261001,07,12,K1,6,4877,,,逃げ,0
261001,03,12,F,4,5035,4,F0.01,恵まれ,0
261001,03,12,F,6,5219,6,F0.07,恵まれ,0
261002,24,9,K0,5,5446,,,逃げ,0
261002,23,8,S0,1,4253,1,0.05,差し,0
261002,22,9,S0,3,4406,3,0.13,逃げ,0
261002,19,6,F,3,5052,3,F0.01,逃げ,0
261002,18,9,S0,3,5154,3,0.11,差し,0
261002,16,3,F,1,4581,1,F0.01,抜き,0
261002,15,1,S0,2,5177,2,0.31,まくり差し,0
261002,15,1,S2,4,3977,4,0.14,まくり差し,0
261002,15,3,S1,5,5262,5,0.21,逃げ,0
261002,15,8,K0,5,5177,,,まくり差し,0
261002,14,2,F,6,3580,6,F0.01,逃げ,0
261002,13,7,F,1,5128,1,F0.01,恵まれ,0
261002,12,7,F,6,3432,6,F0.01,逃げ,0
261002,09,11,F,3,4215,3,F0.01,逃げ,0
261002,07,5,S1,2,4102,2,0.16,まくり差し,0
261002,07,5,S0,5,4643,5,0.07,まくり差し,0
261002,07,8,S0,6,4463,5,0.16,逃げ,0
261002,07,10,K0,6,4643,,,逃げ,0
261002,06,1,F,1,5140,1,F0.03,抜き,0
261002,06,1,F,4,5179,4,F0.01,抜き,0
261002,04,7,S1,3,3826,3,0.18,逃げ,0
261002,04,7,S0,6,3909,5,0.16,逃げ,0
261002,04,12,S1,4,4131,5,0.22,逃げ,0
260721,19,5,S1,3,4050,3,0.11,逃げ,0
260721,16,7,S1,3,5219,3,0.22,逃げ,0
260721,12,10,S1,2,5338,2,0.19,逃げ,0
260721,10,3,S1,5,4598,5,0.08,差し,0
260721,09,2,S2,3,5139,1,0.20,抜き,0
260721,09,2,S0,6,5220,6,0.10,抜き,0
260721,09,5,K1,3,5279,,,差し,0
260721,09,7,S1,6,5045,6,0.24,逃げ,0
260721,04,1,F,1,3809,1,F0.02,差し,0
260721,04,1,F,6,5304,6,F0.09,差し,0
261003,22,1,F,5,3784,5,F0.01,恵まれ,0
261003,22,12,F,4,4311,4,F0.03,恵まれ,0
261003,22,12,F,5,3459,6,F0.09,恵まれ,0
261003,22,12,F,6,4210,5,F0.11,恵まれ,0
261003,19,2,S1,2,5250,2,0.09,逃げ,0
261003,18,4,S2,2,5134,2,0.11,逃げ,0
261003,18,4,S0,4,5374,4,0.14,逃げ,0
261003,18,11,K0,2,5232,,,まくり,0
261003,16,10,F,2,4787,2,F0.01,抜き,0
261003,13,1,S1,3,4518,3,0.19,逃げ,0
261003,13,4,F,4,4546,4,F0.01,恵まれ,0
261003,13,4,F,5,5257,5,F0.02,恵まれ,0
261003,13,4,F,6,5264,6,F0.03,恵まれ,0
261003,12,2,S0,3,4944,3,0.06,逃げ,0
261003,12,2,S0,5,4314,5,0.07,逃げ,0
261003,12,2,S2,6,4697,6,0.14,逃げ,0
261003,09,7,F,3,4319,3,F0.02,まくり,0
261003,06,11,S1,6,5316,6,0.20,逃げ,0
