month,k_races,k_entries,k_parseFail,k_kimariteNot6,k_windMissing,k_c1Races,k_c1Win,k_c1UnknownRaces,k_c1StMissing,k_winRaceTimeMissing,k_nige,k_sashi,k_makuri,k_makurizashi,k_nuki,k_megumare,k_c1WinRateRaw,r_races,r_airMissing,r_waterMissing
201611,4262,25572,25559,0,0,4262,2235,0,0,0,2097,674,624,481,355,31,52.44,0,0,0
201612,4829,28974,28967,0,0,4829,2479,0,0,0,2336,803,722,529,409,30,51.34,0,0,0
201701,4752,28512,28492,0,0,4752,2363,0,0,0,2222,759,744,594,395,38,49.73,0,0,0
201702,4010,24060,24058,0,0,4010,2050,0,0,0,1936,570,649,488,330,37,51.12,0,0,0
201703,4623,27738,27715,0,0,4623,2404,0,0,0,2250,682,718,554,380,39,52.0,0,0,0
201704,4506,27036,27007,1,0,4506,2326,0,0,1,2206,692,676,552,345,34,51.62,0,0,0
201705,4930,29580,29560,0,0,4930,2595,0,0,0,2455,723,728,609,366,49,52.64,0,0,0
201706,4339,26034,26024,0,0,4339,2274,0,0,0,2143,634,605,555,359,43,52.41,0,0,0
201707,4848,29088,29064,1,0,4848,2503,0,0,1,2362,693,742,602,405,43,51.63,0,0,0
201708,4782,28692,28684,0,0,4782,2416,0,0,0,2270,646,756,642,424,44,50.52,0,0,0
201709,4020,24120,24107,0,0,4020,2099,0,0,0,1982,544,642,503,306,43,52.21,0,0,0
201710,4420,26520,26518,0,0,4420,2326,0,0,0,2185,701,641,476,386,31,52.62,0,0,0
201711,4272,25632,25616,1,0,4272,2278,0,0,1,2145,586,653,507,344,36,53.32,0,0,0
201712,5034,30204,30195,0,0,5034,2719,0,0,0,2556,751,729,562,395,41,54.01,0,0,0
201801,4971,29826,29810,1,0,4971,2642,0,0,1,2489,729,738,567,405,42,53.15,0,0,0
201802,3876,23256,23226,2,0,3876,2092,0,0,2,1978,521,551,483,301,40,53.97,0,0,0
201803,4724,28344,28330,0,0,4724,2583,0,0,0,2419,694,668,525,389,29,54.68,0,0,0
201804,4467,26802,26793,0,0,4467,2434,0,0,0,2310,637,670,481,326,43,54.49,0,0,0
201805,4893,29358,29357,0,0,4893,2676,0,0,0,2522,675,714,548,392,42,54.69,0,0,0
201806,4521,27126,27114,0,0,4521,2433,0,0,0,2277,664,671,498,378,33,53.82,0,0,0
201807,4595,27570,27551,0,0,4595,2431,0,0,0,2275,628,725,527,404,36,52.91,0,0,0
201808,4675,28050,28028,0,0,4675,2427,0,0,0,2265,634,733,604,388,51,51.91,0,0,0
201809,3834,23004,22997,0,0,3834,1973,0,0,0,1854,530,625,474,314,37,51.46,0,0,0
201810,4451,26706,26685,1,0,4451,2355,0,0,1,2228,633,670,532,355,32,52.91,0,0,0
201811,4464,26784,26774,0,0,4464,2537,0,0,0,2401,599,589,499,342,34,56.83,0,0,0
201812,5040,30240,30239,0,0,5040,2735,0,0,0,2599,716,729,572,379,45,54.27,0,0,0
201901,5082,30492,30484,3,0,5082,2790,0,0,3,2657,691,778,572,344,37,54.9,0,0,0
201902,3996,23976,23970,0,0,3996,2241,0,0,0,2145,578,518,461,274,20,56.08,0,0,0
201903,4780,28680,28672,0,0,4780,2647,0,0,0,2508,684,691,512,346,39,55.38,0,0,0
201904,4443,26658,26653,0,0,4443,2401,0,0,0,2282,651,642,510,324,34,54.04,0,0,0
201905,4800,28800,28777,1,0,4800,2647,0,0,1,2516,617,693,570,370,33,55.15,0,0,0
201906,4200,25200,25173,2,0,4200,2308,0,0,2,2182,586,607,494,301,28,54.95,0,0,0
201907,4627,27762,27747,1,0,4627,2482,0,0,1,2350,683,637,588,335,33,53.64,0,0,0
201908,4933,29598,29595,1,0,4933,2635,0,0,1,2493,651,750,611,397,30,53.42,0,0,0
201909,4272,25632,25622,0,0,4272,2334,0,0,0,2202,606,635,482,320,27,54.63,0,0,0
201910,4183,25098,25105,0,0,4183,2389,0,0,0,2271,536,597,455,297,27,57.11,0,0,0
201911,4202,25212,25195,2,0,4202,2360,0,0,2,2256,606,595,427,282,34,56.16,0,0,0
201912,5023,30138,30124,0,0,5023,2859,0,0,0,2740,680,694,543,315,51,56.92,0,0,0
202001,5160,30960,30952,0,0,5160,2854,0,0,0,2699,738,743,563,367,50,55.31,0,0,0
202002,4043,24258,24253,1,0,4043,2274,0,0,1,2159,556,557,435,304,31,56.25,0,0,0
202003,4819,28914,28894,0,0,4819,2668,0,0,0,2555,628,706,568,325,37,55.36,0,0,0
202004,4310,25860,25842,0,0,4310,2320,0,0,0,2221,567,689,468,327,38,53.83,0,0,0
202005,4724,28344,28337,0,0,4724,2669,0,0,0,2551,656,650,526,298,43,56.5,0,0,0
202006,4346,26076,26071,0,0,4346,2409,0,0,0,2306,633,591,498,274,44,55.43,0,0,0
202007,4579,27474,27457,0,0,4579,2535,0,0,0,2379,607,650,531,362,50,55.36,0,0,0
202008,4810,28860,28836,2,0,4810,2711,0,0,2,2587,626,699,504,356,36,56.36,0,0,0
202009,4394,26364,26340,0,0,4394,2414,0,0,0,2285,547,682,498,338,44,54.94,0,0,0
202010,4364,26184,26170,0,0,4364,2434,0,0,0,2316,628,612,460,315,33,55.77,0,0,0
202011,4386,26316,26307,0,0,4386,2535,0,0,0,2424,597,581,455,299,30,57.8,0,0,0
202012,4948,29688,29681,0,0,4948,2816,0,0,0,2670,662,668,544,372,32,56.91,0,0,0
202101,5115,30690,30671,0,0,5115,2848,0,0,0,2719,715,761,544,330,46,55.68,0,0,0
202102,4329,25974,25952,2,0,4329,2400,0,0,2,2282,624,637,432,310,42,55.44,0,0,0
202103,4794,28764,28750,1,0,4794,2736,0,0,1,2608,589,671,535,355,35,57.07,0,0,0
202104,4493,26958,26960,0,0,4493,2496,0,0,0,2389,625,663,487,296,33,55.55,0,0,0
202105,4921,29526,29503,2,0,4921,2737,0,0,2,2632,642,723,575,309,38,55.62,0,0,0
202106,4250,25500,25485,1,0,4250,2399,0,0,1,2283,541,635,443,313,34,56.45,0,0,0
202107,4439,26634,26619,1,0,4439,2427,0,0,1,2319,540,717,513,314,35,54.67,0,0,0
202108,4442,26652,26642,2,0,4442,2399,0,0,2,2280,556,709,560,299,36,54.01,0,0,0
202109,4212,25272,25261,1,0,4212,2357,0,0,1,2241,558,607,476,296,33,55.96,0,0,0
202110,4404,26424,26418,0,0,4404,2298,0,0,0,2182,601,727,533,323,38,52.18,0,0,0
202111,4519,27114,27115,0,0,4519,2463,0,0,0,2338,621,741,492,294,33,54.5,0,0,0
202112,5038,30228,30231,0,0,5038,2712,0,0,0,2588,715,788,587,324,36,53.83,0,0,0
202201,5113,30678,30679,3,0,5113,2752,0,0,3,2615,668,825,616,341,45,53.82,0,0,0
202202,4446,26676,26652,2,0,4446,2392,0,0,2,2259,554,720,533,330,48,53.8,0,0,0
202203,4822,28932,28915,1,0,4822,2709,0,0,1,2595,645,692,535,315,39,56.18,0,0,0
202204,4599,27594,27566,1,0,4599,2700,0,0,1,2567,582,657,471,287,34,58.71,0,0,0
202205,4690,28140,28123,0,0,4690,2690,0,0,0,2578,639,615,534,275,49,57.36,0,0,0
202206,4379,26274,26270,0,0,4379,2464,0,0,0,2342,571,612,474,341,39,56.27,0,0,0
202207,4790,28740,28739,0,0,4790,2583,0,0,0,2439,624,764,575,350,38,53.92,0,0,0
202208,4922,29532,29514,1,0,4922,2756,0,0,1,2602,608,722,595,354,40,55.99,0,0,0
202209,4318,25908,25896,0,0,4318,2285,0,0,0,2177,596,735,479,294,37,52.92,0,0,0
202210,4396,26376,26358,2,0,4396,2403,0,0,2,2297,616,699,459,287,36,54.66,0,0,0
202211,4164,24984,24966,1,0,4164,2354,0,0,1,2237,536,622,476,262,30,56.53,0,0,0
202212,4945,29670,29659,1,0,4945,2764,0,0,1,2612,645,740,538,374,35,55.89,0,0,0
202301,5048,30288,30282,0,0,5048,2868,0,0,0,2712,636,730,547,384,39,56.81,0,0,0
202302,4233,25398,25380,1,0,4233,2338,0,0,1,2229,543,665,464,298,33,55.23,0,0,0
202303,4656,27936,27929,1,0,4656,2672,0,0,1,2555,553,701,503,300,43,57.39,0,0,0
202304,4529,27174,27164,0,0,4529,2462,0,0,0,2328,599,671,547,344,40,54.36,0,0,0
202305,4775,28650,28653,0,0,4775,2699,0,0,0,2566,621,693,508,338,49,56.52,0,0,0
202306,4744,28464,28452,0,0,4744,2607,0,0,0,2488,611,711,563,331,40,54.95,0,0,0
202307,4880,29280,29244,3,0,4880,2613,0,0,3,2454,624,762,606,370,61,53.55,0,0,0
202308,4998,29988,29972,1,0,4998,2602,0,0,1,2470,645,859,624,357,42,52.06,0,0,0
202309,4356,26136,26130,0,0,4356,2380,0,0,0,2252,549,708,489,315,43,54.64,0,0,0
202310,4308,25848,25833,1,0,4308,2357,0,0,1,2258,564,661,510,276,38,54.71,0,0,0
202311,3919,23514,23510,1,0,3919,2130,0,0,1,2026,494,626,478,263,31,54.35,0,0,0
202312,4944,29664,29655,1,0,4944,2677,0,0,1,2562,654,800,568,318,41,54.15,0,0,0
202401,4995,29970,29953,1,0,4995,2721,0,0,1,2570,676,740,603,359,46,54.47,0,0,0
202402,4410,26460,26443,0,0,4410,2372,0,0,0,2254,592,692,527,303,42,53.79,0,0,0
202403,4477,26862,26854,1,0,4477,2473,0,0,1,2352,591,687,507,305,34,55.24,0,0,0
202404,4451,26706,26698,0,0,4451,2487,0,0,0,2370,572,643,521,310,35,55.88,0,0,0
202405,4797,28782,28766,1,0,4797,2676,0,0,1,2532,593,699,565,362,45,55.78,0,0,0
202406,4662,27972,27964,0,0,4662,2546,0,0,0,2428,614,757,509,307,47,54.61,0,0,0
202407,4892,29352,29342,0,0,4892,2578,0,0,0,2446,673,714,674,333,52,52.7,0,0,0
202408,4840,29040,29022,0,0,4840,2659,0,0,0,2505,627,727,572,358,51,54.94,0,0,0
202409,4384,26304,26290,0,0,4384,2462,0,0,0,2332,555,651,500,307,39,56.16,0,0,0
202410,4369,26214,26195,0,0,4369,2447,0,0,0,2338,591,614,501,283,42,56.01,0,0,0
202411,4135,24810,24802,0,0,4135,2313,0,0,0,2202,557,603,462,277,34,55.94,0,0,0
202412,4956,29736,29714,1,0,4956,2719,0,0,1,2582,641,806,550,329,47,54.86,0,0,0
202501,5002,30012,30010,0,0,5002,2785,0,0,0,2657,646,766,584,316,33,55.68,0,0,0
202502,4347,26082,26076,1,0,4347,2436,0,0,1,2323,572,678,474,262,37,56.04,0,0,0
202503,4527,27162,27150,1,0,4527,2586,0,0,1,2464,535,679,497,311,40,57.12,0,0,0
202504,4222,25332,25315,1,0,4222,2344,0,0,1,2241,500,675,500,273,32,55.52,0,0,0
202505,5027,30162,30147,1,0,5027,2710,0,0,1,2580,674,797,617,315,43,53.91,0,0,0
202506,4766,28596,28585,0,0,4766,2518,0,0,0,2405,609,736,631,349,36,52.83,0,0,0
202507,5145,30870,30851,2,0,5145,2743,0,0,2,2607,590,872,647,379,48,53.31,2813,0,0
202508,5049,30294,30287,1,0,5049,2745,0,0,1,2595,587,836,644,346,40,54.37,5045,0,0
202509,4248,25488,25493,0,0,4248,2279,0,0,0,2173,519,694,547,276,39,53.65,4247,0,0
202510,4129,24774,24762,1,0,4129,2241,0,0,1,2151,449,693,531,279,25,54.27,4128,0,0
202511,3938,23628,23618,1,0,3938,2248,0,0,1,2175,451,625,446,222,18,57.08,3936,0,0
202512,4772,28632,28615,2,0,4772,2656,0,0,2,2530,599,741,563,301,36,55.66,4768,0,0
202601,5166,30996,30981,0,0,5166,2884,0,0,0,2776,611,866,582,277,54,55.83,5162,0,0
202602,4171,25026,25023,0,0,4171,2341,0,0,0,2237,464,648,496,290,36,56.13,4170,0,0
202603,4654,27924,27912,2,0,4654,2580,0,0,2,2472,561,759,541,291,28,55.44,4650,0,0
202604,4340,26040,26034,0,0,4340,2430,0,0,0,2320,507,669,534,266,44,55.99,4340,0,0
202605,4810,28860,28841,2,0,4810,2656,0,0,2,2516,582,732,601,326,51,55.22,4806,0,0
202606,4621,27726,27713,1,0,4621,2563,0,0,1,2456,576,703,560,296,29,55.46,4618,0,0
202607,4916,29496,29477,0,0,4916,2685,0,0,0,2566,611,782,616,306,35,54.62,4913,0,0
202608,4920,29520,29503,1,0,4920,2668,0,0,1,2538,608,768,630,331,44,54.23,4918,0,0
202609,0,0,0,0,0,0,0,0,0,0,0,0,0,0,0,0,,2794,0,0
