取得日時JST,場コード,風速,風向番号,波高,天候,水温,気温
2026-07-08 13:22,01,3.0,14,2.0,曇り,19.0,25.0
2026-07-08 13:22,02,0.0,16,0.0,晴,25.0,28.0
2026-07-08 13:22,05,0.0,9,2.0,曇り,24.0,28.0
2026-07-08 13:22,08,3.0,9,1.0,晴,27.0,25.0
2026-07-08 13:22,10,1.0,14,1.0,曇り,25.0,30.0
2026-07-08 13:22,11,2.0,13,2.0,晴,25.0,26.0
2026-07-08 13:22,13,5.0,10,3.0,晴,25.2,29.5
2026-07-08 13:22,18,5.0,7,5.0,晴,27.0,28.0
2026-07-08 16:56,01,3.0,14,2.0,晴,19.0,26.0
2026-07-08 16:56,02,3.0,16,2.0,晴,26.0,28.0
2026-07-08 16:56,05,2.0,9,1.0,晴,25.0,29.0
2026-07-08 16:56,08,3.0,9,1.0,晴,28.0,26.0
2026-07-08 16:56,11,2.0,13,2.0,曇り,25.0,26.0
2026-07-08 16:56,12,0.0,13,1.0,晴,27.0,28.0
2026-07-08 16:56,13,5.0,10,3.0,晴,25.6,28.7
2026-07-08 16:56,18,4.0,7,4.0,晴,28.0,28.0
2026-07-08 16:56,20,3.0,10,3.0,晴,29.0,30.0
2026-07-08 16:56,24,3.0,3,2.0,晴,27.0,29.0
2026-07-08 18:16,01,3.0,14,2.0,晴,19.0,25.0
2026-07-08 18:16,05,4.0,9,2.0,晴,25.0,29.0
2026-07-08 18:16,12,0.0,13,1.0,晴,27.0,27.0
2026-07-08 18:16,20,3.0,10,3.0,晴,29.0,29.0
2026-07-08 18:16,24,1.0,3,1.0,晴,27.0,28.0
2026-07-09 01:13,01,2.0,14,1.0,曇り,18.0,23.0
2026-07-09 01:13,02,4.0,16,3.0,晴,26.0,28.0
2026-07-09 01:13,05,3.0,9,2.0,晴,25.0,28.0
2026-07-09 01:13,10,2.0,14,2.0,晴,26.0,30.0
2026-07-09 01:13,12,0.0,13,1.0,晴,27.0,26.0
2026-07-09 01:13,13,5.0,10,3.0,晴,25.6,28.0
2026-07-09 01:13,18,5.0,7,5.0,晴,28.0,28.0
2026-07-09 01:13,20,5.0,10,5.0,晴,29.0,27.0
2026-07-09 01:13,24,1.0,3,1.0,晴,27.0,27.0
2026-07-09 19:39,01,3.0,14,2.0,曇り,20.0,27.0
2026-07-09 19:39,02,3.0,16,1.0,晴,27.0,30.0
2026-07-09 19:39,05,2.0,9,2.0,晴,25.0,28.0
2026-07-09 19:39,08,3.0,9,1.0,晴,29.0,28.0
2026-07-09 19:39,10,2.0,14,2.0,晴,27.0,31.0
2026-07-09 19:39,11,3.0,13,3.0,晴,26.0,28.0
2026-07-09 19:39,14,4.0,15,4.0,晴,24.0,29.0
2026-07-09 19:39,15,2.0,7,2.0,曇り,24.0,27.0
2026-07-09 19:39,16,2.0,13,3.0,晴,25.0,28.0
2026-07-09 19:39,18,3.0,7,3.0,晴,27.0,28.0
2026-07-09 19:39,20,3.0,10,3.0,晴,29.0,29.0
2026-07-09 19:39,24,1.0,3,1.0,晴,28.0,29.0
2026-07-09 20:23,15,1.0,7,1.0,雨,24.0,27.0
2026-07-09 20:23,20,3.0,10,3.0,晴,29.0,28.0
2026-07-09 20:23,24,0.0,3,1.0,晴,28.0,30.0
2026-07-10 19:37,02,3.0,16,2.0,晴,28.0,31.0
2026-07-10 19:37,06,3.0,13,2.0,晴,26.0,26.0
2026-07-10 19:37,08,2.0,9,1.0,晴,30.0,29.0
2026-07-10 19:37,09,4.0,8,2.0,晴,28.0,29.0
2026-07-10 19:37,10,5.0,14,5.0,晴,28.0,28.0
2026-07-10 19:37,11,5.0,13,4.0,晴,27.0,30.0
2026-07-10 19:37,14,3.0,15,3.0,晴,24.0,29.0
2026-07-10 19:37,15,1.0,7,1.0,晴,25.0,28.0
2026-07-10 19:37,16,3.0,13,3.0,晴,26.0,28.0
2026-07-10 19:37,19,5.0,11,5.0,晴,28.0,28.0
2026-07-10 19:37,20,4.0,10,4.0,晴,30.0,29.0
2026-07-10 19:37,22,3.0,2,3.0,晴,24.0,31.0
2026-07-10 19:37,23,5.0,12,5.0,晴,28.0,31.0
2026-07-10 20:22,15,2.0,7,2.0,晴,25.0,27.0
2026-07-10 20:22,19,5.0,11,5.0,晴,28.0,27.0
2026-07-10 20:22,20,4.0,10,4.0,晴,30.0,28.0
2026-07-11 16:18,02,3.0,16,1.0,晴,29.0,30.0
2026-07-11 16:18,03,8.0,4,10.0,晴,26.0,27.0
2026-07-11 16:18,04,4.0,5,3.0,晴,26.0,29.0
2026-07-11 16:18,06,5.0,13,3.0,晴,26.0,27.0
2026-07-11 16:18,08,2.0,9,1.0,晴,30.0,28.0
2026-07-11 16:18,09,2.0,8,1.0,晴,28.0,29.0
2026-07-11 16:18,10,2.0,14,2.0,晴,28.0,31.0
2026-07-11 16:18,11,3.0,13,3.0,晴,26.0,29.0
2026-07-11 16:18,14,4.0,15,4.0,晴,24.0,28.0
2026-07-11 16:18,15,1.0,7,1.0,晴,25.0,32.0
2026-07-11 16:18,16,4.0,13,3.0,晴,27.0,30.0
2026-07-11 16:18,19,4.0,11,4.0,晴,29.0,30.0
2026-07-11 16:18,20,5.0,10,5.0,晴,31.0,31.0
2026-07-11 16:18,22,3.0,2,3.0,晴,25.0,33.0
2026-07-11 16:18,23,4.0,12,4.0,晴,29.0,32.0
2026-07-11 20:28,04,6.0,5,4.0,晴,26.0,28.0
2026-07-11 20:28,06,5.0,13,3.0,晴,26.0,26.0
2026-07-11 20:28,15,2.0,7,2.0,晴,25.0,27.0
2026-07-11 20:28,16,2.0,13,3.0,晴,27.0,30.0
2026-07-11 20:28,19,4.0,11,4.0,晴,29.0,27.0
2026-07-11 20:28,20,4.0,10,4.0,晴,31.0,28.0
2026-07-11 20:28,22,3.0,2,3.0,晴,25.0,32.0
2026-07-12 16:38,02,1.0,16,1.0,曇り,28.0,30.0
2026-07-12 16:38,03,5.0,4,5.0,曇り,26.0,26.0
2026-07-12 16:38,04,4.0,5,3.0,曇り,26.0,28.0
2026-07-12 16:38,05,2.0,9,2.0,曇り,27.0,28.0
2026-07-12 16:38,06,5.0,13,3.0,曇り,26.0,27.0
2026-07-12 16:38,08,2.0,9,1.0,曇り,30.0,31.0
2026-07-12 16:38,09,2.0,8,1.0,曇り,30.0,32.0
2026-07-12 16:38,10,1.0,14,1.0,曇り,28.0,31.0
2026-07-12 16:38,11,3.0,13,3.0,晴,27.0,32.0
2026-07-12 16:38,14,1.0,15,1.0,晴,24.0,30.0
2026-07-12 16:38,15,2.0,7,2.0,晴,25.0,33.0
2026-07-12 16:38,16,1.0,13,1.0,晴,27.0,32.0
2026-07-12 16:38,19,2.0,11,2.0,晴,30.0,28.0
2026-07-12 16:38,20,4.0,10,4.0,晴,31.0,32.0
2026-07-12 16:38,22,3.0,2,3.0,晴,25.0,33.0
2026-07-12 16:38,23,3.0,12,3.0,晴,30.0,34.0
2026-07-12 16:49,06,5.0,13,2.0,曇り,26.0,27.0
2026-07-12 20:44,04,3.0,5,3.0,曇り,26.0,28.0
2026-07-12 20:44,05,1.0,9,1.0,曇り,27.0,28.0
2026-07-12 20:44,15,1.0,7,1.0,晴,25.0,29.0
2026-07-12 20:44,16,1.0,13,1.0,晴,27.0,31.0
2026-07-12 20:44,19,1.0,11,1.0,晴,30.0,28.0
2026-07-12 20:44,20,2.0,10,2.0,晴,31.0,30.0
2026-07-12 20:44,22,3.0,2,3.0,晴,25.0,32.0
2026-07-13 00:38,02,2.0,16,1.0,曇り,28.0,29.0
2026-07-13 00:38,04,2.0,5,3.0,曇り,26.0,28.0
2026-07-13 00:38,06,6.0,13,3.0,曇り,26.0,27.0
2026-07-13 00:38,08,2.0,9,1.0,曇り,31.0,33.0
2026-07-13 00:38,09,2.0,8,1.0,曇り,30.0,33.0
2026-07-13 00:38,10,1.0,14,1.0,曇り,28.0,30.0
2026-07-13 00:38,11,3.0,13,3.0,晴,27.0,31.0
2026-07-13 00:38,22,2.0,2,2.0,晴,25.0,32.0
2026-07-13 00:38,23,2.0,12,2.0,晴,30.0,34.0
2026-07-13 19:42,03,1.0,4,5.0,曇り,26.0,27.0
2026-07-13 19:42,04,1.0,5,3.0,曇り,26.0,27.0
2026-07-13 19:42,05,2.0,9,1.0,雨,26.0,29.0
2026-07-13 19:42,06,3.0,13,1.0,曇り,26.0,31.0
2026-07-13 19:42,07,3.0,11,1.0,曇り,22.0,30.0
2026-07-13 19:42,09,5.0,8,3.0,曇り,30.0,33.0
2026-07-13 19:42,13,2.0,10,0.0,晴,28.8,32.2
2026-07-13 19:42,14,3.0,15,3.0,晴,24.0,32.0
2026-07-13 19:42,15,1.0,7,1.0,晴,25.0,31.0
2026-07-13 19:42,16,1.0,13,1.0,晴,26.0,33.0
2026-07-13 19:42,19,2.0,11,2.0,晴,30.0,30.0
2026-07-13 19:42,23,5.0,12,5.0,晴,30.0,34.0
2026-07-13 20:41,07,2.0,11,1.0,曇り,22.0,30.0
2026-07-13 20:41,15,1.0,7,1.0,晴,25.0,30.0
2026-07-14 15:37,01,2.0,14,1.0,晴,21.0,31.0
2026-07-14 15:37,03,6.0,4,5.0,晴,26.0,30.0
2026-07-14 15:37,04,4.0,5,3.0,晴,26.0,33.0
2026-07-14 15:37,05,2.0,9,2.0,晴,27.0,32.0
2026-07-14 15:37,06,4.0,13,2.0,晴,25.0,30.0
2026-07-14 15:37,07,3.0,11,1.0,晴,22.0,35.0
2026-07-14 15:37,09,2.0,8,1.0,晴,31.0,36.0
2026-07-14 15:37,13,3.0,10,0.0,晴,29.5,33.4
2026-07-14 15:37,15,2.0,7,2.0,晴,25.0,34.0
2026-07-14 15:37,21,4.0,1,4.0,晴,32.9,31.2
2026-07-14 15:37,22,2.0,2,2.0,晴,26.0,32.0
2026-07-14 15:37,23,6.0,12,6.0,晴,30.0,32.0
2026-07-14 16:23,01,3.0,14,2.0,晴,21.0,31.0
2026-07-14 16:23,03,7.0,4,5.0,晴,26.0,29.0
2026-07-14 16:23,04,4.0,5,3.0,晴,26.0,32.0
2026-07-14 16:23,06,3.0,13,1.0,晴,26.0,31.0
2026-07-14 16:23,07,4.0,11,2.0,晴,22.0,35.0
2026-07-14 16:23,13,2.0,10,0.0,晴,29.5,33.9
2026-07-14 16:23,15,3.0,7,3.0,晴,25.0,34.0
2026-07-14 16:23,22,4.0,2,4.0,晴,26.0,33.0
2026-07-14 21:03,01,0.0,14,0.0,曇り,21.0,28.0
2026-07-14 21:03,05,2.0,9,2.0,晴,27.0,31.0
2026-07-14 21:03,06,3.0,13,1.0,晴,26.0,30.0
2026-07-14 21:03,07,1.0,11,0.0,晴,22.0,32.0
2026-07-14 21:03,15,1.0,7,1.0,晴,25.0,31.0
2026-07-14 21:03,24,2.0,3,1.0,晴,30.0,28.0
2026-07-15 16:23,01,3.0,14,2.0,晴,22.0,31.0
2026-07-15 16:23,03,8.0,4,5.0,晴,26.0,29.0
2026-07-15 16:23,05,3.0,9,2.0,晴,28.0,32.0
2026-07-15 16:23,06,6.0,13,3.0,晴,26.0,29.0
2026-07-15 16:23,07,3.0,11,1.0,曇り,22.0,31.0
2026-07-15 16:23,08,2.0,9,1.0,晴,30.0,31.0
2026-07-15 16:23,12,2.0,13,1.0,晴,32.0,33.0
2026-07-15 16:23,13,4.0,10,0.0,晴,29.9,32.7
2026-07-15 16:23,17,4.0,11,4.0,曇り,26.0,31.0
2026-07-15 16:23,18,3.0,7,3.0,晴,29.0,31.0
2026-07-15 16:23,21,5.0,1,5.0,晴,32.1,33.2
2026-07-15 16:23,22,4.0,2,4.0,曇り,26.0,32.0
2026-07-15 16:23,23,4.0,12,4.0,曇り,30.0,30.0
2026-07-15 16:29,01,4.0,14,3.0,晴,22.0,31.0
2026-07-15 16:29,05,3.0,9,2.0,晴,28.0,31.0
2026-07-15 16:29,06,5.0,13,3.0,晴,27.0,28.0
2026-07-15 16:29,07,4.0,11,2.0,曇り,22.0,31.0
2026-07-15 21:10,01,2.0,14,1.0,曇り,22.0,28.0
2026-07-15 21:10,05,1.0,9,2.0,晴,28.0,31.0
2026-07-15 21:10,07,0.0,11,0.0,曇り,22.0,30.0
2026-07-15 21:10,12,0.0,13,1.0,晴,32.0,30.0
2026-07-15 21:10,24,1.0,3,1.0,曇り,30.0,28.0
2026-07-16 16:32,01,5.0,14,4.0,雨,22.0,29.0
2026-07-16 16:32,03,5.0,4,5.0,曇り,26.0,32.0
2026-07-16 16:32,05,2.0,9,2.0,曇り,28.0,33.0
2026-07-16 16:32,07,4.0,11,2.0,晴,22.0,33.0
2026-07-16 16:32,08,2.0,9,1.0,晴,31.0,33.0
2026-07-16 16:32,11,2.0,13,2.0,晴,28.0,29.0
2026-07-16 16:32,12,4.0,13,2.0,晴,32.0,33.0
2026-07-16 16:32,13,5.0,10,3.0,晴,30.3,33.1
2026-07-16 16:32,17,3.0,11,3.0,晴,27.0,31.0
2026-07-16 16:32,18,4.0,7,4.0,晴,30.0,34.0
2026-07-16 16:32,21,5.0,1,5.0,晴,32.5,31.2
2026-07-16 16:37,01,2.0,14,1.0,雨,22.0,26.0
2026-07-16 16:37,24,1.0,3,1.0,曇り,29.0,29.0
2026-07-16 22:04,01,3.0,14,2.0,雨,22.0,24.0
2026-07-16 22:04,05,2.0,9,2.0,曇り,28.0,31.0
2026-07-16 22:04,07,1.0,11,0.0,晴,22.0,30.0
2026-07-16 22:04,12,0.0,13,1.0,晴,32.0,31.0
2026-07-16 22:04,24,1.0,3,1.0,曇り,29.0,27.0
2026-07-17 16:29,01,3.0,14,2.0,雨,24.0,26.0
2026-07-17 16:29,02,1.0,16,1.0,曇り,30.0,28.0
2026-07-17 16:29,07,4.0,11,2.0,晴,22.0,30.0
2026-07-17 16:29,08,2.0,9,1.0,晴,31.0,32.0
2026-07-17 16:29,11,4.0,13,6.0,晴,30.0,31.0
2026-07-17 16:29,12,3.0,13,1.0,晴,32.0,34.0
2026-07-17 16:29,13,3.0,10,0.0,晴,30.3,35.2
2026-07-17 16:29,16,2.0,13,3.0,晴,26.0,33.0
2026-07-17 16:29,17,3.0,11,3.0,曇り,28.0,30.0
2026-07-17 16:29,18,2.0,7,2.0,晴,28.0,31.0
2026-07-17 16:29,21,2.0,1,2.0,晴,32.6,32.5
2026-07-17 18:29,01,2.0,14,1.0,雨,23.0,23.0
2026-07-17 18:29,07,3.0,11,1.0,晴,22.0,29.0
2026-07-17 18:29,12,2.0,13,1.0,晴,32.0,32.0
2026-07-17 18:29,16,1.0,13,3.0,晴,26.0,33.0
2026-07-17 18:29,24,1.0,3,1.0,曇り,29.0,30.0
2026-07-17 20:08,01,3.0,14,2.0,雨,23.0,23.0
2026-07-17 20:08,12,0.0,13,1.0,晴,32.0,31.0
2026-07-17 20:08,24,1.0,3,1.0,曇り,29.0,29.0
2026-07-17 21:36,01,,14,,雨,,
2026-07-17 21:36,12,1.0,13,1.0,晴,32.0,31.0
2026-07-17 21:36,24,1.0,3,1.0,曇り,29.0,28.0
2026-07-18 08:55,09,2.0,8,1.0,晴,29.0,28.0
2026-07-18 08:55,10,1.0,14,1.0,晴,29.0,30.0
2026-07-18 08:55,18,1.0,7,1.0,曇り,27.0,28.0
2026-07-18 08:55,21,2.0,1,2.0,晴,31.7,32.3
2026-07-18 10:23,02,3.0,16,1.0,晴,29.0,29.0
2026-07-18 10:23,08,4.0,9,2.0,晴,30.0,29.0
2026-07-18 10:23,09,3.0,8,2.0,晴,30.0,29.0
2026-07-18 10:23,10,1.0,14,1.0,晴,29.0,32.0
2026-07-18 10:23,11,1.0,13,1.0,晴,30.0,31.0
2026-07-18 10:23,13,5.0,10,3.0,晴,29.8,33.5
2026-07-18 10:23,17,2.0,11,2.0,曇り,27.0,30.0
2026-07-18 10:23,18,3.0,7,3.0,曇り,27.0,28.0
2026-07-18 10:23,21,2.0,1,2.0,曇り,31.8,31.0
2026-07-18 13:31,01,3.0,14,2.0,曇り,21.0,24.0
2026-07-18 13:31,02,3.0,16,2.0,曇り,29.0,29.0
2026-07-18 13:31,04,3.0,5,3.0,曇り,26.0,26.0
2026-07-18 13:31,07,3.0,11,1.0,曇り,22.0,29.0
2026-07-18 13:31,08,4.0,9,2.0,晴,31.0,29.0
2026-07-18 13:31,09,5.0,8,3.0,晴,30.0,29.0
2026-07-18 13:31,10,2.0,14,2.0,晴,30.0,35.0
2026-07-18 13:31,11,2.0,13,2.0,曇り,30.0,32.0
2026-07-18 13:31,13,6.0,10,4.0,晴,30.4,33.5
2026-07-18 13:31,16,3.0,13,3.0,晴,27.0,30.0
2026-07-18 13:31,17,3.0,11,3.0,晴,27.0,31.0
2026-07-18 13:31,18,2.0,7,2.0,曇り,28.0,31.0
2026-07-18 13:31,21,3.0,1,3.0,晴,32.5,36.0
2026-07-18 15:30,01,2.0,14,1.0,曇り,22.0,24.0
2026-07-18 15:30,02,2.0,16,1.0,雨,29.0,29.0
2026-07-18 15:30,04,2.0,5,3.0,晴,26.0,28.0
2026-07-18 15:30,08,5.0,9,3.0,晴,31.0,30.0
2026-07-18 15:30,09,6.0,8,5.0,晴,30.0,30.0
2026-07-18 15:30,10,4.0,14,4.0,曇り,30.0,35.0
2026-07-18 15:30,11,3.0,13,3.0,曇り,30.0,31.0
2026-07-18 15:30,12,2.0,13,1.0,晴,32.0,33.0
2026-07-18 15:30,13,7.0,10,5.0,晴,30.6,31.9
2026-07-18 15:30,16,3.0,13,3.0,晴,27.0,31.0
2026-07-18 15:30,17,3.0,11,3.0,晴,27.0,32.0
2026-07-18 15:30,18,2.0,7,2.0,晴,28.0,32.0
2026-07-18 15:30,20,4.0,10,4.0,晴,30.0,33.0
2026-07-18 15:30,21,2.0,1,2.0,晴,32.4,33.4
2026-07-18 17:24,02,4.0,16,2.0,晴,29.0,29.0
2026-07-18 17:24,04,4.0,5,3.0,晴,26.0,29.0
2026-07-18 17:24,07,3.0,11,1.0,晴,22.0,29.0
2026-07-18 17:24,08,4.0,9,2.0,晴,31.0,30.0
2026-07-18 17:24,09,5.0,8,3.0,晴,30.0,30.0
2026-07-18 17:24,11,3.0,13,3.0,曇り,30.0,30.0
2026-07-18 17:24,12,2.0,13,1.0,晴,33.0,32.0
2026-07-18 17:24,13,5.0,10,3.0,晴,30.6,31.7
2026-07-18 17:24,16,2.0,13,3.0,晴,27.0,31.0
2026-07-18 17:24,17,2.0,11,2.0,晴,27.0,32.0
2026-07-18 17:24,20,2.0,10,2.0,晴,30.0,33.0
2026-07-18 19:02,01,2.0,14,1.0,雨,22.0,23.0
2026-07-18 19:02,07,3.0,11,1.0,晴,22.0,28.0
2026-07-18 19:02,12,3.0,13,1.0,曇り,33.0,31.0
2026-07-18 19:02,16,4.0,13,3.0,晴,27.0,31.0
2026-07-18 19:02,20,2.0,10,2.0,晴,30.0,31.0
2026-07-18 20:18,01,1.0,14,1.0,曇り,22.0,23.0
2026-07-18 20:18,12,0.0,13,1.0,雨,32.0,28.0
2026-07-18 20:18,20,1.0,10,1.0,晴,30.0,31.0
2026-07-18 21:07,20,2.0,10,2.0,晴,30.0,31.0
2026-07-19 08:56,10,4.0,14,4.0,晴,28.0,30.0
2026-07-19 08:56,18,3.0,7,3.0,曇り,27.0,28.0
2026-07-19 08:56,21,2.0,1,2.0,晴,31.8,32.1
2026-07-19 10:29,02,2.0,16,1.0,晴,30.0,31.0
2026-07-19 10:29,05,2.0,9,2.0,晴,28.0,30.0
2026-07-19 10:29,08,2.0,9,1.0,曇り,30.0,28.0
2026-07-19 10:29,09,2.0,8,1.0,曇り,30.0,29.0
2026-07-19 10:29,10,6.0,14,6.0,晴,28.0,31.0
2026-07-19 10:29,11,2.0,13,2.0,晴,30.0,30.0
2026-07-19 10:29,17,2.0,11,2.0,曇り,27.0,28.0
2026-07-19 10:29,18,3.0,7,3.0,晴,27.0,30.0
2026-07-19 10:29,21,2.0,1,2.0,晴,32.0,34.0
2026-07-19 13:53,01,1.0,14,1.0,晴,22.0,29.0
2026-07-19 13:53,02,2.0,16,1.0,晴,30.0,33.0
2026-07-19 13:53,04,5.0,5,3.0,晴,26.0,31.0
2026-07-19 13:53,05,2.0,9,2.0,晴,29.0,32.0
2026-07-19 13:53,08,2.0,9,1.0,晴,30.0,29.0
2026-07-19 13:53,09,3.0,8,2.0,晴,30.0,30.0
2026-07-19 13:53,10,2.0,14,2.0,晴,30.0,33.0
2026-07-19 13:53,11,4.0,13,4.0,晴,31.0,29.0
2026-07-19 13:53,16,4.0,13,3.0,晴,27.0,30.0
2026-07-19 13:53,17,3.0,11,3.0,晴,28.0,32.0
2026-07-19 13:53,18,2.0,7,2.0,晴,29.0,32.0
2026-07-19 13:53,19,2.0,11,2.0,晴,29.0,30.0
2026-07-19 13:53,21,2.0,1,2.0,晴,33.3,33.0
2026-07-19 13:53,22,3.0,2,3.0,晴,26.0,33.0
2026-07-19 16:22,01,4.0,14,3.0,晴,22.0,29.0
2026-07-19 16:22,02,3.0,16,1.0,晴,30.0,33.0
2026-07-19 16:22,04,5.0,5,3.0,晴,26.0,32.0
2026-07-19 16:22,05,1.0,9,2.0,晴,29.0,31.0
2026-07-19 16:22,08,2.0,9,1.0,晴,30.0,30.0
2026-07-19 16:22,09,3.0,8,2.0,曇り,30.0,30.0
2026-07-19 16:22,11,3.0,13,3.0,晴,30.0,30.0
2026-07-19 16:22,12,0.0,13,1.0,晴,33.0,33.0
2026-07-19 16:22,16,3.0,13,3.0,晴,27.0,32.0
2026-07-19 16:22,17,2.0,11,2.0,晴,28.0,32.0
2026-07-19 16:22,19,2.0,11,2.0,晴,29.0,31.0
2026-07-19 16:22,20,1.0,10,1.0,晴,31.0,33.0
2026-07-19 18:29,01,3.0,14,2.0,晴,22.0,29.0
2026-07-19 18:29,04,4.0,5,3.0,晴,26.0,32.0
2026-07-19 18:29,05,1.0,9,2.0,晴,29.0,30.0
2026-07-19 18:29,12,0.0,13,1.0,晴,33.0,31.0
2026-07-19 18:29,16,2.0,13,3.0,晴,27.0,31.0
2026-07-19 18:29,20,1.0,10,1.0,晴,31.0,32.0
2026-07-19 19:57,01,2.0,14,1.0,晴,22.0,28.0
2026-07-19 19:57,12,2.0,13,1.0,曇り,33.0,30.0
2026-07-19 19:57,19,3.0,11,3.0,曇り,29.0,30.0
2026-07-19 19:57,20,1.0,10,1.0,晴,31.0,30.0
2026-07-19 20:53,01,0.0,14,0.0,晴,22.0,27.0
2026-07-19 20:53,19,1.0,11,1.0,曇り,29.0,30.0
2026-07-19 20:53,20,2.0,10,2.0,晴,31.0,30.0
2026-07-20 09:00,10,2.0,14,2.0,晴,29.0,30.0
2026-07-20 09:00,18,3.0,7,3.0,雨,28.0,26.0
2026-07-20 10:55,02,0.0,16,0.0,晴,30.0,33.0
2026-07-20 10:55,04,2.0,5,3.0,晴,27.0,31.0
2026-07-20 10:55,05,0.0,9,2.0,晴,29.0,32.0
2026-07-20 10:55,09,2.0,8,1.0,晴,30.0,30.0
2026-07-20 10:55,10,3.0,14,3.0,晴,29.0,31.0
2026-07-20 10:55,11,2.0,13,2.0,晴,30.0,31.0
2026-07-20 10:55,16,2.0,13,3.0,晴,27.0,30.0
2026-07-20 10:55,18,2.0,7,2.0,曇り,28.0,29.0
2026-07-20 14:32,02,1.0,16,1.0,晴,31.0,36.0
2026-07-20 14:32,04,2.0,5,3.0,晴,27.0,35.0
2026-07-20 14:32,05,1.0,9,1.0,晴,29.0,35.0
2026-07-20 14:32,09,3.0,8,2.0,晴,31.0,32.0
2026-07-20 14:32,10,3.0,14,3.0,晴,30.0,31.0
2026-07-20 14:32,11,2.0,13,2.0,晴,31.0,34.0
2026-07-20 14:32,12,1.0,13,1.0,晴,33.0,34.0
2026-07-20 14:32,16,2.0,13,3.0,晴,27.0,32.0
2026-07-20 14:32,18,2.0,7,2.0,曇り,29.0,32.0
2026-07-20 14:32,19,3.0,11,3.0,晴,30.0,30.0
2026-07-20 14:32,20,1.0,10,1.0,晴,32.0,31.0
2026-07-20 14:32,22,3.0,2,3.0,晴,26.0,32.0
2026-07-20 17:26,02,3.0,16,2.0,晴,31.0,36.0
2026-07-20 17:26,04,5.0,5,3.0,晴,27.0,33.0
2026-07-20 17:26,05,2.0,9,1.0,晴,29.0,33.0
2026-07-20 17:26,09,2.0,8,1.0,晴,31.0,33.0
2026-07-20 17:26,11,6.0,13,6.0,晴,31.0,32.0
2026-07-20 17:26,12,3.0,13,1.0,晴,33.0,33.0
2026-07-20 17:26,15,3.0,7,3.0,晴,27.0,34.0
2026-07-20 17:26,16,1.0,13,1.0,晴,27.0,33.0
2026-07-20 17:26,19,3.0,11,3.0,曇り,30.0,31.0
2026-07-20 17:26,20,3.0,10,3.0,曇り,32.0,31.0
2026-07-20 20:24,12,0.0,13,1.0,晴,33.0,31.0
2026-07-20 20:24,15,1.0,7,1.0,晴,27.0,32.0
2026-07-20 20:24,16,4.0,13,3.0,晴,27.0,32.0
2026-07-20 20:24,19,1.0,11,1.0,曇り,30.0,30.0
2026-07-20 20:24,20,1.0,10,1.0,晴,32.0,29.0
2026-07-20 20:24,22,3.0,2,3.0,曇り,26.0,31.0
2026-07-20 22:28,19,2.0,11,2.0,曇り,30.0,29.0
2026-07-21 08:58,10,1.0,14,1.0,曇り,30.0,29.0
2026-07-21 08:58,23,2.0,12,2.0,晴,31.0,29.0
2026-07-21 10:29,05,1.0,9,2.0,晴,29.0,33.0
2026-07-21 10:29,09,2.0,8,1.0,晴,31.0,32.0
2026-07-21 10:29,10,3.0,14,3.0,曇り,30.0,30.0
2026-07-21 10:29,11,5.0,13,5.0,晴,31.0,32.0
2026-07-21 10:29,23,3.0,12,3.0,晴,31.0,31.0
2026-07-21 13:51,04,4.0,5,3.0,曇り,27.0,33.0
2026-07-21 13:51,05,3.0,9,2.0,曇り,29.0,33.0
2026-07-21 13:51,09,3.0,8,2.0,晴,32.0,34.0
2026-07-21 13:51,10,2.0,14,2.0,晴,31.0,30.0
2026-07-21 13:51,11,3.0,13,3.0,晴,32.0,32.0
2026-07-21 13:51,16,1.0,13,1.0,晴,28.0,33.0
2026-07-21 13:51,19,3.0,11,3.0,晴,30.0,30.0
2026-07-21 13:51,22,3.0,2,3.0,晴,26.0,33.0
2026-07-21 13:51,23,3.0,12,3.0,晴,31.0,32.0
2026-07-21 16:27,04,4.0,5,3.0,晴,27.0,33.0
2026-07-21 16:27,05,1.0,9,2.0,晴,30.0,33.0
2026-07-21 16:27,11,3.0,13,3.0,晴,31.0,32.0
2026-07-21 16:27,12,1.0,13,1.0,晴,33.0,35.0
2026-07-21 16:27,15,3.0,7,3.0,晴,27.0,34.0
2026-07-21 16:27,16,4.0,13,3.0,晴,28.0,35.0
2026-07-21 16:27,19,4.0,11,4.0,晴,30.0,32.0
2026-07-21 16:27,20,1.0,10,1.0,晴,32.0,31.0
2026-07-21 19:05,04,5.0,5,3.0,晴,27.0,33.0
2026-07-21 19:05,12,3.0,13,1.0,晴,34.0,33.0
2026-07-21 19:05,15,1.0,7,1.0,晴,27.0,34.0
2026-07-21 19:05,19,1.0,11,1.0,晴,30.0,32.0
2026-07-21 19:05,22,3.0,2,3.0,晴,26.0,32.0
2026-07-21 21:00,12,0.0,13,1.0,晴,33.0,32.0
2026-07-21 21:00,15,1.0,7,1.0,晴,27.0,33.0
2026-07-21 21:00,19,3.0,11,3.0,晴,30.0,30.0
2026-07-21 21:00,20,1.0,10,1.0,晴,32.0,30.0
2026-07-22 08:57,10,1.0,14,1.0,晴,30.0,29.0
2026-07-22 08:57,14,2.0,15,2.0,晴,28.0,30.0
2026-07-22 08:57,23,2.0,12,2.0,晴,31.0,29.0
2026-07-22 10:28,05,2.0,9,2.0,晴,30.0,33.0
2026-07-22 10:28,08,2.0,9,1.0,晴,32.0,30.0
2026-07-22 10:28,09,2.0,8,1.0,晴,34.0,32.0
2026-07-22 10:28,10,1.0,14,1.0,晴,30.0,30.0
2026-07-22 10:28,13,3.0,10,0.0,晴,30.7,32.5
2026-07-22 10:28,14,0.0,15,1.0,晴,28.0,30.0
2026-07-22 10:28,23,1.0,12,1.0,晴,31.0,31.0
2026-07-22 13:50,05,3.0,9,2.0,晴,30.0,35.0
2026-07-22 13:50,08,2.0,9,1.0,晴,33.0,35.0
2026-07-22 13:50,09,2.0,8,1.0,晴,35.0,36.0
2026-07-22 13:50,10,2.0,14,2.0,晴,31.0,31.0
2026-07-22 13:50,13,4.0,10,0.0,晴,31.3,34.0
2026-07-22 13:50,14,1.0,15,1.0,晴,28.0,31.0
2026-07-22 13:50,16,2.0,13,3.0,晴,28.0,34.0
2026-07-22 13:50,19,2.0,11,2.0,晴,31.0,33.0
2026-07-22 13:50,22,3.0,2,3.0,晴,27.0,32.0
2026-07-22 13:50,23,4.0,12,4.0,晴,31.0,32.0
2026-07-22 16:29,08,1.0,9,1.0,晴,33.0,36.0
2026-07-22 16:29,09,3.0,8,2.0,晴,35.0,37.0
2026-07-22 16:29,13,4.0,10,0.0,晴,31.6,35.2
2026-07-22 16:29,15,2.0,7,2.0,晴,27.0,35.0
2026-07-22 16:29,16,2.0,13,3.0,晴,28.0,35.0
2026-07-22 16:29,19,3.0,11,3.0,晴,31.0,33.0
2026-07-22 16:29,22,3.0,2,3.0,晴,27.0,33.0
2026-07-22 19:03,05,2.0,9,2.0,晴,30.0,35.0
2026-07-22 19:03,15,1.0,7,1.0,晴,27.0,33.0
2026-07-22 19:03,19,1.0,11,1.0,晴,31.0,31.0
2026-07-22 19:03,22,3.0,2,3.0,晴,27.0,32.0
2026-07-22 19:03,24,2.0,3,1.0,晴,32.0,31.0
2026-07-22 21:03,15,1.0,7,1.0,晴,27.0,32.0
2026-07-22 21:03,19,1.0,11,1.0,晴,31.0,29.0
2026-07-22 21:03,24,1.0,3,1.0,晴,32.0,30.0
2026-07-22 23:23,24,1.0,3,1.0,晴,32.0,29.0
2026-07-23 09:01,14,3.0,15,3.0,晴,28.0,30.0
2026-07-23 09:01,21,1.0,1,1.0,晴,32.4,31.7
2026-07-23 09:01,23,3.0,12,3.0,晴,31.0,30.0
2026-07-23 10:47,03,3.0,4,5.0,晴,27.0,34.0
2026-07-23 10:47,08,3.0,9,1.0,晴,32.0,32.0
2026-07-23 10:47,09,2.0,8,1.0,晴,33.0,32.0
2026-07-23 10:47,13,5.0,10,3.0,晴,31.3,34.3
2026-07-23 10:47,14,1.0,15,1.0,晴,28.0,30.0
2026-07-23 10:47,21,1.0,1,1.0,晴,32.9,32.9
2026-07-23 10:47,23,3.0,12,3.0,晴,31.0,32.0
2026-07-23 14:15,01,4.0,14,3.0,晴,26.0,33.0
2026-07-23 14:15,03,4.0,4,5.0,晴,27.0,34.0
2026-07-23 14:15,05,4.0,9,2.0,晴,31.0,35.0
2026-07-23 14:15,08,2.0,9,1.0,晴,33.0,35.0
2026-07-23 14:15,09,2.0,8,1.0,晴,33.0,36.0
2026-07-23 14:15,13,5.0,10,3.0,晴,31.9,36.2
2026-07-23 14:15,14,1.0,15,1.0,晴,28.0,32.0
2026-07-23 14:15,19,4.0,11,4.0,晴,32.0,32.0
2026-07-23 14:15,21,4.0,1,4.0,晴,34.1,33.4
2026-07-23 14:15,22,3.0,2,3.0,晴,27.0,33.0
2026-07-23 14:15,23,3.0,12,3.0,晴,31.0,34.0
2026-07-23 16:44,01,3.0,14,2.0,曇り,26.0,30.0
2026-07-23 16:44,03,6.0,4,10.0,晴,27.0,33.0
2026-07-23 16:44,05,5.0,9,3.0,晴,31.0,34.0
2026-07-23 16:44,08,2.0,9,1.0,晴,33.0,36.0
2026-07-23 16:44,09,2.0,8,1.0,晴,34.0,37.0
2026-07-23 16:44,13,4.0,10,0.0,晴,32.1,35.8
2026-07-23 16:44,15,2.0,7,2.0,晴,27.0,36.0
2026-07-23 16:44,22,3.0,2,3.0,晴,27.0,32.0
2026-07-23 16:44,24,2.0,3,1.0,晴,32.0,31.0
2026-07-23 19:10,01,3.0,14,2.0,雨,26.0,28.0
2026-07-23 19:10,05,3.0,9,2.0,晴,30.0,34.0
2026-07-23 19:10,15,2.0,7,2.0,晴,27.0,33.0
2026-07-23 19:10,19,2.0,11,2.0,晴,32.0,30.0
2026-07-23 21:02,01,3.0,14,2.0,曇り,26.0,25.0
2026-07-23 21:02,19,2.0,11,2.0,晴,32.0,29.0
2026-07-23 21:02,24,2.0,3,1.0,晴,32.0,30.0
2026-07-23 23:33,24,1.0,3,1.0,晴,32.0,29.0
2026-07-24 09:03,14,2.0,15,2.0,晴,28.0,30.0
2026-07-24 09:03,21,0.0,1,1.0,晴,32.2,31.0
2026-07-24 09:03,23,1.0,12,1.0,晴,31.0,29.0
2026-07-24 10:43,02,1.0,16,1.0,曇り,32.0,30.0
2026-07-24 10:43,03,2.0,4,5.0,晴,28.0,28.0
2026-07-24 10:43,06,3.0,13,2.0,晴,28.0,29.0
2026-07-24 10:43,08,2.0,9,1.0,晴,32.0,30.0
2026-07-24 10:43,13,0.0,10,0.0,晴,31.2,36.0
2026-07-24 10:43,17,1.0,11,1.0,晴,29.0,30.0
2026-07-24 10:43,21,2.0,1,2.0,晴,32.9,31.7
2026-07-24 10:43,23,2.0,12,2.0,晴,31.0,32.0
2026-07-24 13:59,01,4.0,14,3.0,晴,25.0,28.0
2026-07-24 13:59,02,3.0,16,1.0,晴,32.0,33.0
2026-07-24 13:59,03,5.0,4,5.0,晴,28.0,33.0
2026-07-24 13:59,06,4.0,13,2.0,晴,28.0,29.0
2026-07-24 13:59,08,2.0,9,1.0,晴,33.0,34.0
2026-07-24 13:59,12,2.0,13,1.0,晴,33.0,36.0
2026-07-24 13:59,13,3.0,10,0.0,晴,31.8,36.0
2026-07-24 13:59,14,2.0,15,2.0,晴,28.0,32.0
2026-07-24 13:59,17,3.0,11,3.0,晴,30.0,33.0
2026-07-24 13:59,19,3.0,11,3.0,晴,33.0,33.0
2026-07-24 13:59,21,3.0,1,3.0,晴,33.9,31.8
2026-07-24 13:59,22,3.0,2,3.0,晴,27.0,33.0
2026-07-24 13:59,23,3.0,12,3.0,晴,31.0,34.0
2026-07-24 16:32,01,2.0,14,1.0,曇り,26.0,30.0
2026-07-24 16:32,02,7.0,16,4.0,雨,32.0,28.0
2026-07-24 16:32,03,8.0,4,10.0,晴,28.0,32.0
2026-07-24 16:32,06,3.0,13,2.0,晴,28.0,29.0
2026-07-24 16:32,08,3.0,9,1.0,晴,33.0,35.0
2026-07-24 16:32,12,1.0,13,1.0,晴,34.0,35.0
2026-07-24 16:32,13,6.0,10,4.0,晴,32.0,36.0
2026-07-24 16:32,15,2.0,7,2.0,晴,27.0,35.0
2026-07-24 16:32,17,2.0,11,2.0,晴,30.0,33.0
2026-07-24 18:58,01,3.0,14,2.0,曇り,25.0,27.0
2026-07-24 18:58,06,3.0,13,1.0,晴,28.0,29.0
2026-07-24 18:58,12,0.0,13,1.0,晴,34.0,34.0
2026-07-24 18:58,15,2.0,7,2.0,晴,27.0,34.0
2026-07-24 18:58,19,2.0,11,2.0,晴,33.0,32.0
2026-07-24 18:58,22,3.0,2,3.0,晴,27.0,32.0
2026-07-24 18:58,24,2.0,3,1.0,晴,32.0,32.0
2026-07-24 20:41,01,4.0,14,3.0,曇り,25.0,26.0
2026-07-24 20:41,12,2.0,13,1.0,晴,34.0,33.0
2026-07-24 20:41,15,2.0,7,2.0,晴,27.0,32.0
2026-07-24 20:41,19,3.0,11,3.0,晴,33.0,29.0
2026-07-24 20:41,24,1.0,3,1.0,晴,32.0,30.0
2026-07-25 09:06,14,1.0,15,1.0,晴,28.0,30.0
2026-07-25 09:06,17,1.0,11,1.0,晴,29.0,28.0
2026-07-25 09:06,21,2.0,1,2.0,晴,32.5,31.0
2026-07-25 09:06,23,1.0,12,1.0,晴,31.0,30.0
2026-07-25 10:43,02,1.0,16,1.0,晴,32.0,32.0
2026-07-25 10:43,03,1.0,4,5.0,晴,28.0,32.0
2026-07-25 10:43,06,1.0,13,0.0,晴,27.0,32.0
2026-07-25 10:43,08,3.0,9,2.0,晴,32.0,32.0
2026-07-25 10:43,13,3.0,10,0.0,晴,31.0,33.7
2026-07-25 10:43,17,1.0,11,1.0,晴,29.0,29.0
2026-07-25 10:43,21,2.0,1,2.0,晴,33.0,32.1
2026-07-25 10:43,23,1.0,12,1.0,晴,31.0,31.0
2026-07-25 13:55,01,5.0,14,4.0,晴,25.0,34.0
2026-07-25 13:55,02,2.0,16,1.0,晴,32.0,35.0
2026-07-25 13:55,03,4.0,4,5.0,晴,28.0,32.0
2026-07-25 13:55,04,3.0,5,3.0,曇り,28.0,34.0
2026-07-25 13:55,06,2.0,13,1.0,晴,28.0,37.0
2026-07-25 13:55,08,3.0,9,1.0,晴,32.0,35.0
2026-07-25 13:55,13,5.0,10,3.0,晴,31.7,35.4
2026-07-25 13:55,14,3.0,15,3.0,晴,28.0,31.0
2026-07-25 13:55,17,3.0,11,3.0,晴,30.0,32.0
2026-07-25 13:55,21,4.0,1,4.0,晴,33.9,32.5
2026-07-25 13:55,23,5.0,12,5.0,晴,31.0,32.0
2026-07-25 16:09,01,5.0,14,4.0,晴,25.0,33.0
2026-07-25 16:09,02,7.0,16,5.0,晴,32.0,31.0
2026-07-25 16:09,03,7.0,4,5.0,晴,28.0,32.0
2026-07-25 16:09,04,2.0,5,3.0,曇り,28.0,34.0
2026-07-25 16:09,06,3.0,13,2.0,晴,28.0,37.0
2026-07-25 16:09,08,6.0,9,4.0,晴,33.0,35.0
2026-07-25 16:09,12,2.0,13,1.0,晴,34.0,35.0
2026-07-25 16:09,13,4.0,10,0.0,晴,31.9,35.5
2026-07-25 16:09,15,2.0,7,2.0,晴,28.0,35.0
2026-07-25 16:09,20,2.0,10,2.0,晴,33.0,31.0
2026-07-25 18:12,01,5.0,14,4.0,晴,25.0,30.0
2026-07-25 18:12,04,1.0,5,3.0,曇り,28.0,29.0
2026-07-25 18:12,12,0.0,13,1.0,晴,34.0,34.0
2026-07-25 18:12,15,2.0,7,2.0,晴,28.0,34.0
2026-07-25 18:12,17,2.0,11,2.0,晴,30.0,32.0
2026-07-25 18:12,24,2.0,3,1.0,晴,33.0,32.0
2026-07-25 19:45,01,4.0,14,3.0,曇り,25.0,26.0
2026-07-25 19:45,12,3.0,13,1.0,晴,34.0,33.0
2026-07-25 19:45,15,1.0,7,1.0,晴,28.0,32.0
2026-07-25 19:45,20,2.0,10,2.0,晴,33.0,30.0
2026-07-25 19:45,24,1.0,3,1.0,晴,33.0,31.0
2026-07-25 20:56,01,3.0,14,2.0,曇り,25.0,25.0
2026-07-25 20:56,12,2.0,13,1.0,晴,33.0,33.0
2026-07-25 20:56,15,1.0,7,1.0,晴,28.0,31.0
2026-07-25 20:56,20,1.0,10,1.0,晴,33.0,30.0
2026-07-25 20:56,24,1.0,3,1.0,晴,33.0,30.0
2026-07-26 09:02,14,2.0,15,2.0,曇り,28.0,29.0
2026-07-26 09:02,21,1.0,1,1.0,晴,32.6,30.3
2026-07-26 09:02,23,2.0,12,2.0,晴,31.0,30.0
2026-07-26 10:46,02,2.0,16,1.0,晴,32.0,32.0
2026-07-26 10:46,03,2.0,4,5.0,晴,28.0,29.0
2026-07-26 10:46,06,3.0,13,2.0,晴,28.0,28.0
2026-07-26 10:46,08,2.0,9,1.0,晴,31.0,30.0
2026-07-26 10:46,13,1.0,10,0.0,晴,30.9,33.4
2026-07-26 10:46,14,2.0,15,2.0,晴,28.0,30.0
2026-07-26 10:46,17,1.0,11,1.0,晴,29.0,29.0
2026-07-26 10:46,21,3.0,1,3.0,晴,32.8,31.8
2026-07-26 10:46,23,3.0,12,3.0,晴,31.0,33.0
2026-07-26 14:20,01,1.0,14,1.0,曇り,24.0,29.0
2026-07-26 14:20,02,2.0,16,1.0,雨,32.0,29.0
2026-07-26 14:20,03,2.0,4,5.0,雨,28.0,26.0
2026-07-26 14:20,04,0.0,5,3.0,雨,28.0,25.0
2026-07-26 14:20,06,3.0,13,2.0,曇り,29.0,34.0
2026-07-26 14:20,08,3.0,9,1.0,晴,32.0,32.0
2026-07-26 14:20,12,2.0,13,1.0,晴,34.0,35.0
2026-07-26 14:20,13,5.0,10,3.0,晴,31.6,33.6
2026-07-26 14:20,14,1.0,15,1.0,晴,28.0,31.0
2026-07-26 14:20,17,3.0,11,3.0,晴,30.0,31.0
2026-07-26 14:20,20,2.0,10,2.0,晴,32.0,32.0
2026-07-26 14:20,21,4.0,1,4.0,晴,33.8,33.4
2026-07-26 14:20,23,4.0,12,4.0,晴,31.0,32.0
2026-07-26 16:55,01,3.0,14,2.0,曇り,25.0,29.0
2026-07-26 16:55,02,1.0,16,1.0,曇り,32.0,30.0
2026-07-26 16:55,03,2.0,4,5.0,晴,28.0,27.0
2026-07-26 16:55,04,1.0,5,3.0,曇り,28.0,30.0
2026-07-26 16:55,06,2.0,13,1.0,晴,29.0,35.0
2026-07-26 16:55,08,5.0,9,3.0,晴,32.0,33.0
2026-07-26 16:55,12,0.0,13,1.0,晴,34.0,34.0
2026-07-26 16:55,13,3.0,10,0.0,晴,31.6,33.2
2026-07-26 16:55,17,4.0,11,4.0,晴,30.0,33.0
2026-07-26 16:55,20,3.0,10,3.0,晴,32.0,32.0
2026-07-26 18:50,01,2.0,14,1.0,雨,24.0,27.0
2026-07-26 18:50,04,1.0,5,3.0,晴,28.0,30.0
2026-07-26 18:50,12,2.0,13,1.0,晴,33.0,33.0
2026-07-26 18:50,20,1.0,10,1.0,晴,32.0,31.0
2026-07-26 20:12,01,2.0,14,1.0,雨,24.0,25.0
2026-07-26 20:12,20,1.0,10,1.0,晴,32.0,30.0
2026-07-26 21:17,01,2.0,14,1.0,雨,24.0,24.0
2026-07-26 21:17,12,1.0,13,1.0,晴,33.0,33.0
2026-07-26 21:17,20,1.0,10,1.0,晴,32.0,29.0
2026-07-27 09:02,10,0.0,14,0.0,晴,29.0,28.0
2026-07-27 09:02,14,2.0,15,2.0,晴,28.0,30.0
2026-07-27 09:02,21,0.0,1,1.0,晴,32.7,31.4
2026-07-27 10:53,02,2.0,16,1.0,曇り,30.0,27.0
2026-07-27 10:53,03,2.0,4,5.0,曇り,28.0,26.0
2026-07-27 10:53,04,3.0,5,3.0,曇り,28.0,28.0
2026-07-27 10:53,06,4.0,13,2.0,晴,28.0,28.0
2026-07-27 10:53,09,3.0,8,2.0,晴,31.0,31.0
2026-07-27 10:53,10,1.0,14,1.0,曇り,29.0,28.0
2026-07-27 10:53,14,1.0,15,1.0,晴,28.0,31.0
2026-07-27 10:53,17,0.0,11,1.0,晴,29.0,30.0
2026-07-27 10:53,21,2.0,1,2.0,晴,33.3,32.6
2026-07-27 14:39,01,3.0,14,2.0,曇り,24.0,27.0
2026-07-27 14:39,02,3.0,16,2.0,晴,31.0,30.0
2026-07-27 14:39,03,3.0,4,5.0,晴,29.0,29.0
2026-07-27 14:39,04,2.0,5,3.0,曇り,28.0,29.0
2026-07-27 14:39,06,5.0,13,2.0,晴,29.0,28.0
2026-07-27 14:39,09,3.0,8,2.0,曇り,31.0,29.0
2026-07-27 14:39,10,3.0,14,3.0,曇り,30.0,29.0
2026-07-27 14:39,12,0.0,13,1.0,晴,33.0,35.0
2026-07-27 14:39,14,3.0,15,3.0,晴,28.0,32.0
2026-07-27 14:39,17,1.0,11,1.0,晴,30.0,32.0
2026-07-27 14:39,19,3.0,11,3.0,晴,33.0,34.0
2026-07-27 14:39,20,1.0,10,1.0,晴,33.0,33.0
2026-07-27 14:39,21,3.0,1,3.0,晴,34.5,33.2
2026-07-27 17:57,01,3.0,14,2.0,曇り,25.0,25.0
2026-07-27 17:57,02,4.0,16,3.0,曇り,31.0,29.0
2026-07-27 17:57,03,4.0,4,5.0,曇り,28.0,28.0
2026-07-27 17:57,04,2.0,5,3.0,曇り,28.0,28.0
2026-07-27 17:57,06,3.0,13,1.0,曇り,29.0,28.0
2026-07-27 17:57,09,3.0,8,2.0,晴,31.0,31.0
2026-07-27 17:57,12,0.0,13,1.0,晴,33.0,33.0
2026-07-27 17:57,17,2.0,11,2.0,雨,30.0,32.0
2026-07-27 17:57,19,3.0,11,3.0,晴,33.0,32.0
2026-07-27 17:57,20,3.0,10,3.0,晴,33.0,32.0
2026-07-27 21:19,01,3.0,14,2.0,雨,24.0,22.0
2026-07-27 21:19,12,2.0,13,1.0,晴,33.0,32.0
2026-07-27 21:19,19,3.0,11,3.0,晴,33.0,30.0
2026-07-27 21:19,20,1.0,10,1.0,晴,33.0,30.0
2026-07-28 00:17,02,5.0,16,3.0,曇り,31.0,28.0
2026-07-28 00:17,06,3.0,13,1.0,晴,29.0,28.0
2026-07-28 00:17,09,3.0,8,2.0,晴,31.0,32.0
2026-07-28 00:17,10,4.0,14,4.0,晴,30.0,28.0
2026-07-28 00:17,12,2.0,13,1.0,晴,33.0,31.0
2026-07-28 00:17,14,1.0,15,1.0,晴,28.0,32.0
2026-07-28 00:17,17,1.0,11,1.0,曇り,30.0,31.0
2026-07-28 00:17,19,2.0,11,2.0,晴,33.0,30.0
2026-07-28 00:17,20,3.0,10,3.0,晴,33.0,30.0
2026-07-28 00:17,21,4.0,1,4.0,晴,34.6,33.5
2026-07-28 09:04,10,1.0,14,1.0,雨,28.0,26.0
2026-07-28 09:04,21,3.0,1,3.0,晴,32.7,31.7
2026-07-28 10:27,03,1.0,4,5.0,曇り,28.0,26.0
2026-07-28 10:27,09,2.0,8,1.0,曇り,31.0,31.0
2026-07-28 10:27,10,3.0,14,3.0,雨,28.0,24.0
2026-07-28 10:27,11,3.0,13,3.0,晴,32.0,32.0
2026-07-28 10:27,17,3.0,11,3.0,晴,29.0,30.0
2026-07-28 10:27,21,3.0,1,3.0,晴,33.2,33.0
2026-07-28 13:46,03,7.0,4,5.0,曇り,28.0,28.0
2026-07-28 13:46,04,5.0,5,3.0,曇り,28.0,29.0
2026-07-28 13:46,09,3.0,8,2.0,晴,31.0,31.0
2026-07-28 13:46,10,3.0,14,3.0,雨,28.0,23.0
2026-07-28 13:46,11,7.0,13,7.0,晴,31.0,33.0
2026-07-28 13:46,16,3.0,13,3.0,晴,29.0,34.0
2026-07-28 13:46,17,0.0,11,1.0,晴,29.0,32.0
2026-07-28 13:46,21,6.0,1,6.0,晴,34.1,33.0
2026-07-28 16:31,03,5.0,4,5.0,雨,28.0,27.0
2026-07-28 16:31,04,4.0,5,3.0,雨,28.0,27.0
2026-07-28 16:31,09,5.0,8,3.0,晴,31.0,34.0
2026-07-28 16:31,10,2.0,14,2.0,雨,27.0,23.0
2026-07-28 16:31,11,4.0,13,3.0,雨,31.0,23.0
2026-07-28 16:31,15,4.0,7,4.0,晴,28.0,34.0
2026-07-28 16:31,16,2.0,13,3.0,晴,29.0,35.0
2026-07-28 16:31,17,2.0,11,2.0,晴,30.0,33.0
2026-07-28 16:31,19,3.0,11,3.0,晴,33.0,31.0
2026-07-28 16:31,20,5.0,10,5.0,晴,32.0,33.0
2026-07-28 16:31,24,2.0,3,1.0,晴,32.0,31.0
2026-07-28 19:11,04,2.0,5,3.0,雨,28.0,28.0
2026-07-28 19:11,09,,8,,雨,,
2026-07-28 19:11,11,3.0,13,2.0,雨,31.0,23.0
2026-07-28 19:11,15,5.0,7,5.0,晴,28.0,32.0
2026-07-28 19:11,16,1.0,13,3.0,晴,29.0,35.0
2026-07-28 19:11,19,2.0,11,2.0,晴,33.0,30.0
2026-07-28 19:11,20,4.0,10,4.0,晴,32.0,31.0
2026-07-28 21:14,15,2.0,7,2.0,晴,28.0,31.0
2026-07-28 21:14,19,3.0,11,3.0,晴,33.0,29.0
2026-07-28 21:14,20,4.0,10,4.0,晴,32.0,30.0
2026-07-28 21:14,24,2.0,3,1.0,晴,32.0,30.0
2026-07-29 08:59,10,1.0,14,1.0,晴,26.0,26.0
2026-07-29 08:59,18,1.0,7,1.0,曇り,28.0,28.0
2026-07-29 08:59,23,3.0,12,3.0,曇り,32.0,29.0
2026-07-29 10:28,09,,8,,晴,,
2026-07-29 10:28,10,2.0,14,2.0,晴,26.0,27.0
2026-07-29 10:28,11,4.0,13,2.0,晴,30.0,29.0
2026-07-29 10:28,17,1.0,11,1.0,曇り,28.0,28.0
2026-07-29 10:28,18,3.0,7,3.0,曇り,28.0,30.0
2026-07-29 10:28,23,4.0,12,4.0,曇り,32.0,30.0
2026-07-29 13:51,04,2.0,5,3.0,曇り,28.0,34.0
2026-07-29 13:51,10,1.0,14,1.0,曇り,27.0,27.0
2026-07-29 13:51,11,3.0,13,3.0,晴,31.0,32.0
2026-07-29 13:51,16,2.0,13,3.0,晴,28.0,32.0
2026-07-29 13:51,17,1.0,11,1.0,曇り,29.0,30.0
2026-07-29 13:51,18,4.0,7,4.0,曇り,28.0,30.0
2026-07-29 13:51,19,3.0,11,3.0,曇り,32.0,30.0
2026-07-29 13:51,22,4.0,2,4.0,曇り,29.0,32.0
2026-07-29 13:51,23,4.0,12,4.0,晴,32.0,32.0
2026-07-29 16:36,11,1.0,13,1.0,晴,31.0,31.0
2026-07-29 16:36,15,3.0,7,3.0,曇り,28.0,30.0
2026-07-29 16:36,16,3.0,13,3.0,曇り,28.0,31.0
2026-07-29 16:36,17,2.0,11,2.0,晴,28.0,30.0
2026-07-29 16:36,20,5.0,10,5.0,曇り,30.0,31.0
2026-07-29 16:36,22,4.0,2,4.0,晴,29.0,32.0
2026-07-29 16:36,24,2.0,3,1.0,晴,32.0,31.0
2026-07-29 19:15,04,5.0,5,4.0,晴,28.0,34.0
2026-07-29 19:15,15,3.0,7,3.0,晴,28.0,29.0
2026-07-29 19:15,16,1.0,13,1.0,曇り,28.0,31.0
2026-07-29 19:15,19,2.0,11,2.0,晴,32.0,29.0
2026-07-29 19:15,20,6.0,10,6.0,晴,30.0,30.0
2026-07-29 19:15,22,3.0,2,3.0,曇り,29.0,31.0
2026-07-29 19:15,24,2.0,3,1.0,晴,32.0,30.0
2026-07-29 21:21,19,4.0,11,4.0,晴,32.0,29.0
2026-07-29 21:21,20,7.0,10,7.0,晴,30.0,29.0
2026-07-30 09:02,10,2.0,14,2.0,曇り,27.0,28.0
2026-07-30 09:02,18,3.0,7,3.0,曇り,27.0,28.0
2026-07-30 09:02,23,4.0,12,4.0,曇り,31.0,29.0
2026-07-30 10:21,08,2.0,9,1.0,晴,30.0,30.0
2026-07-30 10:21,10,1.0,14,1.0,曇り,27.0,29.0
2026-07-30 10:21,11,3.0,13,2.0,晴,30.0,31.0
2026-07-30 10:21,18,3.0,7,3.0,晴,27.0,29.0
2026-07-30 10:21,23,3.0,12,3.0,晴,31.0,30.0
2026-07-30 13:38,04,2.0,5,3.0,晴,28.0,33.0
2026-07-30 13:38,08,2.0,9,1.0,晴,31.0,33.0
2026-07-30 13:38,10,2.0,14,2.0,晴,28.0,30.0
2026-07-30 13:38,11,3.0,13,3.0,晴,31.0,31.0
2026-07-30 13:38,16,6.0,13,5.0,晴,28.0,33.0
2026-07-30 13:38,18,6.0,7,6.0,晴,28.0,32.0
2026-07-30 13:38,22,5.0,2,5.0,晴,29.0,33.0
2026-07-30 13:38,23,4.0,12,4.0,晴,31.0,32.0
2026-07-30 16:18,04,2.0,5,3.0,晴,28.0,35.0
2026-07-30 16:18,08,2.0,9,1.0,晴,31.0,34.0
2026-07-30 16:18,11,5.0,13,6.0,晴,31.0,30.0
2026-07-30 16:18,15,3.0,7,3.0,晴,28.0,33.0
2026-07-30 16:18,16,3.0,13,3.0,晴,28.0,34.0
2026-07-30 16:18,19,5.0,11,5.0,晴,31.0,30.0
2026-07-30 18:44,04,1.0,5,3.0,晴,28.0,34.0
2026-07-30 18:44,15,3.0,7,3.0,晴,28.0,32.0
2026-07-30 18:44,16,1.0,13,3.0,晴,28.0,33.0
2026-07-30 18:44,19,4.0,11,4.0,晴,31.0,29.0
2026-07-30 18:44,22,5.0,2,5.0,晴,29.0,32.0
2026-07-30 20:44,15,3.0,7,3.0,晴,28.0,31.0
2026-07-30 20:44,19,3.0,11,3.0,晴,31.0,29.0
2026-07-30 20:44,24,2.0,3,1.0,晴,32.0,29.0
2026-07-31 09:04,10,2.0,14,2.0,曇り,27.0,28.0
2026-07-31 09:04,18,3.0,7,3.0,晴,27.0,30.0
2026-07-31 09:04,23,3.0,12,3.0,晴,31.0,29.0
2026-07-31 10:47,05,2.0,9,2.0,晴,29.0,32.0
2026-07-31 10:47,06,3.0,13,1.0,晴,26.0,33.0
2026-07-31 10:47,08,3.0,9,2.0,晴,30.0,31.0
2026-07-31 10:47,10,3.0,14,3.0,曇り,27.0,28.0
2026-07-31 10:47,11,3.0,13,3.0,晴,31.0,30.0
2026-07-31 10:47,13,4.0,10,0.0,晴,30.7,32.6
2026-07-31 10:47,18,2.0,7,2.0,晴,27.0,31.0
2026-07-31 10:47,23,4.0,12,4.0,晴,31.0,31.0
2026-07-31 14:24,01,3.0,14,2.0,晴,23.0,29.0
2026-07-31 14:24,05,0.0,9,2.0,曇り,29.0,34.0
2026-07-31 14:24,06,3.0,13,1.0,晴,27.0,34.0
2026-07-31 14:24,08,3.0,9,1.0,曇り,31.0,32.0
2026-07-31 14:24,10,1.0,14,1.0,晴,28.0,29.0
2026-07-31 14:24,11,3.0,13,3.0,晴,32.0,31.0
2026-07-31 14:24,13,3.0,10,0.0,晴,31.1,33.8
2026-07-31 14:24,16,5.0,13,5.0,晴,28.0,33.0
2026-07-31 14:24,18,5.0,7,5.0,晴,29.0,33.0
2026-07-31 14:24,19,4.0,11,4.0,晴,31.0,31.0
2026-07-31 14:24,20,5.0,10,5.0,晴,31.0,33.0
2026-07-31 14:24,22,3.0,2,3.0,晴,29.0,33.0
2026-07-31 14:24,23,2.0,12,2.0,晴,31.0,33.0
2026-07-31 14:24,24,2.0,3,1.0,晴,32.0,31.0
2026-07-31 17:18,01,3.0,14,2.0,晴,24.0,29.0
2026-07-31 17:18,05,2.0,9,2.0,曇り,29.0,33.0
2026-07-31 17:18,06,5.0,13,3.0,晴,27.0,29.0
2026-07-31 17:18,08,4.0,9,2.0,晴,31.0,33.0
2026-07-31 17:18,11,4.0,13,5.0,晴,31.0,30.0
2026-07-31 17:18,13,5.0,10,3.0,晴,31.3,34.7
2026-07-31 17:18,15,2.0,7,2.0,晴,28.0,33.0
2026-07-31 17:18,16,2.0,13,3.0,晴,28.0,34.0
2026-07-31 17:18,19,4.0,11,4.0,晴,31.0,30.0
2026-07-31 17:18,20,4.0,10,4.0,晴,31.0,31.0
2026-07-31 20:01,01,4.0,14,3.0,曇り,24.0,28.0
2026-07-31 20:01,15,1.0,7,1.0,晴,28.0,31.0
2026-07-31 20:01,16,1.0,13,3.0,晴,28.0,33.0
2026-07-31 20:01,19,2.0,11,2.0,晴,31.0,29.0
2026-07-31 20:01,20,4.0,10,4.0,晴,31.0,29.0
2026-07-31 20:01,24,2.0,3,1.0,晴,32.0,30.0
2026-07-31 22:06,01,4.0,14,3.0,曇り,23.0,28.0
2026-08-01 09:03,10,2.0,14,2.0,曇り,28.0,28.0
2026-08-01 09:03,18,3.0,7,3.0,晴,27.0,28.0
2026-08-01 09:03,23,3.0,12,3.0,晴,31.0,30.0
2026-08-01 10:49,05,1.0,9,2.0,晴,29.0,32.0
2026-08-01 10:49,06,4.0,13,2.0,晴,26.0,32.0
2026-08-01 10:49,08,3.0,9,1.0,晴,30.0,30.0
2026-08-01 10:49,10,2.0,14,2.0,曇り,28.0,29.0
2026-08-01 10:49,11,3.0,13,3.0,晴,31.0,31.0
2026-08-01 10:49,13,4.0,10,0.0,晴,30.5,31.5
2026-08-01 10:49,18,4.0,7,4.0,晴,27.0,30.0
2026-08-01 10:49,23,3.0,12,3.0,晴,31.0,32.0
2026-08-01 14:17,01,5.0,14,4.0,晴,23.0,34.0
2026-08-01 14:17,05,0.0,9,2.0,晴,29.0,36.0
2026-08-01 14:17,06,2.0,13,1.0,晴,26.0,35.0
2026-08-01 14:17,08,3.0,9,1.0,晴,31.0,34.0
2026-08-01 14:17,10,0.0,14,0.0,晴,29.0,30.0
2026-08-01 14:17,11,4.0,13,4.0,晴,32.0,31.0
2026-08-01 14:17,13,5.0,10,3.0,晴,31.3,34.5
2026-08-01 14:17,16,4.0,13,5.0,晴,28.0,34.0
2026-08-01 14:17,18,4.0,7,4.0,晴,28.0,33.0
2026-08-01 14:17,20,2.0,10,2.0,晴,30.0,33.0
2026-08-01 14:17,22,3.0,2,3.0,晴,29.0,34.0
2026-08-01 14:17,23,4.0,12,4.0,晴,31.0,34.0
2026-08-01 16:38,01,4.0,14,3.0,曇り,23.0,32.0
2026-08-01 16:38,05,1.0,9,2.0,晴,30.0,34.0
2026-08-01 16:38,06,3.0,13,2.0,晴,27.0,33.0
2026-08-01 16:38,08,5.0,9,2.0,晴,31.0,34.0
2026-08-01 16:38,11,3.0,13,4.0,晴,31.0,31.0
2026-08-01 16:38,13,5.0,10,3.0,晴,31.3,34.0
2026-08-01 16:38,15,2.0,7,2.0,晴,28.0,35.0
2026-08-01 16:38,16,1.0,13,3.0,晴,28.0,35.0
2026-08-01 16:38,20,2.0,10,2.0,晴,30.0,31.0
2026-08-01 18:34,01,4.0,14,3.0,曇り,23.0,31.0
2026-08-01 18:34,05,2.0,9,2.0,晴,29.0,34.0
2026-08-01 18:34,06,2.0,13,1.0,晴,27.0,34.0
2026-08-01 18:34,15,2.0,7,2.0,晴,28.0,32.0
2026-08-01 18:34,16,1.0,13,1.0,晴,28.0,34.0
2026-08-01 18:34,20,3.0,10,3.0,晴,30.0,31.0
2026-08-01 18:34,22,3.0,2,3.0,晴,29.0,33.0
2026-08-01 20:03,01,2.0,14,1.0,曇り,23.0,30.0
2026-08-01 20:03,15,1.0,7,1.0,晴,28.0,31.0
2026-08-01 20:03,20,4.0,10,4.0,晴,30.0,30.0
2026-08-01 21:13,01,2.0,14,1.0,曇り,23.0,29.0
2026-08-01 21:13,15,2.0,7,2.0,晴,28.0,31.0
2026-08-02 08:58,21,3.0,1,3.0,晴,31.2,31.8
2026-08-02 08:58,23,1.0,12,1.0,晴,32.0,29.0
2026-08-02 10:45,05,2.0,9,2.0,晴,30.0,34.0
2026-08-02 10:45,06,0.0,13,0.0,晴,27.0,32.0
2026-08-02 10:45,08,3.0,9,2.0,晴,30.0,32.0
2026-08-02 10:45,11,0.0,13,1.0,晴,31.0,33.0
2026-08-02 10:45,13,3.0,10,0.0,晴,30.5,35.5
2026-08-02 10:45,21,3.0,1,3.0,晴,31.7,33.4
2026-08-02 10:45,23,1.0,12,1.0,晴,32.0,32.0
2026-08-02 14:16,01,4.0,14,3.0,晴,23.0,31.0
2026-08-02 14:16,05,3.0,9,2.0,晴,30.0,35.0
2026-08-02 14:16,06,3.0,13,2.0,晴,27.0,32.0
2026-08-02 14:16,08,2.0,9,1.0,晴,31.0,34.0
2026-08-02 14:16,11,3.0,13,2.0,晴,33.0,34.0
2026-08-02 14:16,13,4.0,10,0.0,晴,30.9,34.5
2026-08-02 14:16,16,2.0,13,3.0,晴,29.0,35.0
2026-08-02 14:16,20,4.0,10,4.0,晴,33.0,33.0
2026-08-02 14:16,21,4.0,1,4.0,晴,33.1,33.2
2026-08-02 14:16,22,3.0,2,3.0,晴,29.0,34.0
2026-08-02 14:16,23,5.0,12,5.0,晴,32.0,33.0
2026-08-02 16:41,01,5.0,14,4.0,曇り,24.0,29.0
2026-08-02 16:41,05,2.0,9,3.0,晴,30.0,32.0
2026-08-02 16:41,06,3.0,13,1.0,晴,28.0,31.0
2026-08-02 16:41,08,3.0,9,1.0,晴,32.0,35.0
2026-08-02 16:41,11,2.0,13,2.0,晴,33.0,32.0
2026-08-02 16:41,13,5.0,10,3.0,晴,31.0,37.4
2026-08-02 16:41,15,2.0,7,2.0,晴,27.0,35.0
2026-08-02 16:41,20,2.0,10,2.0,晴,33.0,32.0
2026-08-02 18:47,01,5.0,14,4.0,曇り,24.0,26.0
2026-08-02 18:47,05,4.0,9,3.0,曇り,30.0,31.0
2026-08-02 18:47,15,1.0,7,1.0,晴,27.0,33.0
2026-08-02 18:47,16,1.0,13,1.0,晴,29.0,35.0
2026-08-02 18:47,20,1.0,10,1.0,晴,33.0,31.0
2026-08-02 18:47,22,3.0,2,3.0,晴,29.0,33.0
2026-08-02 20:10,01,3.0,14,2.0,曇り,24.0,24.0
2026-08-02 20:10,15,1.0,7,1.0,晴,27.0,31.0
2026-08-02 20:10,20,1.0,10,1.0,晴,33.0,30.0
2026-08-02 21:15,01,4.0,14,3.0,雨,24.0,24.0
2026-08-03 09:00,21,1.0,1,1.0,晴,32.2,31.9
2026-08-03 09:00,23,3.0,12,3.0,晴,32.0,31.0
2026-08-03 10:48,05,1.0,9,2.0,曇り,29.0,23.0
2026-08-03 10:48,06,2.0,13,1.0,曇り,27.0,28.0
2026-08-03 10:48,08,2.0,9,1.0,曇り,30.0,28.0
2026-08-03 10:48,13,1.0,10,0.0,曇り,30.3,35.5
2026-08-03 10:48,17,0.0,11,1.0,晴,27.0,32.0
2026-08-03 10:48,21,2.0,1,2.0,晴,32.8,34.9
2026-08-03 14:30,01,4.0,14,3.0,曇り,23.0,25.0
2026-08-03 14:30,04,5.0,5,3.0,曇り,29.0,27.0
2026-08-03 14:30,05,2.0,9,2.0,曇り,29.0,25.0
2026-08-03 14:30,06,3.0,13,2.0,晴,27.0,27.0
2026-08-03 14:30,08,2.0,9,1.0,晴,31.0,30.0
2026-08-03 14:30,13,3.0,10,0.0,晴,31.1,36.5
2026-08-03 14:30,17,3.0,11,3.0,晴,29.0,34.0
2026-08-03 14:30,19,2.0,11,2.0,晴,31.0,33.0
2026-08-03 14:30,20,3.0,10,3.0,晴,33.0,35.0
2026-08-03 14:30,21,4.0,1,4.0,晴,34.0,35.6
2026-08-03 14:30,22,3.0,2,3.0,晴,29.0,34.0
2026-08-03 14:30,23,6.0,12,6.0,晴,32.0,33.0
2026-08-03 17:49,01,2.0,14,1.0,雨,23.0,23.0
2026-08-03 17:49,04,3.0,5,3.0,曇り,29.0,26.0
2026-08-03 17:49,05,2.0,9,2.0,曇り,29.0,26.0
2026-08-03 17:49,06,3.0,13,1.0,曇り,28.0,27.0
2026-08-03 17:49,13,3.0,10,0.0,曇り,31.2,33.9
2026-08-03 17:49,17,4.0,11,4.0,晴,29.0,35.0
2026-08-03 17:49,19,4.0,11,4.0,晴,31.0,34.0
2026-08-03 17:49,20,4.0,10,4.0,晴,33.0,33.0
2026-08-03 17:49,22,4.0,2,4.0,晴,29.0,34.0
2026-08-03 21:11,01,2.0,14,1.0,曇り,23.0,22.0
2026-08-03 21:11,19,5.0,11,5.0,晴,31.0,31.0
2026-08-03 21:11,20,2.0,10,2.0,晴,33.0,32.0
2026-08-04 00:17,01,2.0,14,1.0,曇り,23.0,21.0
2026-08-04 00:17,04,2.0,5,3.0,曇り,29.0,26.0
2026-08-04 00:17,06,4.0,13,2.0,曇り,28.0,27.0
2026-08-04 00:17,13,2.0,10,0.0,雨,31.2,31.6
2026-08-04 00:17,17,4.0,11,4.0,晴,29.0,34.0
2026-08-04 00:17,21,3.0,1,3.0,晴,34.2,36.4
2026-08-04 00:17,23,6.0,12,6.0,晴,32.0,32.0
2026-08-04 09:11,10,1.0,14,1.0,曇り,29.0,29.0
2026-08-04 09:11,21,2.0,1,2.0,曇り,32.5,30.6
2026-08-04 10:23,05,1.0,9,2.0,晴,28.0,26.0
2026-08-04 10:23,06,0.0,13,0.0,曇り,27.0,26.0
2026-08-04 10:23,08,2.0,9,1.0,曇り,30.0,26.0
2026-08-04 10:23,10,1.0,14,1.0,曇り,30.0,29.0
2026-08-04 10:23,13,2.0,10,0.0,曇り,29.9,30.4
2026-08-04 10:23,17,1.0,11,1.0,曇り,28.0,29.0
2026-08-04 10:23,21,2.0,1,2.0,曇り,32.6,32.3
2026-08-04 13:47,01,0.0,14,,曇り,22.0,25.0
2026-08-04 13:47,04,1.0,5,3.0,晴,29.0,29.0
2026-08-04 13:47,05,3.0,9,2.0,晴,28.0,28.0
2026-08-04 13:47,06,0.0,13,0.0,晴,27.0,27.0
2026-08-04 13:47,08,3.0,9,1.0,曇り,30.0,27.0
2026-08-04 13:47,10,2.0,14,2.0,晴,30.0,30.0
2026-08-04 13:47,13,1.0,10,0.0,晴,30.6,34.8
2026-08-04 13:47,17,4.0,11,4.0,晴,28.0,31.0
2026-08-04 13:47,21,4.0,1,4.0,晴,33.9,34.2
2026-08-04 16:30,01,2.0,14,1.0,晴,22.0,26.0
2026-08-04 16:30,04,2.0,5,3.0,晴,29.0,28.0
2026-08-04 16:30,05,5.0,9,3.0,晴,29.0,29.0
2026-08-04 16:30,06,3.0,13,1.0,晴,27.0,28.0
2026-08-04 16:30,08,2.0,9,1.0,晴,31.0,28.0
2026-08-04 16:30,12,2.0,13,1.0,晴,32.0,33.0
2026-08-04 16:30,13,2.0,10,0.0,晴,30.8,35.4
2026-08-04 16:30,17,3.0,11,3.0,晴,29.0,32.0
2026-08-04 16:30,19,2.0,11,2.0,晴,31.0,31.0
2026-08-04 16:30,21,4.0,1,4.0,晴,34.0,32.2
2026-08-04 19:14,01,4.0,14,3.0,曇り,22.0,25.0
2026-08-04 19:14,04,1.0,5,3.0,晴,29.0,27.0
2026-08-04 19:14,05,4.0,9,3.0,晴,29.0,28.0
2026-08-04 19:14,12,0.0,13,1.0,晴,32.0,30.0
2026-08-04 19:14,19,3.0,11,3.0,晴,31.0,31.0
2026-08-04 21:19,01,3.0,14,2.0,曇り,22.0,23.0
2026-08-04 21:19,19,4.0,11,4.0,晴,31.0,30.0
2026-08-05 09:06,10,1.0,14,1.0,晴,29.0,29.0
2026-08-05 09:06,14,2.0,15,2.0,晴,28.0,28.0
2026-08-05 09:06,21,3.0,1,3.0,曇り,32.1,29.7
2026-08-05 10:29,05,2.0,9,2.0,晴,28.0,27.0
2026-08-05 10:29,09,2.0,8,1.0,晴,29.0,29.0
2026-08-05 10:29,10,2.0,14,2.0,晴,29.0,30.0
2026-08-05 10:29,14,1.0,15,1.0,晴,28.0,29.0
2026-08-05 10:29,17,1.0,11,1.0,晴,28.0,29.0
2026-08-05 10:29,21,1.0,1,1.0,曇り,32.3,30.9
2026-08-05 13:46,01,1.0,14,1.0,晴,22.0,30.0
2026-08-05 13:46,04,1.0,5,3.0,曇り,27.0,30.0
2026-08-05 13:46,05,2.0,9,2.0,晴,28.0,30.0
2026-08-05 13:46,06,4.0,13,2.0,晴,28.0,29.0
2026-08-05 13:46,09,4.0,8,2.0,晴,29.0,31.0
2026-08-05 13:46,10,4.0,14,4.0,晴,30.0,30.0
2026-08-05 13:46,14,1.0,15,1.0,晴,28.0,30.0
2026-08-05 13:46,17,1.0,11,1.0,晴,29.0,31.0
2026-08-05 13:46,19,2.0,11,2.0,晴,32.0,30.0
2026-08-05 13:46,21,4.0,1,4.0,晴,33.0,34.1
2026-08-05 16:31,01,3.0,14,2.0,晴,23.0,28.0
2026-08-05 16:31,04,2.0,5,3.0,曇り,27.0,30.0
2026-08-05 16:31,05,2.0,9,2.0,晴,28.0,31.0
2026-08-05 16:31,06,3.0,13,1.0,晴,28.0,29.0
2026-08-05 16:31,09,5.0,8,3.0,晴,30.0,32.0
2026-08-05 16:31,10,4.0,14,4.0,晴,31.0,30.0
2026-08-05 16:31,12,1.0,13,1.0,晴,32.0,34.0
2026-08-05 16:31,14,2.0,15,2.0,晴,28.0,31.0
2026-08-05 16:31,17,3.0,11,3.0,晴,29.0,32.0
2026-08-05 16:31,21,4.0,1,4.0,晴,33.3,35.0
2026-08-05 19:13,01,4.0,14,3.0,曇り,23.0,27.0
2026-08-05 19:13,04,3.0,5,3.0,曇り,27.0,29.0
2026-08-05 19:13,06,4.0,13,2.0,晴,28.0,29.0
2026-08-05 19:13,12,0.0,13,1.0,晴,32.0,32.0
2026-08-05 19:13,19,4.0,11,4.0,晴,32.0,30.0
2026-08-05 21:17,01,3.0,14,2.0,曇り,23.0,26.0
2026-08-05 21:17,12,0.0,13,1.0,晴,32.0,31.0
2026-08-05 21:17,19,4.0,11,4.0,晴,32.0,29.0
2026-08-06 09:01,10,1.0,14,1.0,晴,29.0,30.0
2026-08-06 09:01,14,1.0,15,1.0,晴,29.0,30.0
2026-08-06 10:26,02,2.0,16,1.0,曇り,29.0,28.0
2026-08-06 10:26,09,2.0,8,1.0,晴,30.0,30.0
2026-08-06 10:26,10,2.0,14,2.0,晴,30.0,30.0
2026-08-06 10:26,14,2.0,15,2.0,晴,29.0,31.0
2026-08-06 10:26,17,1.0,11,1.0,晴,28.0,30.0
2026-08-06 10:26,18,4.0,7,4.0,晴,28.0,32.0
2026-08-06 13:47,02,3.0,16,2.0,晴,30.0,31.0
2026-08-06 13:47,04,1.0,5,3.0,晴,27.0,29.0
2026-08-06 13:47,09,6.0,8,5.0,晴,30.0,31.0
2026-08-06 13:47,10,6.0,14,6.0,晴,31.0,30.0
2026-08-06 13:47,14,3.0,15,3.0,晴,29.0,32.0
2026-08-06 13:47,17,1.0,11,1.0,晴,29.0,32.0
2026-08-06 13:47,18,4.0,7,4.0,晴,29.0,35.0
2026-08-06 13:47,19,3.0,11,3.0,晴,32.0,30.0
2026-08-06 16:32,02,4.0,16,3.0,晴,30.0,32.0
2026-08-06 16:32,04,1.0,5,3.0,晴,27.0,30.0
2026-08-06 16:32,09,6.0,8,5.0,晴,31.0,31.0
2026-08-06 16:32,12,4.0,13,2.0,晴,31.0,33.0
2026-08-06 16:32,14,2.0,15,2.0,曇り,29.0,33.0
2026-08-06 16:32,17,2.0,11,2.0,晴,30.0,33.0
2026-08-06 16:32,18,4.0,7,4.0,晴,29.0,36.0
2026-08-06 16:32,19,2.0,11,2.0,晴,32.0,31.0
2026-08-06 16:32,24,7.0,3,6.0,晴,32.0,35.0
2026-08-06 19:14,04,3.0,5,3.0,晴,27.0,30.0
2026-08-06 19:14,12,1.0,13,1.0,晴,31.0,32.0
2026-08-06 19:14,19,3.0,11,3.0,晴,32.0,31.0
2026-08-06 19:14,24,5.0,3,4.0,晴,32.0,33.0
2026-08-06 21:19,12,2.0,13,1.0,晴,31.0,31.0
2026-08-06 21:19,24,5.0,3,4.0,晴,32.0,32.0
2026-08-07 11:04,02,2.0,16,1.0,晴,30.0,32.0
2026-08-07 11:04,04,4.0,5,3.0,晴,27.0,33.0
2026-08-07 11:04,09,5.0,8,3.0,晴,29.0,30.0
2026-08-07 11:04,10,3.0,14,3.0,晴,30.0,32.0
2026-08-07 11:04,14,3.0,15,3.0,晴,29.0,31.0
2026-08-07 11:04,17,1.0,11,1.0,晴,29.0,30.0
2026-08-07 11:04,18,4.0,7,4.0,晴,28.0,32.0
2026-08-07 13:33,02,4.0,16,2.0,晴,31.0,33.0
2026-08-07 13:33,04,3.0,5,3.0,晴,27.0,33.0
2026-08-07 13:33,09,7.0,8,5.0,晴,30.0,30.0
2026-08-07 13:33,10,5.0,14,5.0,晴,31.0,31.0
2026-08-07 13:33,14,6.0,15,6.0,晴,29.0,31.0
2026-08-07 13:33,17,2.0,11,2.0,晴,30.0,32.0
2026-08-07 13:33,18,6.0,7,6.0,晴,28.0,33.0
2026-08-07 14:57,04,4.0,5,3.0,晴,27.0,32.0
2026-08-07 14:57,10,3.0,14,3.0,晴,31.0,31.0
2026-08-07 14:57,12,2.0,13,1.0,晴,31.0,33.0
2026-08-07 14:57,15,4.0,7,4.0,晴,28.0,35.0
2026-08-07 14:57,17,1.0,11,2.0,晴,30.0,33.0
2026-08-07 14:57,18,4.0,7,4.0,晴,28.0,33.0
2026-08-07 14:57,19,3.0,11,3.0,晴,32.0,30.0
2026-08-07 14:57,20,4.0,10,4.0,晴,31.0,31.0
2026-08-07 14:57,24,6.0,3,5.0,晴,31.0,35.0
2026-08-07 15:43,02,5.0,16,3.0,晴,31.0,32.0
2026-08-07 15:43,04,5.0,5,4.0,晴,27.0,32.0
2026-08-07 15:43,09,6.0,8,5.0,晴,30.0,30.0
2026-08-07 15:43,12,1.0,13,1.0,晴,31.0,33.0
2026-08-07 15:43,15,6.0,7,6.0,晴,28.0,36.0
2026-08-07 15:43,17,2.0,11,2.0,晴,30.0,32.0
2026-08-07 15:43,18,3.0,7,3.0,晴,28.0,33.0
2026-08-07 15:43,20,8.0,10,8.0,晴,31.0,32.0
2026-08-07 15:43,24,8.0,3,7.0,晴,31.0,34.0
2026-08-07 16:08,02,4.0,16,3.0,晴,31.0,32.0
2026-08-07 16:08,15,5.0,7,5.0,晴,28.0,36.0
2026-08-07 16:08,20,7.0,10,7.0,晴,31.0,32.0
2026-08-07 16:08,24,6.0,3,5.0,晴,31.0,34.0
2026-08-07 17:31,04,4.0,5,3.0,晴,27.0,31.0
2026-08-07 17:31,12,3.0,13,1.0,晴,32.0,32.0
2026-08-07 17:31,15,6.0,7,6.0,晴,28.0,35.0
2026-08-07 17:31,17,3.0,11,3.0,晴,30.0,32.0
2026-08-07 17:31,18,6.0,7,6.0,晴,28.0,33.0
2026-08-07 17:31,19,3.0,11,3.0,晴,32.0,31.0
2026-08-07 17:31,24,4.0,3,3.0,雨,31.0,29.0
2026-08-07 18:35,12,0.0,13,1.0,晴,31.0,31.0
2026-08-07 18:35,15,5.0,7,5.0,晴,28.0,33.0
2026-08-07 18:35,24,5.0,3,4.0,曇り,31.0,28.0
2026-08-07 19:29,12,0.0,13,1.0,晴,31.0,30.0
2026-08-07 19:29,15,5.0,7,5.0,晴,28.0,32.0
2026-08-07 19:29,20,7.0,10,7.0,晴,31.0,31.0
2026-08-07 19:29,24,4.0,3,3.0,曇り,31.0,29.0
2026-08-07 20:26,15,5.0,7,5.0,晴,28.0,30.0
2026-08-07 20:26,19,2.0,11,2.0,晴,32.0,30.0
2026-08-07 20:26,24,6.0,3,5.0,曇り,31.0,31.0
2026-08-07 21:25,19,3.0,11,3.0,晴,32.0,30.0
2026-08-08 08:35,10,2.0,14,2.0,晴,29.0,29.0
2026-08-08 08:35,14,3.0,15,3.0,晴,29.0,28.0
2026-08-08 09:04,10,1.0,14,1.0,晴,29.0,30.0
2026-08-08 09:04,14,2.0,15,2.0,晴,29.0,29.0
2026-08-08 09:49,02,1.0,16,1.0,晴,30.0,31.0
2026-08-08 09:49,09,3.0,8,2.0,晴,29.0,29.0
2026-08-08 09:49,10,0.0,14,0.0,晴,29.0,31.0
2026-08-08 09:49,14,3.0,15,3.0,晴,29.0,29.0
2026-08-08 09:49,17,2.0,11,2.0,晴,29.0,29.0
2026-08-08 11:49,02,2.0,16,1.0,晴,30.0,32.0
2026-08-08 11:49,04,3.0,5,3.0,晴,27.0,31.0
2026-08-08 11:49,05,1.0,9,2.0,晴,29.0,32.0
2026-08-08 11:49,09,3.0,8,2.0,晴,29.0,30.0
2026-08-08 11:49,10,5.0,14,5.0,晴,30.0,30.0
2026-08-08 11:49,14,3.0,15,3.0,晴,29.0,30.0
2026-08-08 11:49,16,3.0,13,3.0,晴,29.0,30.0
2026-08-08 11:49,17,0.0,11,1.0,晴,29.0,30.0
2026-08-08 11:49,18,4.0,7,4.0,晴,28.0,31.0
2026-08-08 13:03,02,4.0,16,2.0,晴,31.0,33.0
2026-08-08 13:03,04,4.0,5,3.0,晴,27.0,33.0
2026-08-08 13:03,05,3.0,9,2.0,晴,29.0,32.0
2026-08-08 13:03,09,4.0,8,2.0,晴,30.0,30.0
2026-08-08 13:03,14,2.0,15,2.0,晴,29.0,31.0
2026-08-08 13:03,17,0.0,11,1.0,晴,29.0,31.0
2026-08-08 13:03,18,4.0,7,4.0,晴,28.0,32.0
2026-08-08 14:09,02,3.0,16,2.0,晴,31.0,33.0
2026-08-08 14:09,04,6.0,5,3.0,晴,27.0,34.0
2026-08-08 14:09,05,2.0,9,2.0,晴,29.0,32.0
2026-08-08 14:09,09,5.0,8,3.0,晴,30.0,31.0
2026-08-08 14:09,12,2.0,13,1.0,晴,31.0,34.0
2026-08-08 14:09,14,3.0,15,3.0,晴,29.0,31.0
2026-08-08 14:09,16,2.0,13,3.0,晴,29.0,31.0
2026-08-08 14:09,17,1.0,11,1.0,晴,29.0,31.0
2026-08-08 14:09,18,3.0,7,3.0,晴,29.0,32.0
2026-08-08 14:09,19,3.0,11,3.0,晴,31.0,31.0
2026-08-08 14:09,20,8.0,10,8.0,曇り,30.0,31.0
2026-08-08 14:09,24,7.0,3,6.0,晴,29.0,33.0
2026-08-08 14:56,02,2.0,16,1.0,晴,31.0,34.0
2026-08-08 14:56,04,5.0,5,3.0,晴,27.0,34.0
2026-08-08 14:56,15,5.0,7,5.0,晴,29.0,35.0
2026-08-08 14:56,16,2.0,13,3.0,晴,29.0,32.0
2026-08-08 14:56,17,0.0,11,1.0,晴,29.0,32.0
2026-08-08 14:56,18,3.0,7,3.0,晴,29.0,33.0
2026-08-08 15:40,02,3.0,16,1.0,晴,31.0,34.0
2026-08-08 15:40,04,4.0,5,3.0,晴,27.0,33.0
2026-08-08 15:40,12,2.0,13,1.0,晴,32.0,33.0
2026-08-08 15:40,18,3.0,7,3.0,晴,29.0,32.0
2026-08-08 15:40,19,2.0,11,2.0,晴,31.0,30.0
2026-08-08 15:40,20,8.0,10,8.0,晴,30.0,31.0
2026-08-08 15:40,24,8.0,3,7.0,晴,29.0,32.0
2026-08-08 16:33,02,3.0,16,2.0,晴,31.0,33.0
2026-08-08 16:33,04,5.0,5,3.0,晴,27.0,33.0
2026-08-08 16:33,05,3.0,9,2.0,晴,29.0,30.0
2026-08-08 16:33,09,4.0,8,2.0,晴,30.0,31.0
2026-08-08 16:33,12,2.0,13,1.0,晴,32.0,32.0
2026-08-08 16:33,15,4.0,7,4.0,晴,29.0,35.0
2026-08-08 16:33,17,1.0,11,1.0,晴,30.0,33.0
2026-08-08 16:33,18,3.0,7,3.0,晴,29.0,31.0
2026-08-08 16:33,24,7.0,3,6.0,曇り,29.0,32.0
2026-08-08 17:08,04,4.0,5,3.0,晴,27.0,32.0
2026-08-08 17:08,12,3.0,13,1.0,晴,32.0,32.0
2026-08-08 17:08,15,3.0,7,3.0,晴,29.0,35.0
2026-08-08 17:08,20,7.0,10,7.0,晴,30.0,31.0
2026-08-08 18:01,04,4.0,5,3.0,晴,27.0,31.0
2026-08-08 18:01,12,2.0,13,1.0,晴,32.0,31.0
2026-08-08 18:01,15,2.0,7,2.0,晴,29.0,34.0
2026-08-08 18:01,19,2.0,11,2.0,曇り,31.0,30.0
2026-08-08 18:01,20,6.0,10,6.0,晴,30.0,31.0
2026-08-08 18:01,24,6.0,3,5.0,曇り,29.0,31.0
2026-08-08 18:54,12,2.0,13,1.0,晴,32.0,30.0
2026-08-08 18:54,15,3.0,7,3.0,晴,29.0,32.0
2026-08-08 18:54,20,5.0,10,5.0,晴,30.0,30.0
2026-08-08 18:54,24,5.0,3,4.0,曇り,29.0,31.0
2026-08-08 19:20,15,2.0,7,2.0,晴,29.0,31.0
2026-08-08 19:20,24,7.0,3,6.0,曇り,29.0,31.0
2026-08-08 20:03,12,0.0,13,1.0,晴,32.0,30.0
2026-08-08 20:03,15,3.0,7,3.0,晴,29.0,31.0
2026-08-08 20:03,19,3.0,11,3.0,曇り,31.0,29.0
2026-08-08 20:03,24,5.0,3,4.0,曇り,29.0,31.0
2026-08-08 20:44,12,1.0,13,1.0,晴,31.0,29.0
2026-08-08 20:44,20,4.0,10,4.0,晴,30.0,30.0
2026-08-09 08:31,10,1.0,14,1.0,曇り,29.0,26.0
2026-08-09 08:31,14,2.0,15,2.0,晴,28.0,28.0
2026-08-09 08:31,23,1.0,12,1.0,曇り,30.0,28.0
2026-08-09 09:00,10,0.0,14,0.0,晴,29.0,27.0
2026-08-09 09:00,14,2.0,15,2.0,晴,28.0,29.0
2026-08-09 09:00,23,1.0,12,1.0,曇り,30.0,29.0
2026-08-09 09:52,02,2.0,16,1.0,晴,30.0,29.0
2026-08-09 09:52,09,2.0,8,1.0,晴,30.0,29.0
2026-08-09 09:52,10,2.0,14,2.0,晴,29.0,27.0
2026-08-09 09:52,13,4.0,10,0.0,曇り,29.0,30.6
2026-08-09 09:52,14,3.0,15,3.0,曇り,28.0,29.0
2026-08-09 09:52,16,3.0,13,3.0,曇り,29.0,29.0
2026-08-09 09:52,23,4.0,12,4.0,曇り,30.0,29.0
2026-08-09 11:56,02,0.0,16,0.0,晴,30.0,31.0
2026-08-09 11:56,03,3.0,4,5.0,晴,27.0,31.0
2026-08-09 11:56,05,2.0,9,2.0,晴,29.0,30.0
2026-08-09 11:56,09,3.0,8,2.0,晴,30.0,30.0
2026-08-09 11:56,10,4.0,14,4.0,曇り,30.0,28.0
2026-08-09 11:56,13,3.0,10,0.0,晴,29.4,32.7
2026-08-09 11:56,14,2.0,15,2.0,晴,28.0,30.0
2026-08-09 11:56,18,2.0,7,2.0,晴,28.0,31.0
2026-08-09 11:56,23,2.0,12,2.0,曇り,30.0,31.0
2026-08-09 13:13,02,0.0,16,0.0,晴,31.0,32.0
2026-08-09 13:13,03,2.0,4,5.0,晴,27.0,32.0
2026-08-09 13:13,05,1.0,9,2.0,晴,29.0,31.0
2026-08-09 13:13,10,4.0,14,4.0,曇り,30.0,29.0
2026-08-09 13:13,13,5.0,10,3.0,晴,29.7,33.4
2026-08-09 13:13,14,3.0,15,3.0,曇り,28.0,30.0
2026-08-09 13:13,16,2.0,13,3.0,曇り,29.0,29.0
2026-08-09 13:13,18,4.0,7,4.0,晴,28.0,30.0
2026-08-09 13:13,23,1.0,12,1.0,曇り,30.0,32.0
2026-08-09 14:19,02,1.0,16,1.0,晴,31.0,32.0
2026-08-09 14:19,03,2.0,4,5.0,晴,27.0,31.0
2026-08-09 14:19,05,0.0,9,2.0,晴,29.0,33.0
2026-08-09 14:19,09,3.0,8,2.0,晴,30.0,32.0
2026-08-09 14:19,10,5.0,14,5.0,曇り,30.0,29.0
2026-08-09 14:19,12,0.0,13,1.0,晴,31.0,33.0
2026-08-09 14:19,13,2.0,10,0.0,晴,29.7,33.3
2026-08-09 14:19,14,3.0,15,3.0,晴,28.0,31.0
2026-08-09 14:19,16,2.0,13,1.0,曇り,29.0,30.0
2026-08-09 14:19,18,2.0,7,2.0,晴,28.0,30.0
2026-08-09 14:19,20,5.0,10,5.0,曇り,30.0,30.0
2026-08-09 14:19,23,2.0,12,2.0,曇り,30.0,32.0
2026-08-09 14:19,24,3.0,3,2.0,曇り,28.0,32.0
2026-08-09 15:01,02,2.0,16,1.0,晴,31.0,33.0
2026-08-09 15:01,03,2.0,4,5.0,晴,27.0,32.0
2026-08-09 15:01,05,3.0,9,2.0,晴,29.0,33.0
2026-08-09 15:01,13,5.0,10,3.0,晴,29.7,32.5
2026-08-09 15:01,15,3.0,7,3.0,曇り,29.0,30.0
2026-08-09 15:01,16,1.0,13,3.0,曇り,29.0,30.0
2026-08-09 15:01,18,1.0,7,1.0,晴,28.0,31.0
2026-08-09 16:17,02,3.0,16,2.0,晴,31.0,33.0
2026-08-09 16:17,03,3.0,4,5.0,晴,27.0,31.0
2026-08-09 16:17,05,1.0,9,2.0,晴,29.0,33.0
2026-08-09 16:17,09,3.0,8,2.0,晴,30.0,31.0
2026-08-09 16:17,12,3.0,13,1.0,晴,32.0,33.0
2026-08-09 16:17,13,4.0,10,0.0,曇り,29.8,33.7
2026-08-09 16:17,15,2.0,7,2.0,曇り,29.0,31.0
2026-08-09 16:17,16,5.0,13,3.0,曇り,29.0,31.0
2026-08-09 16:17,18,1.0,7,1.0,曇り,28.0,31.0
2026-08-09 16:17,20,4.0,10,4.0,曇り,30.0,30.0
2026-08-09 16:17,24,2.0,3,1.0,曇り,28.0,32.0
2026-08-09 17:03,05,2.0,9,2.0,曇り,29.0,33.0
2026-08-09 17:03,12,0.0,13,1.0,曇り,32.0,33.0
2026-08-09 17:03,15,2.0,7,2.0,晴,29.0,32.0
2026-08-09 17:03,16,4.0,13,3.0,曇り,29.0,31.0
2026-08-09 17:03,20,5.0,10,5.0,曇り,30.0,30.0
2026-08-09 18:03,05,1.0,9,2.0,曇り,29.0,32.0
2026-08-09 18:03,12,2.0,13,1.0,曇り,32.0,31.0
2026-08-09 18:03,15,1.0,7,1.0,曇り,29.0,32.0
2026-08-09 18:03,20,4.0,10,4.0,曇り,30.0,30.0
2026-08-09 18:57,15,1.0,7,1.0,曇り,29.0,30.0
2026-08-09 18:57,20,5.0,10,5.0,曇り,30.0,30.0
2026-08-09 18:57,24,2.0,3,1.0,曇り,28.0,31.0
2026-08-09 19:28,12,0.0,13,1.0,曇り,32.0,31.0
2026-08-09 19:28,15,2.0,7,2.0,曇り,29.0,30.0
2026-08-09 20:04,12,0.0,13,1.0,曇り,32.0,30.0
2026-08-09 20:04,20,4.0,10,4.0,曇り,30.0,30.0
2026-08-09 20:04,24,2.0,3,1.0,曇り,28.0,30.0
2026-08-09 20:45,12,1.0,13,1.0,曇り,31.0,30.0
2026-08-09 20:45,15,2.0,7,2.0,曇り,29.0,29.0
2026-08-09 20:45,20,3.0,10,3.0,曇り,30.0,29.0
2026-08-09 20:45,24,2.0,3,1.0,曇り,28.0,29.0
2026-08-10 08:33,14,1.0,15,1.0,曇り,28.0,28.0
2026-08-10 08:33,21,2.0,1,2.0,曇り,28.1,28.4
2026-08-10 08:33,23,2.0,12,2.0,曇り,30.0,26.0
2026-08-10 09:02,14,2.0,15,2.0,晴,28.0,28.0
2026-08-10 09:02,21,2.0,1,2.0,曇り,28.1,29.2
2026-08-10 09:02,23,0.0,12,1.0,曇り,30.0,27.0
2026-08-10 09:54,08,2.0,9,1.0,曇り,31.0,29.0
2026-08-10 09:54,09,0.0,8,0.0,曇り,30.0,27.0
2026-08-10 09:54,13,0.0,10,0.0,晴,29.0,31.5
2026-08-10 09:54,16,2.0,13,3.0,曇り,29.0,29.0
2026-08-10 09:54,21,2.0,1,2.0,曇り,28.2,30.6
2026-08-10 09:54,23,1.0,12,1.0,曇り,30.0,29.0
2026-08-10 12:06,03,3.0,4,5.0,晴,28.0,29.0
2026-08-10 12:06,05,2.0,9,2.0,晴,29.0,30.0
2026-08-10 12:06,08,2.0,9,1.0,晴,31.0,29.0
2026-08-10 12:06,09,2.0,8,1.0,晴,30.0,30.0
2026-08-10 12:06,13,4.0,10,0.0,晴,29.5,34.4
2026-08-10 12:06,14,2.0,15,2.0,曇り,28.0,29.0
2026-08-10 12:06,16,3.0,13,3.0,曇り,29.0,31.0
2026-08-10 12:06,18,2.0,7,2.0,曇り,28.0,31.0
2026-08-10 12:06,21,4.0,1,4.0,晴,28.9,32.1
2026-08-10 12:06,23,4.0,12,4.0,曇り,30.0,30.0
2026-08-10 13:55,03,5.0,4,10.0,晴,28.0,30.0
2026-08-10 13:55,05,3.0,9,2.0,晴,29.0,30.0
2026-08-10 13:55,08,2.0,9,1.0,晴,32.0,31.0
2026-08-10 13:55,09,3.0,8,2.0,晴,30.0,31.0
2026-08-10 13:55,13,1.0,10,0.0,晴,29.6,35.9
2026-08-10 13:55,14,3.0,15,3.0,晴,28.0,30.0
2026-08-10 13:55,16,3.0,13,3.0,晴,29.0,32.0
2026-08-10 13:55,18,3.0,7,3.0,晴,28.0,32.0
2026-08-10 13:55,21,3.0,1,3.0,晴,29.9,32.2
2026-08-10 13:55,23,5.0,12,5.0,曇り,30.0,30.0
2026-08-10 15:06,03,8.0,4,15.0,晴,28.0,30.0
2026-08-10 15:06,05,5.0,9,3.0,晴,29.0,31.0
2026-08-10 15:06,08,2.0,9,1.0,晴,32.0,32.0
2026-08-10 15:06,09,3.0,8,2.0,晴,30.0,32.0
2026-08-10 15:06,13,3.0,10,0.0,晴,29.8,36.2
2026-08-10 15:06,15,3.0,7,3.0,曇り,29.0,33.0
2026-08-10 15:06,16,2.0,13,3.0,晴,29.0,32.0
2026-08-10 15:06,18,4.0,7,4.0,晴,29.0,32.0
2026-08-10 15:06,20,3.0,10,3.0,曇り,30.0,31.0
2026-08-10 15:06,24,2.0,3,1.0,曇り,28.0,30.0
2026-08-10 17:04,03,5.0,4,10.0,晴,28.0,29.0
2026-08-10 17:04,05,5.0,9,3.0,晴,29.0,29.0
2026-08-10 17:04,08,3.0,9,1.0,晴,32.0,31.0
2026-08-10 17:04,09,3.0,8,2.0,晴,30.0,33.0
2026-08-10 17:04,13,1.0,10,0.0,晴,29.8,35.0
2026-08-10 17:04,15,1.0,7,1.0,晴,29.0,33.0
2026-08-10 17:04,16,1.0,13,1.0,晴,29.0,33.0
2026-08-10 17:04,18,3.0,7,3.0,晴,29.0,31.0
2026-08-10 17:04,20,4.0,10,4.0,晴,30.0,31.0
2026-08-10 17:04,24,2.0,3,1.0,晴,28.0,30.0
2026-08-10 18:48,15,2.0,7,2.0,晴,29.0,30.0
2026-08-10 18:48,20,4.0,10,4.0,晴,30.0,29.0
2026-08-10 18:48,24,1.0,3,1.0,晴,28.0,30.0
2026-08-10 19:56,15,4.0,7,4.0,晴,29.0,30.0
2026-08-10 19:56,20,3.0,10,3.0,晴,30.0,28.0
2026-08-10 19:56,24,3.0,3,2.0,晴,28.0,30.0
2026-08-11 08:37,21,2.0,1,2.0,晴,28.6,27.1
2026-08-11 08:37,23,5.0,12,5.0,晴,29.0,26.0
2026-08-11 09:05,21,2.0,1,2.0,晴,28.6,28.2
2026-08-11 09:05,23,7.0,12,7.0,晴,29.0,26.0
2026-08-11 09:54,06,2.0,13,1.0,曇り,28.0,26.0
2026-08-11 09:54,08,3.0,9,1.0,晴,30.0,27.0
2026-08-11 09:54,13,3.0,10,0.0,晴,28.1,28.7
2026-08-11 09:54,16,4.0,13,5.0,晴,28.0,28.0
2026-08-11 09:54,21,2.0,1,2.0,晴,28.7,28.4
2026-08-11 09:54,23,7.0,12,7.0,晴,29.0,27.0
2026-08-11 11:59,03,,4,,曇り,,
2026-08-11 11:59,04,3.0,5,3.0,曇り,28.0,29.0
2026-08-11 11:59,05,1.0,9,2.0,曇り,29.0,30.0
2026-08-11 11:59,06,0.0,13,0.0,晴,27.0,27.0
2026-08-11 11:59,08,3.0,9,1.0,晴,30.0,29.0
2026-08-11 11:59,13,8.0,10,6.0,晴,28.4,30.5
2026-08-11 11:59,16,2.0,13,3.0,晴,28.0,30.0
2026-08-11 11:59,18,5.0,7,5.0,晴,28.0,29.0
2026-08-11 11:59,21,5.0,1,5.0,晴,29.1,29.1
2026-08-11 11:59,23,8.0,12,8.0,晴,29.0,28.0
2026-08-11 13:19,01,5.0,14,4.0,晴,27.0,29.0
2026-08-11 13:19,05,1.0,9,2.0,曇り,28.0,30.0
2026-08-11 13:19,06,0.0,13,0.0,晴,27.0,28.0
2026-08-11 13:19,07,3.0,11,1.0,晴,25.0,30.0
2026-08-11 13:19,08,3.0,9,1.0,晴,31.0,30.0
2026-08-11 13:19,13,0.0,10,0.0,晴,28.6,30.8
2026-08-11 13:19,16,3.0,13,3.0,晴,28.0,31.0
2026-08-11 13:19,21,4.0,1,4.0,晴,29.7,30.0
2026-08-11 13:19,23,9.0,12,10.0,晴,29.0,28.0
2026-08-11 14:31,01,5.0,14,4.0,晴,27.0,30.0
2026-08-11 14:31,04,3.0,5,3.0,曇り,28.0,31.0
2026-08-11 14:31,05,7.0,9,3.0,曇り,28.0,31.0
2026-08-11 14:31,06,1.0,13,0.0,晴,26.0,31.0
2026-08-11 14:31,08,4.0,9,2.0,晴,31.0,30.0
2026-08-11 14:31,13,0.0,10,0.0,晴,28.6,32.8
2026-08-11 14:31,15,3.0,7,3.0,晴,29.0,32.0
2026-08-11 14:31,16,4.0,13,3.0,晴,28.0,31.0
2026-08-11 14:31,18,5.0,7,5.0,晴,29.0,29.0
2026-08-11 14:31,20,5.0,10,5.0,晴,30.0,28.0
2026-08-11 14:31,21,4.0,1,4.0,晴,29.9,29.7
2026-08-11 14:31,23,9.0,12,10.0,晴,29.0,27.0
2026-08-11 15:30,01,6.0,14,5.0,晴,27.0,30.0
2026-08-11 15:30,04,1.0,5,3.0,雨,28.0,27.0
2026-08-11 15:30,05,3.0,9,2.0,曇り,28.0,31.0
2026-08-11 15:30,06,2.0,13,1.0,晴,26.0,32.0
2026-08-11 15:30,08,7.0,9,3.0,晴,31.0,30.0
2026-08-11 15:30,13,6.0,10,4.0,晴,28.6,32.0
2026-08-11 15:30,15,2.0,7,2.0,晴,29.0,32.0
2026-08-11 15:30,16,5.0,13,5.0,晴,28.0,32.0
2026-08-11 16:49,01,8.0,14,7.0,曇り,27.0,28.0
2026-08-11 16:49,04,2.0,5,3.0,雨,28.0,25.0
2026-08-11 16:49,05,7.0,9,3.0,雨,28.0,30.0
2026-08-11 16:49,06,2.0,13,1.0,晴,29.0,32.0
2026-08-11 16:49,08,7.0,9,3.0,晴,31.0,29.0
2026-08-11 16:49,13,6.0,10,4.0,晴,28.6,31.4
2026-08-11 16:49,16,7.0,13,5.0,晴,28.0,31.0
2026-08-11 16:49,18,4.0,7,4.0,晴,29.0,30.0
2026-08-11 16:49,19,5.0,11,5.0,晴,30.0,28.0
2026-08-11 16:49,20,8.0,10,8.0,晴,30.0,27.0
2026-08-11 17:42,01,9.0,14,8.0,曇り,27.0,28.0
2026-08-11 17:42,04,2.0,5,3.0,雨,28.0,23.0
2026-08-11 17:42,05,3.0,9,2.0,曇り,28.0,30.0
2026-08-11 17:42,15,4.0,7,4.0,晴,29.0,32.0
2026-08-11 17:42,20,6.0,10,6.0,晴,30.0,27.0
2026-08-11 18:49,01,9.0,14,8.0,曇り,27.0,27.0
2026-08-11 18:49,15,5.0,7,5.0,晴,29.0,29.0
2026-08-11 18:49,19,7.0,11,7.0,晴,30.0,26.0
2026-08-11 19:40,07,2.0,11,1.0,晴,25.0,29.0
2026-08-11 19:40,15,6.0,7,6.0,晴,29.0,28.0
2026-08-11 19:40,19,5.0,11,5.0,晴,30.0,26.0
2026-08-11 19:40,20,4.0,10,4.0,晴,30.0,26.0
2026-08-11 20:36,07,3.0,11,1.0,晴,25.0,29.0
2026-08-11 20:36,15,6.0,7,6.0,晴,29.0,27.0
2026-08-11 20:36,19,5.0,11,5.0,晴,30.0,25.0
2026-08-11 20:36,20,5.0,10,5.0,晴,30.0,26.0
2026-08-11 23:01,19,4.0,11,4.0,晴,30.0,25.0
2026-08-12 08:42,21,0.0,1,1.0,晴,28.1,25.2
2026-08-12 08:42,23,4.0,12,4.0,晴,27.0,26.0
2026-08-12 10:00,02,4.0,16,2.0,曇り,27.0,24.0
2026-08-12 10:00,06,2.0,13,1.0,曇り,24.0,26.0
2026-08-12 10:00,08,5.0,9,3.0,曇り,29.0,25.0
2026-08-12 10:00,13,1.0,10,0.0,曇り,27.6,25.3
2026-08-12 10:00,16,3.0,13,3.0,曇り,28.0,27.0
2026-08-12 10:00,21,4.0,1,4.0,晴,28.3,29.0
2026-08-12 10:00,23,6.0,12,6.0,晴,27.0,27.0
2026-08-12 12:30,02,2.0,16,1.0,曇り,27.0,25.0
2026-08-12 12:30,03,3.0,4,5.0,晴,28.0,27.0
2026-08-12 12:30,04,4.0,5,3.0,雨,28.0,26.0
2026-08-12 12:30,06,1.0,13,0.0,曇り,26.0,24.0
2026-08-12 12:30,08,5.0,9,3.0,曇り,29.0,26.0
2026-08-12 12:30,13,1.0,10,0.0,曇り,27.8,27.5
2026-08-12 12:30,16,5.0,13,5.0,晴,28.0,28.0
2026-08-12 12:30,21,4.0,1,4.0,晴,29.2,29.1
2026-08-12 12:30,22,4.0,2,4.0,晴,27.0,29.0
2026-08-12 12:30,23,7.0,12,7.0,晴,27.0,29.0
2026-08-12 14:16,01,4.0,14,3.0,曇り,25.0,25.0
2026-08-12 14:16,02,5.0,16,3.0,晴,28.0,29.0
2026-08-12 14:16,03,3.0,4,5.0,晴,28.0,29.0
2026-08-12 14:16,04,5.0,5,3.0,晴,28.0,28.0
2026-08-12 14:16,06,2.0,13,1.0,晴,27.0,28.0
2026-08-12 14:16,07,3.0,11,1.0,曇り,25.0,25.0
2026-08-12 14:16,13,2.0,10,0.0,雨,27.9,27.0
2026-08-12 14:16,16,4.0,13,3.0,晴,28.0,29.0
2026-08-12 14:16,20,3.0,10,3.0,晴,30.0,27.0
2026-08-12 14:16,21,4.0,1,4.0,晴,29.7,27.8
2026-08-12 14:16,22,5.0,2,5.0,晴,27.0,29.0
2026-08-12 14:16,23,8.0,12,8.0,晴,27.0,28.0
2026-08-12 14:16,24,2.0,3,1.0,晴,29.0,30.0
2026-08-12 15:44,01,4.0,14,3.0,晴,26.0,25.0
2026-08-12 15:44,02,5.0,16,3.0,晴,28.0,28.0
2026-08-12 15:44,03,3.0,4,5.0,晴,28.0,28.0
2026-08-12 15:44,04,4.0,5,3.0,雨,28.0,28.0
2026-08-12 15:44,06,5.0,13,3.0,曇り,27.0,29.0
2026-08-12 15:44,07,3.0,11,1.0,曇り,25.0,28.0
2026-08-12 15:44,08,4.0,9,2.0,曇り,29.0,27.0
2026-08-12 15:44,13,4.0,10,0.0,雨,27.8,25.3
2026-08-12 15:44,16,1.0,13,3.0,曇り,28.0,30.0
2026-08-12 15:44,20,5.0,10,5.0,晴,30.0,27.0
2026-08-12 15:44,22,4.0,2,4.0,晴,27.0,29.0
2026-08-12 15:44,24,3.0,3,2.0,晴,29.0,30.0
2026-08-12 17:08,01,3.0,14,2.0,曇り,26.0,26.0
2026-08-12 17:08,02,5.0,16,3.0,曇り,28.0,27.0
2026-08-12 17:08,03,4.0,4,5.0,雨,28.0,26.0
2026-08-12 17:08,04,2.0,5,3.0,雨,28.0,26.0
2026-08-12 17:08,06,5.0,13,3.0,晴,26.0,29.0
2026-08-12 17:08,13,3.0,10,0.0,曇り,27.8,25.2
2026-08-12 17:08,16,2.0,13,3.0,晴,28.0,30.0
2026-08-12 17:08,19,4.0,11,4.0,晴,29.0,28.0
2026-08-12 17:08,20,4.0,10,4.0,曇り,30.0,27.0
2026-08-12 17:08,24,4.0,3,3.0,晴,29.0,29.0
2026-08-12 18:31,01,4.0,14,3.0,曇り,25.0,21.0
2026-08-12 18:31,04,1.0,5,3.0,雨,28.0,25.0
2026-08-12 18:31,07,5.0,11,3.0,雨,25.0,28.0
2026-08-12 18:31,19,5.0,11,5.0,晴,29.0,27.0
2026-08-12 18:31,20,2.0,10,2.0,晴,30.0,27.0
2026-08-12 18:31,24,3.0,3,2.0,晴,29.0,30.0
2026-08-12 19:38,01,0.0,14,0.0,曇り,25.0,21.0
2026-08-12 19:38,07,4.0,11,2.0,曇り,25.0,24.0
2026-08-12 19:38,19,4.0,11,4.0,晴,29.0,27.0
2026-08-12 19:38,20,2.0,10,2.0,曇り,30.0,27.0
2026-08-12 19:38,24,2.0,3,1.0,晴,29.0,29.0
2026-08-12 20:27,01,3.0,14,2.0,曇り,25.0,21.0
2026-08-12 20:27,07,4.0,11,2.0,曇り,25.0,25.0
2026-08-12 20:27,19,2.0,11,2.0,晴,29.0,27.0
2026-08-12 20:27,20,1.0,10,1.0,曇り,30.0,27.0
2026-08-12 20:27,24,2.0,3,1.0,晴,29.0,28.0
2026-08-12 21:27,19,1.0,11,1.0,晴,29.0,26.0
2026-08-12 21:27,20,3.0,10,3.0,曇り,30.0,26.0
2026-08-13 08:44,21,2.0,1,2.0,曇り,29.0,25.9
2026-08-13 08:44,23,1.0,12,1.0,晴,28.0,25.0
2026-08-13 10:01,02,1.0,16,1.0,雨,27.0,25.0
2026-08-13 10:01,03,1.0,4,5.0,曇り,28.0,25.0
2026-08-13 10:01,06,4.0,13,2.0,晴,25.0,27.0
2026-08-13 10:01,08,2.0,9,1.0,晴,28.0,27.0
2026-08-13 10:01,13,4.0,10,0.0,晴,26.9,27.9
2026-08-13 10:01,16,2.0,13,3.0,曇り,28.0,26.0
2026-08-13 10:01,21,1.0,1,1.0,雨,29.1,25.8
2026-08-13 10:01,23,1.0,12,1.0,晴,28.0,28.0
2026-08-13 12:33,02,3.0,16,1.0,晴,27.0,26.0
2026-08-13 12:33,03,3.0,4,5.0,晴,28.0,27.0
2026-08-13 12:33,04,1.0,5,3.0,晴,28.0,27.0
2026-08-13 12:33,06,4.0,13,2.0,晴,26.0,29.0
2026-08-13 12:33,08,3.0,9,1.0,晴,29.0,29.0
2026-08-13 12:33,13,4.0,10,0.0,晴,27.2,29.4
2026-08-13 12:33,16,3.0,13,3.0,曇り,28.0,27.0
2026-08-13 12:33,21,2.0,1,2.0,晴,30.0,29.3
2026-08-13 12:33,22,3.0,2,3.0,晴,27.0,29.0
2026-08-13 12:33,23,3.0,12,3.0,晴,28.0,29.0
2026-08-13 14:20,01,2.0,14,1.0,雨,25.0,24.0
2026-08-13 14:20,02,3.0,16,2.0,曇り,28.0,27.0
2026-08-13 14:20,03,3.0,4,5.0,雨,28.0,27.0
2026-08-13 14:20,04,0.0,5,3.0,雨,28.0,27.0
2026-08-13 14:20,06,4.0,13,2.0,晴,26.0,28.0
2026-08-13 14:20,07,3.0,11,1.0,晴,25.0,30.0
2026-08-13 14:20,08,2.0,9,1.0,晴,29.0,29.0
2026-08-13 14:20,12,4.0,13,2.0,晴,28.0,31.0
2026-08-13 14:20,13,3.0,10,0.0,晴,27.5,30.9
2026-08-13 14:20,16,2.0,13,3.0,曇り,28.0,28.0
2026-08-13 14:20,21,2.0,1,2.0,晴,30.4,29.4
2026-08-13 14:20,22,3.0,2,3.0,晴,27.0,30.0
2026-08-13 14:20,23,5.0,12,5.0,晴,28.0,30.0
2026-08-13 14:20,24,2.0,3,1.0,晴,29.0,29.0
2026-08-13 15:50,01,2.0,14,1.0,曇り,25.0,26.0
2026-08-13 15:50,02,1.0,16,1.0,雨,27.0,22.0
2026-08-13 15:50,03,5.0,4,5.0,雨,28.0,24.0
2026-08-13 15:50,04,3.0,5,3.0,雨,28.0,26.0
2026-08-13 15:50,06,4.0,13,2.0,晴,27.0,28.0
2026-08-13 15:50,07,2.0,11,1.0,晴,25.0,29.0
2026-08-13 15:50,08,3.0,9,1.0,晴,30.0,28.0
2026-08-13 15:50,12,2.0,13,1.0,晴,29.0,32.0
2026-08-13 15:50,13,3.0,10,0.0,晴,27.7,32.1
2026-08-13 15:50,16,2.0,13,3.0,晴,28.0,28.0
2026-08-13 15:50,19,2.0,11,2.0,晴,29.0,28.0
2026-08-13 15:50,24,4.0,3,3.0,晴,29.0,29.0
2026-08-13 17:10,01,1.0,14,1.0,雨,25.0,25.0
2026-08-13 17:10,02,0.0,16,0.0,雨,27.0,23.0
2026-08-13 17:10,03,4.0,4,5.0,雨,28.0,24.0
2026-08-13 17:10,04,2.0,5,3.0,雨,28.0,24.0
2026-08-13 17:10,06,3.0,13,1.0,晴,27.0,27.0
2026-08-13 17:10,07,2.0,11,1.0,晴,25.0,28.0
2026-08-13 17:10,12,2.0,13,1.0,晴,29.0,30.0
2026-08-13 17:10,13,0.0,10,0.0,晴,27.8,31.6
2026-08-13 17:10,16,2.0,13,3.0,晴,28.0,29.0
2026-08-13 17:10,19,2.0,11,2.0,晴,29.0,29.0
2026-08-13 17:10,22,3.0,2,3.0,晴,27.0,29.0
2026-08-13 18:33,01,2.0,14,1.0,雨,25.0,23.0
2026-08-13 18:33,04,3.0,5,3.0,雨,28.0,24.0
2026-08-13 18:33,07,2.0,11,1.0,晴,25.0,27.0
2026-08-13 18:33,12,0.0,13,1.0,晴,29.0,28.0
2026-08-13 18:33,19,3.0,11,3.0,晴,29.0,28.0
2026-08-13 18:33,24,3.0,3,2.0,晴,29.0,29.0
2026-08-13 19:39,01,0.0,14,0.0,雨,25.0,23.0
2026-08-13 19:39,12,3.0,13,1.0,晴,29.0,27.0
2026-08-13 19:39,24,3.0,3,2.0,晴,29.0,28.0
2026-08-13 20:25,07,2.0,11,1.0,曇り,25.0,27.0
2026-08-13 20:25,12,0.0,13,1.0,晴,29.0,27.0
2026-08-13 20:25,19,3.0,11,3.0,晴,29.0,27.0
2026-08-13 20:25,24,2.0,3,1.0,晴,29.0,28.0
2026-08-13 21:28,19,2.0,11,2.0,晴,29.0,27.0
2026-08-13 21:28,24,1.0,3,1.0,晴,29.0,28.0
2026-08-13 23:03,19,2.0,11,2.0,晴,29.0,26.0
2026-08-14 08:43,10,2.0,14,2.0,曇り,27.0,27.0
2026-08-14 08:43,21,1.0,1,1.0,晴,29.3,26.8
2026-08-14 08:43,23,1.0,12,1.0,晴,28.0,24.0
2026-08-14 10:01,02,1.0,16,1.0,晴,27.0,26.0
2026-08-14 10:01,03,2.0,4,5.0,晴,27.0,26.0
2026-08-14 10:01,06,3.0,13,1.0,晴,26.0,28.0
2026-08-14 10:01,08,2.0,9,1.0,晴,29.0,26.0
2026-08-14 10:01,10,3.0,14,3.0,晴,27.0,29.0
2026-08-14 10:01,13,0.0,10,0.0,晴,27.5,30.9
2026-08-14 10:01,17,1.0,11,1.0,曇り,25.0,26.0
2026-08-14 10:01,21,0.0,1,1.0,晴,29.7,29.5
2026-08-14 10:01,23,2.0,12,2.0,晴,28.0,29.0
2026-08-14 12:30,02,0.0,16,0.0,晴,27.0,29.0
2026-08-14 12:30,03,2.0,4,5.0,晴,27.0,29.0
2026-08-14 12:30,04,0.0,5,3.0,曇り,28.0,27.0
2026-08-14 12:30,06,4.0,13,2.0,晴,27.0,28.0
2026-08-14 12:30,08,3.0,9,1.0,晴,30.0,28.0
2026-08-14 12:30,10,3.0,14,3.0,晴,27.0,30.0
2026-08-14 12:30,13,4.0,10,0.0,晴,27.9,32.2
2026-08-14 12:30,17,2.0,11,3.0,晴,25.0,27.0
2026-08-14 12:30,21,2.0,1,2.0,晴,30.2,30.1
2026-08-14 12:30,22,2.0,2,2.0,晴,27.0,29.0
2026-08-14 12:30,23,5.0,12,5.0,晴,28.0,29.0
2026-08-14 14:17,01,4.0,14,3.0,晴,26.0,29.0
2026-08-14 14:17,02,1.0,16,1.0,晴,28.0,30.0
2026-08-14 14:17,03,1.0,4,5.0,晴,27.0,31.0
2026-08-14 14:17,04,1.0,5,3.0,晴,28.0,29.0
2026-08-14 14:17,06,4.0,13,2.0,晴,27.0,27.0
2026-08-14 14:17,07,3.0,11,1.0,晴,25.0,28.0
2026-08-14 14:17,10,3.0,14,3.0,晴,28.0,30.0
2026-08-14 14:17,12,2.0,13,1.0,晴,29.0,32.0
2026-08-14 14:17,13,6.0,10,4.0,晴,28.2,32.2
2026-08-14 14:17,17,4.0,11,4.0,晴,25.0,29.0
2026-08-14 14:17,21,2.0,1,2.0,晴,31.0,31.1
2026-08-14 14:17,22,2.0,2,2.0,晴,27.0,30.0
2026-08-14 14:17,24,3.0,3,2.0,晴,29.0,29.0
2026-08-14 15:45,01,4.0,14,3.0,晴,26.0,28.0
2026-08-14 15:45,02,2.0,16,2.0,雨,28.0,28.0
2026-08-14 15:45,03,4.0,4,5.0,晴,27.0,29.0
2026-08-14 15:45,04,1.0,5,3.0,晴,28.0,30.0
2026-08-14 15:45,06,3.0,13,1.0,晴,27.0,28.0
2026-08-14 15:45,08,3.0,9,1.0,晴,30.0,29.0
2026-08-14 15:45,12,3.0,13,1.0,晴,29.0,31.0
2026-08-14 15:45,13,4.0,10,0.0,晴,28.3,32.0
2026-08-14 15:45,17,3.0,11,3.0,晴,26.0,30.0
2026-08-14 15:45,19,2.0,11,2.0,晴,29.0,29.0
2026-08-14 17:06,01,4.0,14,3.0,曇り,26.0,28.0
2026-08-14 17:06,02,2.0,16,2.0,曇り,28.0,28.0
2026-08-14 17:06,04,4.0,5,3.0,曇り,28.0,29.0
2026-08-14 17:06,06,4.0,13,2.0,晴,27.0,28.0
2026-08-14 17:06,07,2.0,11,1.0,晴,25.0,28.0
2026-08-14 17:06,12,1.0,13,1.0,晴,30.0,31.0
2026-08-14 17:06,13,2.0,10,0.0,晴,28.3,31.1
2026-08-14 17:06,17,1.0,11,2.0,晴,26.0,30.0
2026-08-14 17:06,19,2.0,11,2.0,晴,29.0,28.0
2026-08-14 17:06,22,2.0,2,2.0,曇り,27.0,30.0
2026-08-14 17:06,24,4.0,3,3.0,晴,29.0,29.0
2026-08-14 18:28,01,4.0,14,3.0,雨,26.0,24.0
2026-08-14 18:28,04,4.0,5,3.0,曇り,28.0,28.0
2026-08-14 18:28,07,2.0,11,1.0,晴,25.0,27.0
2026-08-14 18:28,12,4.0,13,2.0,晴,30.0,30.0
2026-08-14 18:28,22,2.0,2,2.0,晴,27.0,29.0
2026-08-14 18:28,24,3.0,3,2.0,晴,29.0,29.0
2026-08-14 19:35,01,2.0,14,1.0,雨,26.0,24.0
2026-08-14 19:35,12,2.0,13,1.0,晴,30.0,29.0
2026-08-14 19:35,19,2.0,11,2.0,曇り,29.0,29.0
2026-08-14 19:35,24,2.0,3,1.0,晴,29.0,29.0
2026-08-14 20:23,07,1.0,11,0.0,晴,25.0,27.0
2026-08-14 20:23,12,1.0,13,1.0,晴,30.0,28.0
2026-08-14 20:23,19,3.0,11,3.0,曇り,29.0,27.0
2026-08-14 20:23,24,2.0,3,1.0,晴,29.0,28.0
2026-08-15 08:24,10,1.0,14,1.0,曇り,27.0,26.0
2026-08-15 08:24,18,3.0,7,3.0,晴,28.0,27.0
2026-08-15 08:24,21,1.0,1,1.0,晴,29.9,27.7
2026-08-15 08:57,10,1.0,14,1.0,晴,27.0,27.0
2026-08-15 08:57,21,1.0,1,1.0,晴,30.1,29.7
2026-08-15 09:36,09,4.0,8,2.0,晴,27.0,28.0
2026-08-15 09:36,10,1.0,14,1.0,晴,27.0,28.0
2026-08-15 09:36,17,1.0,11,1.0,晴,25.0,26.0
2026-08-15 09:36,18,4.0,7,4.0,晴,28.0,28.0
2026-08-15 09:36,21,1.0,1,1.0,晴,30.2,30.4
2026-08-15 11:01,02,3.0,16,2.0,曇り,28.0,28.0
2026-08-15 11:01,03,2.0,4,5.0,曇り,27.0,25.0
2026-08-15 11:01,04,2.0,5,3.0,晴,27.0,28.0
2026-08-15 11:01,05,0.0,9,2.0,曇り,27.0,28.0
2026-08-15 11:01,06,2.0,13,1.0,曇り,26.0,28.0
2026-08-15 11:01,08,3.0,9,1.0,晴,29.0,29.0
2026-08-15 11:01,09,5.0,8,3.0,晴,27.0,28.0
2026-08-15 11:01,10,3.0,14,3.0,晴,27.0,29.0
2026-08-15 11:01,11,1.0,13,1.0,晴,28.0,25.0
2026-08-15 11:01,17,0.0,11,1.0,晴,25.0,28.0
2026-08-15 11:01,18,4.0,7,4.0,晴,28.0,29.0
2026-08-15 11:01,21,1.0,1,1.0,晴,30.3,32.1
2026-08-15 12:05,02,2.0,16,1.0,曇り,28.0,27.0
2026-08-15 12:05,03,1.0,4,5.0,曇り,27.0,26.0
2026-08-15 12:05,05,1.0,9,2.0,曇り,27.0,29.0
2026-08-15 12:05,06,2.0,13,1.0,晴,27.0,28.0
2026-08-15 12:05,08,3.0,9,1.0,晴,30.0,29.0
2026-08-15 12:05,09,6.0,8,5.0,晴,27.0,29.0
2026-08-15 12:05,10,3.0,14,3.0,晴,28.0,29.0
2026-08-15 12:05,11,0.0,13,1.0,晴,29.0,27.0
2026-08-15 12:05,17,1.0,11,1.0,晴,25.0,29.0
2026-08-15 12:05,21,1.0,1,1.0,晴,30.6,31.2
2026-08-15 12:05,22,3.0,2,3.0,曇り,27.0,30.0
2026-08-15 12:55,02,3.0,16,1.0,曇り,28.0,28.0
2026-08-15 12:55,03,5.0,4,5.0,曇り,27.0,27.0
2026-08-15 12:55,04,0.0,5,3.0,曇り,27.0,27.0
2026-08-15 12:55,05,3.0,9,2.0,曇り,27.0,28.0
2026-08-15 12:55,06,4.0,13,2.0,晴,27.0,28.0
2026-08-15 12:55,08,5.0,9,3.0,晴,30.0,29.0
2026-08-15 12:55,09,6.0,8,5.0,晴,28.0,30.0
2026-08-15 12:55,10,2.0,14,2.0,晴,28.0,30.0
2026-08-15 12:55,11,2.0,13,2.0,晴,29.0,30.0
2026-08-15 12:55,17,3.0,11,3.0,晴,25.0,29.0
2026-08-15 12:55,18,5.0,7,5.0,晴,28.0,29.0
2026-08-15 12:55,21,4.0,1,4.0,晴,30.6,31.3
2026-08-15 13:19,01,2.0,14,1.0,曇り,26.0,28.0
2026-08-15 13:19,02,2.0,16,1.0,曇り,28.0,27.0
2026-08-15 13:19,03,2.0,4,5.0,曇り,27.0,26.0
2026-08-15 13:19,04,2.0,5,3.0,晴,27.0,28.0
2026-08-15 13:19,05,4.0,9,2.0,曇り,27.0,27.0
2026-08-15 13:19,06,5.0,13,3.0,晴,27.0,28.0
2026-08-15 13:19,07,4.0,11,2.0,晴,25.0,30.0
2026-08-15 13:19,09,7.0,8,5.0,晴,28.0,30.0
2026-08-15 13:19,10,4.0,14,4.0,晴,28.0,29.0
2026-08-15 13:19,17,3.0,11,3.0,晴,25.0,30.0
2026-08-15 13:19,18,4.0,7,4.0,晴,29.0,30.0
2026-08-15 13:19,21,3.0,1,3.0,晴,30.7,32.0
2026-08-15 13:19,22,2.0,2,2.0,曇り,27.0,30.0
2026-08-15 13:50,02,5.0,16,4.0,曇り,28.0,27.0
2026-08-15 13:50,03,2.0,4,5.0,雨,27.0,26.0
2026-08-15 13:50,04,2.0,5,3.0,曇り,27.0,28.0
2026-08-15 13:50,05,2.0,9,2.0,曇り,27.0,28.0
2026-08-15 13:50,06,5.0,13,3.0,晴,27.0,27.0
2026-08-15 13:50,08,5.0,9,3.0,晴,30.0,30.0
2026-08-15 13:50,10,5.0,14,5.0,晴,28.0,29.0
2026-08-15 13:50,11,4.0,13,3.0,晴,29.0,30.0
2026-08-15 13:50,17,2.0,11,2.0,晴,25.0,30.0
2026-08-15 13:50,18,5.0,7,5.0,晴,29.0,30.0
2026-08-15 14:15,01,0.0,14,0.0,曇り,26.0,28.0
2026-08-15 14:15,02,5.0,16,3.0,雨,28.0,25.0
2026-08-15 14:15,03,1.0,4,5.0,雨,27.0,25.0
2026-08-15 14:15,04,1.0,5,3.0,曇り,27.0,28.0
2026-08-15 14:15,06,6.0,13,3.0,晴,27.0,28.0
2026-08-15 14:15,08,6.0,9,3.0,晴,30.0,29.0
2026-08-15 14:15,09,6.0,8,5.0,曇り,28.0,30.0
2026-08-15 14:15,11,3.0,13,3.0,晴,29.0,30.0
2026-08-15 14:15,12,2.0,13,1.0,曇り,30.0,32.0
2026-08-15 14:15,17,3.0,11,3.0,晴,26.0,30.0
2026-08-15 14:15,18,3.0,7,3.0,晴,29.0,30.0
2026-08-15 14:15,21,3.0,1,3.0,晴,30.9,31.5
2026-08-15 14:15,24,2.0,3,1.0,曇り,29.0,30.0
2026-08-15 14:42,02,4.0,16,3.0,曇り,28.0,25.0
2026-08-15 14:42,03,1.0,4,5.0,曇り,27.0,25.0
2026-08-15 14:42,04,1.0,5,3.0,雨,27.0,26.0
2026-08-15 14:42,05,4.0,9,2.0,曇り,27.0,28.0
2026-08-15 14:42,06,6.0,13,3.0,晴,28.0,27.0
2026-08-15 14:42,11,2.0,13,2.0,晴,29.0,30.0
2026-08-15 15:19,01,3.0,14,2.0,雨,26.0,25.0
2026-08-15 15:19,02,3.0,16,2.0,曇り,28.0,26.0
2026-08-15 15:19,03,0.0,4,5.0,曇り,27.0,26.0
2026-08-15 15:19,04,0.0,5,3.0,曇り,27.0,26.0
2026-08-15 15:19,05,5.0,9,3.0,曇り,27.0,27.0
2026-08-15 15:19,06,5.0,13,3.0,曇り,28.0,27.0
2026-08-15 15:19,08,5.0,9,2.0,晴,30.0,29.0
2026-08-15 15:19,11,4.0,13,3.0,晴,29.0,29.0
2026-08-15 15:19,17,3.0,11,3.0,晴,26.0,31.0
2026-08-15 16:01,01,3.0,14,2.0,曇り,26.0,26.0
2026-08-15 16:01,02,2.0,16,1.0,曇り,28.0,26.0
2026-08-15 16:01,03,1.0,4,5.0,曇り,27.0,25.0
2026-08-15 16:01,05,3.0,9,2.0,曇り,27.0,25.0
2026-08-15 16:01,06,5.0,13,3.0,雨,28.0,26.0
2026-08-15 16:01,07,5.0,11,3.0,晴,25.0,28.0
2026-08-15 16:01,11,4.0,13,4.0,晴,29.0,28.0
2026-08-15 16:01,12,2.0,13,1.0,曇り,30.0,33.0
2026-08-15 16:01,17,2.0,11,2.0,晴,26.0,31.0
2026-08-15 16:01,19,2.0,11,2.0,晴,29.0,30.0
2026-08-15 16:01,24,3.0,3,2.0,曇り,29.0,29.0
