hd,rno,combo,payout
20250715,1,2-1-5,2220
20250715,2,1-4-3,990
20250715,3,5-2-1,24960
20250715,4,3-1-4,22000
20250715,5,1-2-4,920
20250715,6,3-2-4,8480
20250715,7,2-4-3,4790
20250715,8,6-3-2,6320
20250715,9,1-5-6,10090
20250715,10,3-2-1,5410
20250715,11,1-2-4,2070
20250715,12,1-4-2,1240
20250716,1,5-3-1,19390
20250716,2,1-3-2,1330
20250716,3,1-3-6,6720
20250716,4,5-4-1,26360
20250716,5,5-2-4,12110
20250716,6,1-6-4,10870
20250716,7,1-4-2,7810
20250716,8,6-4-1,9480
20250716,9,3-4-1,8300
20250716,10,5-3-4,10250
20250716,11,1-3-5,1030
20250716,12,1-2-4,910
20250721,1,1-3-2,3950
20250721,2,1-4-6,11420
20250721,3,2-3-6,1540
20250721,4,1-4-5,2710
20250721,5,3-1-4,2180
20250721,6,2-4-5,2970
20250721,7,3-2-1,2380
20250721,8,2-1-5,9290
20250721,9,4-2-5,5040
20250721,10,1-5-6,5300
20250721,11,1-5-3,4490
20250721,12,1-4-2,1440
20250722,1,3-6-2,8520
20250722,2,1-3-6,11300
20250722,3,1-2-3,1860
20250722,4,3-1-2,10270
20250722,5,2-3-6,4960
20250722,6,1-3-2,8540
20250722,7,4-2-1,7740
20250722,8,1-2-6,3840
20250722,9,1-4-3,2930
20250722,10,4-3-6,34880
20250722,11,2-4-1,34520
20250722,12,6-4-3,118180
20250723,1,3-1-4,2920
20250723,2,1-6-2,22380
20250723,3,1-2-4,2940
20250723,4,3-6-4,9150
20250723,5,1-3-6,5770
20250723,6,1-4-2,3050
20250723,7,2-1-5,1160
20250723,8,1-4-6,19950
20250723,9,1-2-5,3330
20250723,10,4-1-3,4480
20250723,11,1-6-5,7600
20250723,12,4-3-5,9610
20250724,1,4-1-5,16600
20250724,2,2-6-1,26600
20250724,3,1-3-2,1770
20250724,4,1-4-3,6090
20250724,5,1-2-3,2560
20250724,6,3-4-6,2300
20250724,7,6-4-2,57550
20250724,8,4-2-6,13060
20250724,9,1-5-3,2230
20250724,10,1-4-3,9630
20250724,11,1-4-5,4120
20250724,12,1-6-4,4310
20250725,1,4-6-2,10190
20250725,2,5-4-1,17180
20250725,3,5-2-1,12970
20250725,4,1-4-2,1820
20250725,5,4-5-6,6370
20250725,6,4-2-1,4220
20250725,7,6-3-4,37540
20250725,8,1-6-5,4130
20250725,9,4-3-1,23010
20250725,10,1-4-5,5680
20250725,11,1-4-3,1810
20250725,12,2-3-5,7680
20250726,1,1-3-2,2080
20250726,2,3-4-6,21650
20250726,3,1-4-2,790
20250726,4,3-1-6,8480
20250726,5,1-4-2,740
20250726,6,1-6-2,3480
20250726,7,1-2-3,700
20250726,8,4-2-1,2810
20250726,9,3-1-5,5320
20250726,10,5-2-4,11180
20250726,11,4-2-5,24140
20250726,12,1-2-3,890
20250729,1,2-5-3,2360
20250729,2,1-3-5,800
20250729,3,4-2-6,61280
20250729,4,4-1-2,6090
20250729,5,3-2-5,8090
20250729,6,2-5-3,7140
20250729,7,1-3-2,810
20250729,8,4-1-5,1120
20250729,9,1-3-2,1170
20250729,10,1-3-4,1320
20250729,11,4-6-3,31470
20250729,12,1-4-6,5350
20250731,1,2-1-3,2560
20250731,2,1-4-6,2420
20250731,3,4-6-1,20730
20250731,4,1-3-2,1920
20250731,5,2-1-4,1650
20250731,6,6-1-3,34010
20250731,7,1-4-3,7880
20250731,8,3-2-4,23470
20250731,9,5-1-6,5340
20250731,10,1-5-3,2900
20250731,11,1-4-2,6440
20250731,12,1-2-5,1450
20250801,1,4-1-5,1590
20250801,2,1-4-2,1420
20250801,3,2-4-3,1140
20250801,4,2-6-3,2490
20250801,5,2-4-1,5540
20250801,6,1-2-4,3930
20250801,7,2-4-3,22310
20250801,8,1-5-4,2500
20250801,9,2-1-3,5090
20250801,10,6-3-4,63310
20250801,11,2-6-1,13560
20250801,12,5-6-3,10670
20250802,1,3-1-2,18720
20250802,2,4-1-6,12900
20250802,3,2-1-5,1580
20250802,4,1-2-4,770
20250802,5,2-3-4,3390
20250802,6,2-1-5,3970
20250802,7,1-2-6,4530
20250802,8,3-6-2,8980
20250802,9,3-1-5,4130
20250802,10,3-1-4,4020
20250802,11,2-1-3,2350
20250802,12,1-3-4,1360
20250803,1,5-6-3,8840
20250803,2,6-3-1,5260
20250803,3,2-1-6,3500
20250803,4,3-6-5,16760
20250803,5,1-5-3,3120
20250803,6,3-2-1,8480
20250803,7,6-4-5,46070
20250803,8,3-1-2,5530
20250803,9,1-5-4,1320
20250803,10,1-2-3,1280
20250803,11,1-2-6,1730
20250803,12,1-3-4,2550
20250807,1,3-4-1,2240
20250807,2,1-2-5,1310
20250807,3,5-6-3,4440
20250807,4,2-5-6,11130
20250807,5,3-4-2,3450
20250807,6,4-2-5,15480
20250807,7,4-2-1,5600
20250807,8,4-1-5,1020
20250807,9,1-3-6,11580
20250807,10,1-4-5,1470
20250807,11,4-5-6,8430
20250807,12,3-4-2,16870
20250808,1,4-1-3,3810
20250808,2,1-3-5,1180
20250808,3,1-2-4,2120
20250808,4,1-2-3,960
20250808,5,5-6-1,2790
20250808,6,1-4-5,2440
20250808,7,2-1-3,2950
20250808,8,1-6-2,16580
20250808,9,2-1-4,1220
20250808,10,2-3-5,18760
20250808,11,1-3-5,750
20250808,12,2-6-1,33560
20250809,1,1-3-2,1170
20250809,2,1-3-4,640
20250809,3,5-4-3,33120
20250809,4,2-3-6,890
20250809,5,2-4-5,10600
20250809,6,5-4-1,3160
20250809,7,4-3-2,2190
20250809,8,4-1-5,1260
20250809,9,6-2-1,33940
20250809,10,1-3-4,520
20250809,11,1-4-2,2360
20250809,12,1-6-4,9340
20250810,1,1-5-3,2810
20250810,2,1-3-4,990
20250810,3,1-3-4,1610
20250810,4,2-4-6,2530
20250810,5,1-4-5,3230
20250810,6,1-3-4,3010
20250810,7,2-1-6,3160
20250810,8,1-4-2,2060
20250810,9,2-5-1,1920
20250810,10,4-1-5,1810
20250810,11,1-3-6,1850
20250810,12,1-3-4,900
20250811,1,4-2-3,2540
20250811,2,3-1-4,5920
20250811,3,1-5-2,1310
20250811,4,4-3-5,8630
20250811,5,1-2-4,1830
20250811,6,4-1-5,3040
20250811,7,1-2-5,2600
20250811,8,1-4-2,2620
20250811,9,1-5-4,2510
20250811,10,1-2-5,1040
20250811,11,1-2-6,2360
20250811,12,5-1-3,18630
20250812,1,3-1-2,10150
20250812,2,4-6-3,1760
20250812,3,1-3-4,1700
20250812,4,1-4-6,7690
20250812,5,1-4-3,1460
20250812,6,4-3-5,7200
20250812,7,1-3-5,2630
20250812,8,1-2-4,2290
20250812,9,2-1-3,4060
20250812,10,2-1-4,2090
20250812,11,1-4-2,1080
20250812,12,1-2-4,630
20250816,1,1-2-4,4680
20250816,2,1-2-5,720
20250816,3,2-6-1,2400
20250816,4,3-5-2,1250
20250816,5,2-4-1,4840
20250816,6,2-1-5,6090
20250816,7,3-1-5,6180
20250816,8,1-4-6,1680
20250816,9,4-1-6,4420
20250816,10,1-6-2,2150
20250816,11,1-2-4,1980
20250816,12,1-3-2,1260
20250817,1,3-6-4,2260
20250817,2,1-4-6,2370
20250817,3,2-1-5,1330
20250817,4,3-2-1,3450
20250817,5,1-2-4,3740
20250817,6,1-3-5,6290
20250817,7,4-3-2,3470
20250817,8,1-4-5,950
20250817,9,4-1-6,3010
20250817,10,4-5-6,4030
20250817,11,1-3-2,1280
20250817,12,1-4-3,1950
20250818,1,1-4-3,9550
20250818,2,1-2-5,1250
20250818,3,3-1-4,7370
20250818,4,4-5-2,2990
20250818,5,3-5-4,16140
20250818,6,3-5-4,2330
20250818,7,3-2-1,1880
20250818,8,3-1-4,2260
20250818,9,3-4-1,1660
20250818,10,4-1-2,3910
20250818,11,1-2-3,1580
20250818,12,1-3-4,2570
20250819,1,2-5-3,4430
20250819,2,1-3-6,640
20250819,3,2-4-6,980
20250819,4,4-1-2,3480
20250819,5,4-5-2,1810
20250819,6,4-6-2,11760
20250819,7,1-5-2,3190
20250819,8,1-3-4,660
20250819,9,2-3-4,2990
20250819,10,1-3-5,600
20250819,11,1-2-4,2070
20250819,12,1-4-2,920
20250820,1,1-3-4,2320
20250820,2,2-3-1,6460
20250820,3,6-2-4,43990
20250820,4,1-3-2,1500
20250820,5,3-6-5,5530
20250820,6,2-4-5,7730
20250820,7,1-3-4,3860
20250820,8,1-5-6,6940
20250820,9,2-3-4,11790
20250820,10,5-1-2,34840
20250820,11,1-2-3,620
20250820,12,1-4-3,3270
20250821,1,1-3-2,1330
20250821,2,3-5-1,2130
20250821,3,1-3-6,1370
20250821,4,4-1-5,1200
20250821,5,1-2-4,2220
20250821,6,3-2-4,1800
20250821,7,1-2-5,1460
20250821,8,2-4-6,26990
20250821,9,1-2-5,1500
20250821,10,1-5-3,5350
20250821,11,1-3-2,760
20250821,12,4-1-2,6890
20250825,1,3-2-4,8370
20250825,2,1-6-4,1440
20250825,3,5-3-4,21400
20250825,4,1-2-5,2720
20250825,5,4-2-6,4150
20250825,6,2-1-6,26250
20250825,7,3-2-5,2410
20250825,8,1-3-2,4440
20250825,9,3-6-1,13310
20250825,10,1-6-5,3500
20250825,11,2-1-4,21060
20250825,12,1-3-4,1090
20250826,1,3-1-4,1130
20250826,2,1-4-2,1650
20250826,3,5-2-4,4450
20250826,4,4-5-1,8550
20250826,5,6-5-1,10510
20250826,6,2-4-6,1110
20250826,7,1-5-2,1980
20250826,8,5-2-1,6960
20250826,9,1-5-6,6780
20250826,10,1-3-4,540
20250826,11,1-3-5,740
20250826,12,4-1-2,3730
20250827,1,1-2-5,3380
20250827,2,1-3-4,1340
20250827,3,1-2-4,1230
20250827,4,1-3-2,1930
20250827,5,2-4-3,3240
20250827,6,4-3-2,2220
20250827,7,5-3-6,18410
20250827,8,1-4-3,1170
20250827,9,1-4-5,1470
20250827,10,1-5-3,1100
20250827,11,3-2-4,83520
20250827,12,3-4-2,14080
20250828,1,4-5-2,5090
20250828,2,1-3-4,480
20250828,3,1-3-2,5390
20250828,4,2-4-5,1700
20250828,5,4-5-6,1060
20250828,6,3-1-2,3810
20250828,7,2-5-3,1990
20250828,8,4-3-2,6740
20250828,9,5-2-1,15610
20250828,10,3-1-4,1210
20250828,11,2-1-3,760
20250828,12,1-3-5,770
20250829,1,1-3-2,1220
20250829,2,2-3-1,6560
20250829,3,1-3-4,680
20250829,4,6-2-1,15300
20250829,5,1-4-3,4110
20250829,6,2-6-3,39970
20250829,7,3-5-1,2440
20250829,8,1-6-5,6530
20250829,9,2-6-1,4910
20250829,10,5-1-2,6270
20250829,11,2-3-6,5390
20250829,12,4-6-1,32040
20250830,1,4-1-6,4040
20250830,2,4-5-1,28020
20250830,3,2-5-3,1430
20250830,4,1-3-2,7230
20250830,5,2-1-4,2980
20250830,6,5-3-6,26060
20250830,7,6-1-4,2230
20250830,8,1-3-2,7870
20250830,9,3-2-1,2220
20250830,10,2-1-4,4610
20250830,11,1-2-6,6120
20250830,12,2-1-4,3300
20250904,1,1-3-5,2100
20250904,2,3-1-2,10310
20250904,3,1-6-5,12560
20250904,4,4-5-3,7150
20250904,5,2-1-4,5040
20250904,6,6-1-5,29680
20250904,7,1-4-5,3640
20250904,8,3-5-6,9490
20250904,9,3-1-6,3900
20250904,10,1-4-2,2670
20250904,11,4-2-5,4640
20250904,12,5-1-6,9340
20250906,1,1-5-2,2530
20250906,2,1-3-2,2710
20250906,3,2-1-6,4520
20250906,4,1-2-3,940
20250906,5,2-1-6,6050
20250906,6,1-4-2,2960
20250906,7,2-1-6,1810
20250906,8,4-3-2,27340
20250906,9,1-3-5,2270
20250906,10,1-2-3,2210
20250906,11,3-2-1,21040
20250906,12,1-5-2,18060
20250907,1,2-6-4,23450
20250907,2,1-4-6,4180
20250907,3,1-3-4,1550
20250907,4,1-2-3,1110
20250907,5,4-1-3,3360
20250907,6,4-6-5,4000
20250907,7,3-5-6,4690
20250907,8,3-1-2,3250
20250907,9,4-1-5,5950
20250907,10,2-4-6,8750
20250907,11,1-4-6,3450
20250907,12,1-5-3,5810
20250908,1,1-4-2,1590
20250908,2,1-5-4,3100
20250908,3,1-2-3,1210
20250908,4,1-4-2,1900
20250908,5,1-3-2,1820
20250908,6,1-4-2,5080
20250908,7,2-1-6,15880
20250908,8,1-2-3,640
20250908,9,1-5-4,5090
20250908,10,3-6-4,69500
20250908,11,3-5-2,16730
20250908,12,1-2-4,1060
20250909,1,1-4-6,2510
20250909,2,1-3-6,2520
20250909,3,3-2-4,7140
20250909,4,1-3-4,1080
20250909,5,1-2-4,1390
20250909,6,3-1-5,3070
20250909,7,1-4-2,1220
20250909,8,2-5-6,13900
20250909,9,3-1-6,9960
20250909,10,5-1-2,9990
20250909,11,1-3-4,1330
20250909,12,1-3-2,880
20250910,1,3-1-5,3810
20250910,2,1-2-3,1180
20250910,3,2-4-6,21270
20250910,4,1-4-5,2060
20250910,5,6-1-3,48610
20250910,6,1-3-6,2180
20250910,7,2-3-1,20910
20250910,8,2-1-6,7090
20250910,9,1-3-6,1940
20250910,10,4-6-5,14850
20250910,11,1-4-5,1630
20250910,12,1-5-6,4640
20250913,1,2-1-4,17090
20250913,2,3-5-6,5070
20250913,3,2-1-3,3730
20250913,4,1-4-2,4950
20250913,5,5-3-1,6650
20250913,6,2-1-3,2100
20250913,7,3-1-4,1800
20250913,8,1-4-5,830
20250913,9,1-4-3,1020
20250913,10,1-3-4,1160
20250913,11,6-2-5,120610
20250913,12,1-4-2,1500
20250914,1,2-1-6,3100
20250914,2,2-3-6,2270
20250914,3,2-4-1,3050
20250914,4,1-3-4,5840
20250914,5,2-3-6,30540
20250914,6,6-3-2,11090
20250914,7,1-3-5,1150
20250914,8,4-1-3,1310
20250914,9,2-1-3,3350
20250914,10,1-2-3,550
20250914,11,5-1-2,5080
20250914,12,1-5-2,1490
20250915,1,1-3-6,6000
20250915,2,2-1-3,3340
20250915,3,1-4-2,4010
20250915,4,1-3-2,780
20250915,5,2-1-5,11890
20250915,6,4-3-2,4370
20250915,7,2-3-4,3100
20250915,8,1-4-5,1260
20250915,9,2-1-3,1400
20250915,10,1-4-2,1740
20250915,11,3-6-4,31320
20250915,12,1-2-6,1930
20250916,1,4-3-1,5860
20250916,2,3-2-4,1120
20250916,3,2-1-3,2040
20250916,4,5-3-2,12670
20250916,5,5-1-6,4240
20250916,6,2-5-6,25390
20250916,7,1-2-4,580
20250916,8,2-1-3,5320
20250916,9,2-1-3,2580
20250916,10,1-4-5,2260
20250916,11,2-1-3,5510
20250916,12,4-1-5,7440
20250917,1,1-5-6,22270
20250917,2,3-2-4,19060
20250917,3,1-3-2,1120
20250917,4,3-2-1,7760
20250917,5,1-2-6,2070
20250917,6,3-1-2,5240
20250917,7,1-2-4,12160
20250917,8,2-5-1,12940
20250917,9,1-4-5,1300
20250917,10,1-3-5,3600
20250917,11,2-3-1,9480
20250917,12,1-3-4,2000
20250918,1,2-1-4,1500
20250918,2,1-6-4,1100
20250918,3,4-3-6,16370
20250918,4,6-1-4,16350
20250918,5,4-1-3,7460
20250918,6,1-3-2,1980
20250918,7,1-3-2,320
20250918,8,3-4-1,2960
20250918,9,1-2-3,660
20250918,10,1-6-2,7940
20250918,11,1-3-4,1170
20250918,12,1-4-6,4750
20250922,1,4-3-5,3390
20250922,2,4-5-2,1560
20250922,3,2-3-6,1620
20250922,4,2-3-5,1970
20250922,5,1-3-4,1460
20250922,6,4-1-5,101920
20250922,7,1-3-5,5120
20250922,8,4-1-5,1330
20250922,9,1-4-3,4240
20250922,10,4-2-1,4170
20250922,11,6-1-3,9940
20250922,12,4-5-6,4360
20250923,1,6-3-1,18340
20250923,2,1-3-4,1370
20250923,3,6-3-4,55490
20250923,4,1-3-4,2440
20250923,5,1-2-6,3840
20250923,6,1-2-3,440
20250923,7,3-5-1,1370
20250923,8,4-2-3,6150
20250923,9,1-5-3,1600
20250923,10,4-5-6,23850
20250923,11,1-4-3,1170
20250923,12,3-1-2,10460
20250924,1,4-5-2,5880
20250924,2,1-5-2,2390
20250924,3,3-1-4,4900
20250924,4,5-6-1,14180
20250924,5,1-5-2,2010
20250924,6,1-6-3,6390
20250924,7,4-1-3,5990
20250924,8,4-3-5,2870
20250924,9,1-4-5,1280
20250924,10,1-4-2,1610
20250924,11,1-6-2,3410
20250924,12,1-4-2,1960
20250925,1,2-1-3,4240
20250925,2,2-3-4,1230
20250925,3,2-6-4,31700
20250925,4,3-4-2,2420
20250925,5,1-3-5,1610
20250925,6,1-2-6,760
20250925,7,4-1-5,26410
20250925,8,2-5-6,129030
20250925,9,5-1-3,6790
20250925,10,1-4-2,980
20250925,11,1-4-6,4850
20250925,12,1-2-6,1680
20250926,1,1-2-3,2750
20250926,2,1-2-6,19670
20250926,3,1-5-4,6360
20250926,4,1-3-4,1690
20250926,5,3-5-1,3640
20250926,6,1-4-3,3030
20250926,7,3-6-5,3560
20250926,8,1-3-2,1070
20250926,9,1-4-2,3260
20250926,10,1-3-4,970
20250926,11,1-2-3,510
20250926,12,2-1-6,8240
20250927,1,1-5-3,7370
20250927,2,2-1-6,5290
20250927,3,4-1-5,12100
20250927,4,4-6-3,2850
20250927,5,3-1-5,14360
20250927,6,4-2-6,1830
20250927,7,1-3-2,1530
20250927,8,1-2-5,2030
20250927,9,3-2-5,11660
20250927,10,3-4-5,15720
20250927,11,4-5-2,16830
20250927,12,1-6-3,14530
20251001,1,4-6-3,10560
20251001,2,5-2-6,25130
20251001,3,3-5-4,11830
20251001,4,3-1-4,1220
20251001,5,1-2-3,1030
20251001,6,3-2-6,35930
20251001,7,1-3-2,5110
20251001,8,1-3-2,1760
20251001,9,1-2-3,1030
20251001,10,5-6-3,10360
20251001,11,1-3-4,2070
20251001,12,4-6-5,48220
20251002,1,1-4-2,1300
20251002,2,6-1-3,7200
20251002,3,3-4-2,4430
20251002,4,4-2-3,13480
20251002,5,1-2-4,800
20251002,6,1-6-4,3840
20251002,7,3-2-1,3340
20251002,8,1-3-2,3190
20251002,9,1-5-3,3460
20251002,10,1-2-5,5650
20251002,11,3-4-5,6370
20251002,12,1-2-5,800
20251003,1,3-1-5,8320
20251003,2,1-5-2,4860
20251003,3,2-1-4,3530
20251003,4,1-2-4,2860
20251003,5,1-6-4,2990
20251003,6,2-3-5,2530
20251003,7,2-3-5,7860
20251003,8,3-1-4,2120
20251003,9,2-3-5,6770
20251003,10,1-3-2,1110
20251003,11,1-2-5,670
20251003,12,1-2-3,1170
20251004,1,2-6-1,6510
20251004,2,2-5-1,11090
20251004,3,4-2-6,3440
20251004,4,4-2-6,11890
20251004,5,4-2-1,3900
20251004,6,1-3-2,1340
20251004,7,3-4-1,3670
20251004,8,1-6-3,3270
20251004,9,1-5-4,1860
20251004,10,1-6-5,5310
20251004,11,1-4-2,2120
20251004,12,3-4-6,3950
20251005,1,1-4-3,2450
20251005,2,4-2-6,5770
20251005,3,1-4-5,2450
20251005,4,4-1-5,1950
20251005,5,1-6-4,4970
20251005,6,1-5-4,3660
20251005,7,2-1-5,3940
20251005,8,4-5-2,1610
20251005,9,1-2-6,2340
20251005,10,4-1-2,2620
20251005,11,3-1-2,5660
20251005,12,5-2-3,29860
20251226,1,4-3-1,10010
20251226,2,2-3-4,4910
20251226,3,1-3-5,2980
20251226,4,3-4-2,3710
20251226,5,4-3-5,13780
20251226,6,1-2-4,2690
20251226,7,2-3-1,6950
20251226,8,2-1-5,11320
20251227,1,4-2-1,2800
20251227,2,1-5-3,2130
20251227,3,1-4-5,2870
20251227,4,4-2-3,5440
20251227,5,1-4-5,3150
20251227,6,4-1-5,22180
20251227,7,6-3-2,3990
20251227,8,1-3-2,2560
20251227,9,2-4-6,5180
20251227,10,1-3-2,2240
20251227,11,5-6-3,16360
20251227,12,1-3-5,2570
20251228,1,2-3-4,10650
20251228,2,4-5-3,4160
20251228,3,1-3-2,1000
20251228,4,4-3-5,4700
20251228,5,1-2-4,830
20251228,6,6-1-4,9340
20251228,7,2-4-3,2990
20251228,8,4-2-1,4590
20251228,9,2-6-3,16880
20251228,10,1-6-5,3980
20251228,11,6-4-2,7070
20251228,12,1-2-6,640
20251229,1,6-2-4,137860
20251229,2,2-1-3,6790
20251229,3,2-4-3,10770
20251229,4,1-5-4,4970
20251229,5,1-2-6,2830
20251229,6,2-1-4,7180
20251229,7,2-3-5,10360
20251229,8,1-4-3,840
20251229,9,1-3-5,1400
20251229,10,1-2-3,830
20251229,11,1-3-2,1730
20251229,12,1-3-6,3930
20251230,1,1-3-2,1260
20251230,2,4-1-5,4060
20251230,3,1-3-2,7880
20251230,4,3-4-5,53350
20251230,5,1-5-2,1440
20251230,6,1-2-3,1280
20251230,7,5-1-4,2610
20251230,8,2-1-4,2620
20251230,9,5-2-1,26240
20251230,10,1-4-2,2480
20251230,11,5-4-2,18590
20251230,12,1-5-6,5410
20251231,1,4-5-2,4010
20251231,2,3-1-2,2910
20251231,3,3-2-4,6210
20251231,4,1-3-2,2350
20251231,5,4-2-3,3010
20251231,6,1-4-2,1350
20251231,7,3-5-1,2900
20251231,8,1-5-3,3230
20251231,9,1-2-3,1330
20251231,10,3-1-2,5630
20251231,11,1-2-5,1590
20251231,12,2-6-4,43780
20260104,1,2-1-3,6680
20260104,2,4-2-6,1890
20260104,3,1-5-2,16000
20260104,4,1-4-3,4200
20260104,5,1-3-2,1330
20260104,6,2-1-5,2830
20260104,7,2-1-6,7130
20260104,8,1-3-5,1380
20260104,9,1-6-2,1300
20260104,10,1-4-3,1290
20260104,11,1-3-5,1640
20260104,12,3-2-4,23100
20260105,1,4-2-5,5150
20260105,2,3-5-1,34050
20260105,3,3-1-2,1740
20260105,4,3-5-4,980
20260105,5,1-5-3,1270
20260105,6,1-3-2,3200
20260105,7,4-2-5,6860
20260105,8,4-1-5,1510
20260105,9,1-2-6,1220
20260105,10,3-4-6,9510
20260105,11,1-5-3,1470
20260105,12,4-1-5,10780
20260106,1,5-2-6,13330
20260106,2,3-2-6,2520
20260106,3,2-1-4,10960
20260106,4,1-2-5,2860
20260106,5,1-3-4,930
20260106,6,3-4-2,11820
20260106,7,3-6-5,1400
20260106,8,1-6-3,2560
20260106,9,1-3-2,2100
20260106,10,2-4-1,1480
20260106,11,4-2-6,3770
20260106,12,1-2-4,2760
20260107,1,3-1-2,2200
20260107,2,1-2-3,2880
20260107,3,2-1-6,8180
20260107,4,4-1-3,5500
20260107,5,1-6-5,8080
20260107,6,2-5-6,7350
20260107,7,5-4-2,4160
20260107,8,3-1-4,2340
20260107,9,1-2-3,2180
20260107,10,1-2-3,1230
20260107,11,5-2-1,1750
20260107,12,1-5-3,2140
20260108,1,2-5-1,2360
20260108,2,1-5-6,1090
20260108,3,6-1-4,125190
20260108,4,1-4-2,2440
20260108,5,4-1-5,3630
20260108,6,5-4-1,1550
20260108,7,5-1-2,3770
20260108,8,3-5-6,9290
20260108,9,1-3-2,2190
20260108,10,4-1-2,19840
20260108,11,1-3-6,5010
20260108,12,2-4-1,4040
20260109,1,4-2-3,10410
20260109,2,6-4-1,116650
20260109,3,2-6-4,1990
20260109,4,1-4-2,6810
20260109,5,1-5-3,5400
20260109,7,5-1-3,4900
20260109,8,3-1-5,6230
20260109,9,6-3-2,18180
20260109,10,4-5-6,4890
20260109,11,1-3-2,1120
20260109,12,2-5-1,12950
20260114,1,1-3-4,1930
20260114,2,1-2-3,1380
20260114,3,1-5-6,10010
20260114,4,3-4-5,3590
20260114,5,1-2-4,640
20260114,6,1-6-4,39750
20260114,7,3-2-4,5000
20260114,8,4-5-2,2080
20260114,9,4-1-2,5850
20260114,10,1-6-2,10890
20260114,11,1-2-3,10880
20260114,12,4-1-6,7100
20260115,1,4-6-2,9880
20260115,2,1-2-3,940
20260115,3,1-2-5,2370
20260115,4,2-3-4,1810
20260115,5,1-3-4,800
20260115,6,1-5-6,1100
20260115,7,3-2-1,6300
20260115,8,1-2-4,870
20260115,9,1-2-6,930
20260115,10,1-5-4,1410
20260115,11,2-1-5,1080
20260115,12,1-5-6,1380
20260116,1,3-4-6,23860
20260116,2,3-5-1,20240
20260116,3,2-4-6,4500
20260116,4,4-5-1,21100
20260116,5,1-3-2,860
20260116,6,1-2-5,3740
20260116,7,2-5-1,3070
20260116,8,6-5-1,69420
20260116,9,3-2-5,27090
20260116,10,5-2-4,57650
20260116,11,4-5-6,3820
20260116,12,4-2-3,27250
20260117,1,4-2-1,2930
20260117,2,4-5-6,4450
20260117,3,3-4-2,1640
20260117,4,5-6-2,7610
20260117,5,1-3-4,2200
20260117,6,5-1-2,3130
20260117,7,2-1-6,2010
20260117,8,1-6-3,7060
20260117,9,1-3-5,2900
20260117,10,1-4-5,2560
20260117,11,1-3-2,510
20260117,12,3-4-2,12260
20260118,1,3-1-2,2240
20260118,2,3-2-4,5090
20260118,3,1-2-3,1960
20260118,4,3-6-2,18720
20260118,5,1-3-2,820
20260118,6,1-3-5,1890
20260118,7,3-2-1,4090
20260118,8,1-4-2,1990
20260118,9,5-4-6,5290
20260118,10,1-4-3,1440
20260118,11,3-2-4,6550
20260118,12,1-4-5,1800
20260121,1,1-5-3,1210
20260121,2,4-1-3,8770
20260121,3,2-4-1,2160
20260121,4,6-2-5,3330
20260121,5,1-4-2,1710
20260121,6,3-1-6,2640
20260121,7,4-3-5,2190
20260121,8,5-4-6,8660
20260121,9,1-3-2,890
20260121,10,3-5-1,4660
20260121,11,3-1-2,2360
20260121,12,3-2-4,22370
20260122,1,1-2-3,3780
20260122,2,5-4-3,6000
20260122,3,2-5-4,2100
20260122,4,3-5-2,4910
20260122,5,1-5-3,1500
20260122,6,3-6-2,17180
20260122,7,2-1-5,2730
20260122,8,1-4-2,1510
20260122,9,4-3-2,12900
20260122,10,3-1-2,2840
20260122,11,4-3-6,16720
20260122,12,1-4-6,1370
20260123,1,1-4-2,1280
20260123,2,3-4-2,990
20260123,3,1-6-4,8850
20260123,4,2-4-6,2980
20260123,5,1-6-2,3540
20260123,6,5-6-2,1360
20260123,7,2-3-1,1110
20260123,8,1-4-5,4250
20260123,9,2-5-6,24600
20260123,10,2-1-4,4010
20260123,11,1-4-2,2330
20260123,12,1-3-2,1430
20260124,1,3-2-1,3560
20260124,2,4-2-1,5300
20260124,3,5-2-6,4450
20260124,4,4-1-2,5310
20260124,5,1-3-2,1210
20260124,6,1-2-6,1140
20260124,7,3-5-6,1110
20260124,8,4-1-2,850
20260124,9,2-1-4,670
20260124,10,1-5-2,1260
20260124,11,1-2-4,3230
20260124,12,1-4-3,3810
20260125,1,5-4-3,6930
20260125,2,5-3-4,1980
20260125,3,3-1-2,5400
20260125,4,1-4-3,5060
20260125,5,1-4-3,820
20260125,6,1-5-4,2080
20260125,7,5-6-2,5540
20260125,8,1-2-5,3500
20260125,9,2-6-1,26290
20260125,10,1-2-5,1280
20260125,11,1-2-4,1160
20260125,12,1-4-2,1380
20260126,1,4-3-1,26300
20260126,2,3-4-2,7250
20260126,3,3-4-2,6110
20260126,4,1-2-5,1110
20260126,5,1-2-3,760
20260126,6,4-2-1,9400
20260126,7,2-1-4,4730
20260126,8,2-3-6,7110
20260126,9,2-1-3,1270
20260126,10,1-2-4,720
20260126,11,1-3-6,2660
20260126,12,1-4-2,1080
20260129,1,4-6-3,20210
20260129,2,3-2-5,5520
20260129,3,2-6-1,4190
20260129,4,1-3-4,7970
20260129,5,1-4-2,3430
20260129,6,2-1-4,1540
20260129,7,2-1-4,2670
20260129,8,4-1-2,1650
20260129,9,1-2-5,810
20260129,10,1-2-6,4480
20260129,11,1-4-3,880
20260129,12,1-3-2,1340
20260130,1,2-4-3,13850
20260130,2,1-3-2,1160
20260130,3,1-2-3,1740
20260130,4,5-2-1,3320
20260130,5,1-2-3,1200
20260130,6,5-3-2,36960
20260130,7,2-1-4,14770
20260130,8,4-2-1,4100
20260130,9,1-5-6,1360
20260130,10,1-6-4,1950
20260130,11,2-1-4,3210
20260130,12,1-4-2,790
20260131,1,1-2-3,2720
20260131,2,5-4-2,6700
20260131,3,3-6-4,132040
20260131,4,1-2-5,1970
20260131,5,2-1-3,6480
20260131,6,3-4-5,210
20260131,7,1-2-3,980
20260131,8,3-1-4,4220
20260131,9,1-2-6,1430
20260131,10,1-2-6,3670
20260131,11,1-5-2,490
20260131,12,4-1-3,19090
20260201,1,4-3-5,3050
20260201,2,2-3-5,4070
20260201,3,5-6-3,4380
20260201,4,3-4-2,5300
20260201,5,4-5-6,5520
20260201,6,3-1-4,3260
20260201,7,5-1-2,7540
20260201,8,1-4-3,1280
20260201,9,1-2-4,7120
20260201,10,1-5-2,1290
20260201,11,1-6-2,5770
20260201,12,5-1-6,9090
20260204,1,3-2-5,6930
20260204,2,2-6-4,3100
20260204,3,5-1-3,1980
20260204,4,5-3-6,3830
20260204,5,1-5-3,2830
20260204,6,5-1-6,19700
20260204,7,6-1-2,1660
20260204,8,5-2-1,15380
20260204,9,2-4-3,1800
20260204,10,6-3-1,10040
20260204,11,1-2-4,930
20260204,12,1-3-4,810
20260205,1,5-1-2,7860
20260205,2,1-2-4,1760
20260205,3,4-2-6,4300
20260205,4,1-2-5,3550
20260205,5,2-1-3,10600
20260205,6,4-5-6,1300
20260205,7,5-4-6,7690
20260205,8,1-4-6,3340
20260205,9,5-1-4,33910
20260205,10,1-6-2,7880
20260205,11,1-2-6,5860
20260205,12,1-2-3,1800
20260206,1,1-6-4,11820
20260206,2,5-2-1,3430
20260206,3,1-5-6,14610
20260206,4,3-2-1,4330
20260206,5,1-2-6,1150
20260206,6,2-1-6,6040
20260206,7,4-1-3,4240
20260206,8,1-4-6,1000
20260206,9,2-1-4,1320
20260206,10,6-1-5,2550
20260206,11,5-6-2,1360
20260206,12,3-2-6,9490
20260207,1,6-2-4,18100
20260207,2,4-2-3,7120
20260207,3,3-2-6,14100
20260207,4,4-2-1,2510
20260207,5,4-1-6,6840
20260207,6,3-1-4,2950
20260207,7,5-3-4,5290
20260207,8,1-6-5,17110
20260207,9,5-2-1,9090
20260207,10,1-5-3,8710
20260207,11,1-3-4,1060
20260207,12,1-6-2,5590
20260212,1,1-2-3,2810
20260212,2,6-3-2,13490
20260212,3,1-4-3,5340
20260212,4,1-2-5,1030
20260212,5,4-1-5,5290
20260212,6,4-3-5,26480
20260212,7,2-4-6,3630
20260212,8,1-4-5,1440
20260212,9,4-2-6,2930
20260212,10,1-2-3,840
20260212,11,3-1-4,2850
20260212,12,1-6-5,11230
20260213,1,4-5-1,14440
20260213,2,1-2-3,4250
20260213,3,4-2-1,5910
20260213,4,4-6-2,32190
20260213,5,1-4-2,1470
20260213,6,1-5-3,6620
20260213,7,1-6-2,4320
20260213,8,1-3-4,790
20260213,9,2-3-6,2350
20260213,10,1-5-3,8800
20260213,11,2-5-1,23890
20260213,12,2-3-4,19080
20260214,1,3-6-5,10790
20260214,2,1-2-5,3490
20260214,3,3-2-1,7700
20260214,4,1-5-6,1350
20260214,5,1-4-5,1550
20260214,6,1-5-4,9450
20260214,7,2-6-3,130870
20260214,8,3-1-4,3260
20260214,9,4-5-6,11670
20260214,10,1-3-4,8700
20260214,11,1-4-3,2000
20260214,12,1-2-4,1000
20260215,1,1-3-6,13690
20260215,2,3-2-1,6710
20260215,3,2-1-3,1760
20260215,4,6-3-1,68440
20260215,5,4-2-3,13510
20260215,6,1-4-2,1650
20260215,7,5-2-6,24190
20260215,8,1-2-3,2660
20260215,9,2-3-1,1360
20260215,10,1-4-5,5050
20260215,11,4-3-1,9590
20260215,12,1-3-4,650
20260216,1,1-3-5,2260
20260216,2,3-4-1,5820
20260216,3,4-3-5,4350
20260216,4,1-4-6,4240
20260216,5,1-4-3,1460
20260216,6,1-2-6,4630
20260216,7,4-2-6,3690
20260216,8,1-3-2,1360
20260216,9,1-6-2,2850
20260216,10,1-6-4,4460
20260216,11,1-6-3,5310
20260216,12,1-4-5,2560
20260217,1,2-5-3,30650
20260217,2,4-3-6,22350
20260217,3,1-4-2,3600
20260217,4,4-1-3,3820
20260217,5,6-3-2,16490
20260217,6,4-3-5,4770
20260217,7,1-2-5,920
20260217,8,3-2-5,15360
20260217,9,5-1-2,5480
20260217,10,3-2-1,4650
20260217,11,4-5-6,6220
20260217,12,1-4-5,2620
20260221,1,2-1-3,880
20260221,2,3-1-5,6030
20260221,3,1-3-2,5680
20260221,4,3-4-2,33640
20260221,5,1-6-2,2870
20260221,6,4-5-3,8740
20260221,7,4-1-6,7270
20260221,8,4-1-3,1630
20260221,9,5-1-3,18150
20260221,10,1-3-2,740
20260221,11,3-4-2,6960
20260221,12,1-5-2,2740
20260222,1,4-2-3,2880
20260222,2,3-5-2,4910
20260222,3,5-2-3,3250
20260222,4,1-4-5,2650
20260222,5,1-2-6,1330
20260222,6,3-2-5,1950
20260222,7,1-3-6,1250
20260222,8,1-4-2,780
20260222,9,5-1-4,1980
20260222,10,1-2-6,870
20260222,11,1-2-3,740
20260222,12,3-2-6,25840
20260223,1,3-4-6,3330
20260223,2,2-3-4,940
20260223,3,5-6-3,4360
20260223,4,1-2-5,5760
20260223,5,4-1-5,2840
20260223,6,5-1-6,11320
20260223,7,2-1-4,2880
20260223,8,1-2-3,2100
20260223,9,6-1-3,8290
20260223,10,3-1-5,8330
20260223,11,1-3-2,1730
20260223,12,1-5-3,1280
20260224,1,6-1-3,29260
20260224,2,1-6-3,37510
20260224,3,4-2-5,4450
20260224,4,1-4-3,1140
20260224,5,1-2-4,1400
20260224,6,1-5-2,740
20260224,7,5-1-2,5640
20260224,8,1-3-4,1850
20260224,9,1-5-2,1130
20260224,10,1-4-6,3690
20260224,11,1-4-2,2770
20260224,12,4-6-1,57130
20260225,1,1-4-3,2780
20260225,2,4-6-2,26650
20260225,3,4-5-3,7240
20260225,4,6-1-2,4210
20260225,5,5-6-4,10700
20260225,6,4-1-5,3170
20260225,7,1-6-4,3470
20260225,8,1-4-6,6710
20260225,9,1-4-2,1240
20260225,10,3-5-1,26860
20260225,11,5-1-4,40840
20260225,12,1-2-3,930
20260226,1,1-3-6,2880
20260226,2,4-3-2,4740
20260226,3,1-4-3,3740
20260226,4,5-3-4,3490
20260226,5,3-6-1,14450
20260226,6,3-1-4,1840
20260226,7,2-1-4,2010
20260226,8,2-6-4,24250
20260226,9,1-3-4,1070
20260226,10,4-1-2,7620
20260226,11,1-2-3,1270
20260226,12,1-4-6,2930
20260302,1,2-4-5,4360
20260302,2,1-2-3,2790
20260302,3,3-5-4,5030
20260302,4,2-5-6,6540
20260302,5,3-2-1,15500
20260302,6,5-6-1,2870
20260302,7,3-1-5,1510
20260302,8,4-1-5,1510
20260302,9,1-6-5,7680
20260302,10,1-3-2,2070
20260302,11,1-5-6,4650
20260302,12,2-4-1,29730
20260303,1,5-6-3,7660
20260303,2,2-5-4,6130
20260303,3,4-6-3,39430
20260303,4,1-2-5,2300
20260303,5,1-2-3,620
20260303,6,2-6-5,3940
20260303,7,4-1-6,6520
20260303,8,1-4-2,880
20260303,9,1-5-6,2840
20260303,10,1-3-2,1440
20260303,11,1-5-3,2100
20260303,12,1-6-3,1940
20260304,1,2-1-5,1030
20260304,2,4-6-1,2100
20260304,3,1-2-5,1670
20260304,4,2-1-4,2970
20260304,5,1-3-4,990
20260304,6,5-3-6,2770
20260304,7,1-4-2,2390
20260305,1,1-2-3,840
20260305,2,1-2-4,7910
20260305,3,5-1-2,3910
20260305,4,1-2-4,620
20260305,5,1-3-4,800
20260305,6,1-2-3,5730
20260305,7,1-6-2,7650
20260305,8,1-4-3,4710
20260305,9,1-2-3,380
20260305,10,1-4-2,2940
20260305,11,1-4-5,2800
20260305,12,3-4-2,42780
20260306,1,1-2-3,4680
20260306,2,1-3-6,3520
20260306,3,2-1-5,6470
20260306,4,1-4-3,760
20260306,5,2-1-6,4860
20260306,6,2-5-3,3720
20260306,7,1-4-3,1270
20260306,8,1-5-4,1190
20260306,9,1-2-4,1280
20260306,10,3-2-6,7750
20260306,11,2-6-3,11500
20260306,12,3-2-4,12190
20260309,1,3-4-6,2490
20260309,2,5-2-3,9800
20260309,3,3-5-4,4050
20260309,4,1-3-5,1180
20260309,5,1-2-3,750
20260309,6,1-2-3,1740
20260309,7,1-3-2,2740
20260309,8,1-4-6,810
20260309,9,1-3-6,3420
20260309,10,1-2-5,930
20260309,11,1-2-6,1090
20260309,12,1-2-6,3310
20260310,1,4-3-5,2040
20260310,2,6-4-2,4580
20260310,3,5-6-2,16270
20260310,4,3-6-4,6760
20260310,5,1-2-4,640
20260310,6,1-5-4,3880
20260310,7,5-6-2,53380
20260310,8,1-3-2,2140
20260310,9,2-1-3,1810
20260310,10,1-2-3,1840
20260310,11,3-1-5,1530
20260310,12,1-6-2,1620
20260311,1,3-2-5,4350
20260311,2,6-2-3,2370
20260311,3,2-5-6,4960
20260311,4,4-6-2,13620
20260311,5,1-2-6,1580
20260311,6,1-5-4,2290
20260311,7,3-4-1,7420
20260311,8,1-3-4,720
20260311,9,3-2-1,7960
20260311,10,3-2-6,3450
20260311,11,1-3-6,7650
20260311,12,1-3-2,670
20260312,1,3-1-4,3660
20260312,2,5-4-2,1810
20260312,3,4-2-3,34150
20260312,4,3-1-4,1600
20260312,5,1-5-3,5790
20260312,6,3-1-6,4490
20260312,7,1-4-6,7130
20260312,8,3-1-4,5440
20260312,9,1-2-3,750
20260312,10,1-4-2,540
20260312,11,1-2-3,720
20260312,12,1-4-5,4930
20260313,1,1-2-4,720
20260313,2,3-2-1,1810
20260313,3,1-3-5,1240
20260313,4,1-3-2,2020
20260313,5,4-6-1,9160
20260313,6,4-6-1,2980
20260313,7,3-1-5,28720
20260313,8,3-1-4,1190
20260313,9,1-2-3,1020
20260313,10,4-1-2,9420
20260313,11,4-2-1,10200
20260313,12,1-3-2,770
20260314,1,5-2-1,4230
20260314,2,1-3-2,1520
20260314,3,6-1-2,1720
20260314,4,6-2-1,36360
20260314,5,1-4-6,830
20260314,6,1-3-4,1570
20260314,7,4-5-2,1560
20260314,8,1-2-3,1450
20260314,9,3-5-2,31270
20260314,10,1-2-3,480
20260314,11,1-2-3,360
20260314,12,1-2-5,1970
20260318,1,1-3-5,2100
20260318,2,1-3-2,1180
20260318,3,1-3-4,7720
20260318,4,1-2-4,1080
20260318,5,1-3-5,1040
20260318,6,1-4-2,2590
20260318,7,3-1-4,800
20260318,8,1-4-5,770
20260318,9,1-4-3,2300
20260318,10,2-1-4,1380
20260318,11,1-5-3,4720
20260318,12,5-3-1,16880
20260319,1,6-1-5,3950
20260319,2,3-2-4,4260
20260319,3,1-5-4,2660
20260319,4,2-1-5,1840
20260319,5,6-3-1,93570
20260319,6,2-1-3,1860
20260319,7,2-4-1,3510
20260319,8,1-3-4,890
20260319,9,1-3-6,1570
20260319,10,3-1-5,2680
20260319,11,1-4-3,2870
20260319,12,1-3-6,1010
20260320,1,4-2-6,8670
20260320,2,4-6-1,4820
20260320,3,1-2-3,1840
20260320,4,2-1-6,7200
20260320,5,4-1-2,8680
20260320,6,1-2-4,1970
20260320,7,1-4-5,5860
20260320,8,4-2-5,2300
20260320,9,3-5-6,32640
20260320,10,4-1-2,19120
20260320,11,1-2-6,1210
20260320,12,2-1-4,13360
20260321,1,1-3-2,1830
20260321,2,1-2-3,1060
20260321,3,3-6-5,42670
20260321,4,1-3-5,980
20260321,5,1-2-4,1620
20260321,6,4-1-2,4520
20260321,7,3-1-5,4240
20260321,8,1-4-6,3630
20260321,9,1-2-4,3340
20260321,10,2-1-6,3350
20260321,11,6-1-3,10540
20260321,12,1-3-2,1170
20260325,1,1-3-5,900
20260325,2,2-3-4,7850
20260325,3,1-4-3,1770
20260325,4,3-2-5,7250
20260325,5,1-5-3,3330
20260325,6,2-3-1,1640
20260325,7,2-1-3,970
20260325,8,6-5-1,55550
20260325,9,2-1-3,1620
20260325,10,5-4-6,10520
20260325,11,1-2-5,1390
20260325,12,1-2-5,1280
20260326,1,2-1-3,3410
20260326,2,3-2-6,10730
20260326,3,3-4-6,980
20260326,4,3-5-4,4510
20260326,5,1-6-5,3340
20260326,6,3-5-6,9320
20260326,7,2-1-4,820
20260326,8,4-1-3,2600
20260326,9,2-4-6,3650
20260326,10,4-3-5,5280
20260326,11,1-2-6,3140
20260326,12,5-3-4,21160
20260327,1,3-2-5,3520
20260327,2,1-2-3,760
20260327,3,5-1-3,4870
20260327,4,3-4-5,2510
20260327,5,1-3-4,3000
20260327,6,4-5-3,40030
20260327,7,1-2-3,1670
20260327,8,1-3-5,5970
20260327,9,6-5-1,6470
20260327,10,2-3-5,17360
20260327,11,1-5-2,4780
20260327,12,3-1-6,7080
20260328,1,2-6-3,16220
20260328,2,3-2-4,1160
20260328,3,1-2-5,2080
20260328,4,1-2-4,1230
20260328,5,1-6-2,2770
20260328,6,5-3-2,24450
20260328,7,1-4-3,2610
20260328,8,1-4-6,4060
20260328,9,5-3-1,2120
20260328,10,1-5-4,4800
20260328,11,1-2-4,540
20260328,12,1-2-5,1720
20260329,1,3-6-4,5590
20260329,2,1-2-3,510
20260329,3,5-1-3,7400
20260329,4,4-1-2,4430
20260329,5,4-1-3,2850
20260329,6,5-6-1,15780
20260329,7,4-5-1,1900
20260329,8,1-3-4,1060
20260329,9,1-3-4,630
20260329,10,1-3-2,1730
20260329,11,1-3-4,710
20260329,12,2-3-5,37640
20260330,1,2-3-4,2470
20260330,2,4-2-5,5290
20260330,3,1-4-2,3120
20260330,4,1-3-4,1040
20260330,5,4-3-6,6050
20260330,6,3-2-4,560
20260330,7,2-4-1,34210
20260330,8,1-6-2,4260
20260330,9,4-5-3,6830
20260330,10,1-5-4,9260
20260330,11,4-1-2,2270
20260330,12,1-4-6,1950
20260403,1,5-2-6,37100
20260403,2,5-4-2,3600
20260403,3,2-3-4,9910
20260403,4,3-1-6,2360
20260403,5,1-4-2,1600
20260403,6,1-5-4,7200
20260403,7,3-2-5,1700
20260403,8,6-1-4,13560
20260403,9,1-2-5,890
20260403,10,1-5-3,3680
20260403,11,1-3-6,980
20260403,12,1-3-4,2210
20260404,1,2-6-1,4280
20260404,2,1-2-4,5240
20260404,3,4-1-2,17860
20260404,4,1-6-2,1530
20260404,5,3-2-6,41750
20260404,6,1-4-6,1840
20260404,7,1-3-2,4990
20260404,8,4-1-2,1010
20260404,9,1-3-6,2420
20260404,10,1-2-3,1620
20260404,11,3-6-1,44560
20260404,12,3-1-2,2460
20260405,1,2-3-1,3530
20260405,2,5-3-1,9090
20260405,3,3-2-1,3730
20260405,4,2-1-3,680
20260405,5,1-3-5,2100
20260405,6,2-3-6,1900
20260405,7,1-2-4,1280
20260405,8,1-2-4,1070
20260405,9,1-3-4,4110
20260405,10,1-2-4,1090
20260405,11,4-2-5,7360
20260405,12,1-2-4,580
20260406,1,3-4-2,4680
20260406,2,3-2-1,6070
20260406,3,5-6-2,4360
20260406,4,2-3-1,10650
20260406,5,1-2-4,810
20260406,6,1-3-5,760
20260406,7,3-5-1,7530
20260406,8,4-3-5,4770
20260406,9,1-3-4,870
20260406,10,2-6-1,66690
20260406,11,1-3-2,770
20260406,12,1-4-2,2750
20260407,1,2-3-4,18360
20260407,2,1-2-6,2230
20260407,3,4-5-6,1340
20260407,4,2-4-5,58700
20260407,5,1-5-3,2100
20260407,6,1-3-2,790
20260407,7,1-4-2,1480
20260407,8,4-3-1,21880
20260407,9,1-2-3,1580
20260407,10,3-4-5,5630
20260407,11,1-2-3,760
20260407,12,1-2-3,990
20260408,1,3-4-6,5290
20260408,2,4-2-3,7130
20260408,3,3-2-5,21300
20260408,4,2-1-6,8680
20260408,5,1-2-5,1460
20260408,6,1-3-6,3650
20260408,7,1-2-3,1300
20260408,8,3-1-4,660
20260408,9,1-3-4,800
20260408,10,3-5-6,17290
20260408,11,2-1-4,6830
20260408,12,1-3-4,1690
20260411,1,4-5-6,1410
20260411,2,2-4-3,1570
20260411,3,1-3-4,2320
20260411,4,3-1-6,5370
20260411,5,1-3-6,1720
20260411,6,4-6-2,1530
20260411,7,6-1-2,1830
20260411,8,1-4-6,1400
20260411,9,1-5-3,1730
20260411,10,4-5-6,1230
20260411,11,1-2-4,1220
20260411,12,1-3-2,1380
20260412,1,1-5-2,3140
20260412,2,2-4-1,3410
20260412,3,2-1-6,1560
20260412,4,3-2-5,3210
20260412,5,1-3-6,1590
20260412,6,1-5-3,8670
20260412,7,3-1-6,7180
20260412,8,1-4-3,1000
20260412,9,3-4-1,27570
20260412,10,3-4-6,23460
20260412,11,3-2-5,2290
20260412,12,1-3-5,1510
20260413,1,1-3-6,2370
20260413,2,3-1-2,1240
20260413,3,4-1-5,9320
20260413,4,2-5-1,20920
20260413,5,1-5-4,1660
20260413,6,1-2-3,3020
20260413,7,5-6-1,58520
20260413,8,4-1-3,4110
20260413,9,2-1-4,3810
20260413,10,1-4-3,1330
20260413,11,2-5-3,9330
20260413,12,1-2-3,1600
20260414,1,1-2-3,2070
20260414,2,1-2-3,3610
20260414,3,1-5-3,9970
20260414,4,5-2-4,5980
20260414,5,1-3-2,900
20260414,6,5-6-3,10380
20260414,7,3-1-5,17800
20260414,8,1-2-3,4000
20260414,9,4-2-3,3300
20260414,10,2-1-6,4220
20260414,11,1-3-2,880
20260414,12,1-4-3,1870
20260424,1,4-1-3,1500
20260424,2,3-2-5,2390
20260424,3,2-5-1,2060
20260424,4,2-1-4,2250
20260424,5,1-3-5,1700
20260424,6,4-6-3,5210
20260424,7,2-5-1,5460
20260424,8,3-1-4,2980
20260424,9,1-3-5,2110
20260424,10,1-3-2,940
20260424,11,1-5-2,11960
20260424,12,1-2-4,820
20260425,1,3-2-4,590
20260425,2,2-6-5,3460
20260425,3,4-6-1,1250
20260425,4,2-5-4,2310
20260425,5,1-5-4,2390
20260425,6,1-3-4,3850
20260425,7,1-4-3,2770
20260425,8,4-5-1,1330
20260425,9,1-2-5,650
20260425,10,1-3-6,650
20260425,11,1-3-2,990
20260425,12,1-5-2,1290
20260426,1,5-4-2,2850
20260426,2,4-2-6,1980
20260426,3,3-1-5,1390
20260426,4,4-1-2,4660
20260426,5,1-5-2,2320
20260426,6,2-6-1,990
20260426,7,3-4-1,1430
20260426,8,2-1-4,5900
20260426,9,2-3-6,3120
20260426,10,1-2-3,2730
20260426,11,3-1-2,1200
20260426,12,1-5-4,3870
20260427,1,1-3-2,2990
20260427,2,2-4-1,1560
20260427,3,2-3-1,1270
20260427,4,6-2-3,2230
20260427,5,1-4-3,1330
20260427,6,6-2-1,2160
20260427,7,5-1-2,810
20260427,8,1-2-6,7020
20260427,9,1-2-4,1040
20260427,10,3-4-1,2800
20260427,11,2-6-1,9390
20260427,12,1-3-4,340
20260428,1,5-1-6,1970
20260428,2,3-4-2,4370
20260428,3,1-3-2,1930
20260428,4,1-5-3,1260
20260428,5,4-3-1,1990
20260428,6,3-4-5,1150
20260428,7,1-5-4,9540
20260428,8,4-3-1,10660
20260428,9,1-2-3,3110
20260428,10,2-4-1,5530
20260428,11,1-2-6,2460
20260428,12,1-2-4,770
20260429,1,4-1-2,2500
20260429,2,4-2-1,1780
20260429,3,1-3-2,780
20260429,4,1-4-3,2010
20260429,5,1-5-2,14920
20260429,6,1-2-3,3050
20260429,7,1-4-2,2150
20260429,8,5-6-3,30970
20260429,9,4-1-6,7580
20260429,10,2-4-6,31110
20260429,11,4-2-1,11180
20260429,12,1-3-2,860
20260503,1,4-5-1,7240
20260503,2,1-2-3,560
20260503,3,1-3-6,2490
20260503,4,1-2-4,2770
20260503,5,1-3-6,38320
20260503,6,1-2-5,1160
20260503,7,2-5-1,5340
20260503,8,3-1-6,13820
20260503,9,3-1-5,1210
20260503,10,1-4-6,9460
20260503,11,3-1-5,10170
20260503,12,3-1-6,2480
20260504,1,1-2-3,5140
20260504,2,3-1-5,18200
20260504,3,1-2-6,3890
20260504,4,1-4-3,4480
20260504,5,1-2-4,2610
20260504,6,5-1-3,5610
20260504,7,2-1-3,2560
20260504,8,1-4-6,3110
20260504,9,3-1-5,1770
20260504,10,2-1-3,2650
20260504,11,1-2-3,640
20260504,12,1-5-4,2600
20260505,1,2-4-1,4550
20260505,2,2-4-6,30180
20260505,3,3-2-5,1680
20260505,4,5-2-6,12320
20260505,5,3-6-5,5430
20260505,6,1-5-2,1280
20260505,7,4-1-5,23540
20260505,8,3-4-2,11930
20260505,9,5-2-1,3880
20260505,10,1-5-4,8200
20260505,11,5-6-1,38960
20260505,12,5-2-1,21330
20260506,1,1-3-4,690
20260506,2,5-1-2,19340
20260506,3,2-1-6,2020
20260506,4,1-3-4,3090
20260506,5,3-1-5,2730
20260506,6,2-1-6,2620
20260506,7,4-2-1,2050
20260506,8,1-2-3,800
20260506,9,1-3-2,660
20260506,10,1-6-4,3420
20260506,11,1-5-3,3080
20260506,12,1-2-3,990
20260507,1,3-1-5,3770
20260507,2,1-4-6,14390
20260507,3,2-1-3,3460
20260507,4,1-5-4,9210
20260507,5,2-4-1,2800
20260507,6,5-2-1,8780
20260507,7,1-3-6,1530
20260507,8,3-4-1,4530
20260507,9,2-4-1,2630
20260507,10,1-2-3,340
20260507,11,1-6-2,2390
20260507,12,1-2-4,1350
20260508,1,2-5-1,3960
20260508,2,3-5-6,13150
20260508,3,5-4-3,25000
20260508,4,5-6-3,9240
20260508,5,4-6-1,28930
20260508,6,4-3-1,3880
20260508,7,1-2-3,810
20260508,8,4-2-1,2810
20260508,9,1-5-6,960
20260508,10,1-2-4,560
20260508,11,2-4-1,9540
20260508,12,1-3-2,780
20260512,1,3-1-5,1670
20260512,2,1-3-4,750
20260512,3,6-1-3,40580
20260512,4,2-5-3,5010
20260512,5,4-3-5,5710
20260512,6,1-5-3,3530
20260512,7,1-2-6,1030
20260512,8,1-4-6,3430
20260512,9,1-2-3,2550
20260512,10,3-2-5,13240
20260512,11,1-4-2,1880
20260512,12,5-1-3,7500
20260513,1,1-3-5,2870
20260513,2,1-3-4,930
20260513,3,4-6-1,3170
20260513,4,3-5-6,1410
20260513,5,3-4-1,13840
20260513,6,4-2-1,3540
20260513,7,1-2-4,1370
20260513,8,4-3-5,8310
20260513,9,4-2-3,12610
20260513,10,5-1-2,1710
20260513,11,1-3-4,1930
20260513,12,1-5-4,12900
20260514,1,1-4-2,3480
20260514,2,4-1-5,33810
20260514,3,5-3-1,10930
20260514,4,1-3-2,3310
20260514,5,1-2-5,1040
20260514,6,5-4-1,2060
20260514,7,1-2-6,1620
20260514,8,1-4-2,690
20260514,9,3-2-5,11910
20260514,10,2-5-1,44970
20260514,11,6-4-5,14420
20260514,12,1-5-2,640
20260515,1,3-2-4,7040
20260515,2,1-3-5,11740
20260515,3,2-5-3,4180
20260515,4,2-4-5,4460
20260515,5,1-2-3,8480
20260515,6,1-2-5,1080
20260515,7,1-6-2,530
20260515,8,1-2-3,760
20260515,9,3-5-1,35980
20260515,10,2-1-3,7290
20260515,11,1-4-2,2100
20260515,12,1-6-2,7790
20260516,1,1-2-3,590
20260516,2,2-1-4,6670
20260516,3,4-1-5,6580
20260516,4,2-3-4,5120
20260516,5,1-5-3,1530
20260516,6,1-5-4,4640
20260516,7,1-5-2,5950
20260516,8,3-4-2,17960
20260516,9,1-4-6,4910
20260516,10,3-1-5,6440
20260516,11,1-2-3,1650
20260516,12,1-4-3,3660
20260618,1,3-4-5,4720
20260618,2,1-6-2,2630
20260618,3,4-1-5,1170
20260618,4,1-2-3,980
20260618,5,2-1-3,13230
20260618,6,2-3-4,16930
20260618,7,3-6-2,2260
20260618,8,3-2-4,14510
20260618,9,1-3-4,3030
20260618,10,2-6-1,19680
20260618,11,1-5-3,1840
20260618,12,2-1-5,3710
20260619,1,2-5-6,7150
20260619,2,1-5-2,6470
20260619,3,2-3-1,1820
20260619,4,1-3-5,6150
20260619,5,2-6-5,14800
20260619,6,2-5-4,2850
20260619,7,5-6-3,3610
20260619,8,4-2-6,9920
20260619,9,3-1-6,1720
20260619,10,2-5-4,12660
20260619,11,2-4-1,2730
20260619,12,1-3-2,3390
20260620,1,1-4-3,2640
20260620,2,1-2-3,520
20260620,3,2-3-4,1490
20260620,4,2-4-5,3550
20260620,5,1-3-5,5090
20260620,6,2-1-6,2320
20260620,7,1-5-2,1680
20260620,8,1-2-4,2020
20260620,9,3-4-2,5010
20260620,10,1-4-6,1230
20260620,11,3-1-2,2430
20260620,12,2-1-4,11190
20260621,1,5-1-4,8180
20260621,2,3-4-2,5570
20260621,3,1-3-2,920
20260621,4,2-1-3,6460
20260621,5,1-4-2,12730
20260621,6,2-6-3,31330
20260621,7,2-1-3,1090
20260621,8,1-2-3,2010
20260621,9,1-2-3,830
20260621,10,3-1-5,5900
20260621,11,1-2-4,1410
20260621,12,1-4-2,3010
20260624,1,1-3-5,2390
20260624,2,2-4-6,25560
20260624,3,3-2-1,5450
20260624,4,3-4-2,7440
20260624,5,4-6-2,2760
20260624,6,1-2-3,1380
20260624,7,1-3-2,2410
20260624,8,3-1-4,3450
20260624,9,2-3-1,8410
20260624,10,1-2-3,810
20260624,11,1-3-5,1390
20260624,12,4-1-5,12020
20260625,1,6-1-2,14290
20260625,2,1-5-6,3750
20260625,3,5-4-1,4520
20260625,4,2-1-4,2440
20260625,5,3-2-1,2900
20260625,6,1-5-3,3430
20260625,7,3-4-5,1480
20260625,8,3-6-4,14550
20260625,9,2-4-5,4760
20260625,10,1-4-3,4900
20260625,11,6-4-1,7680
20260625,12,1-2-6,1330
20260626,1,5-1-4,3810
20260626,2,3-2-1,13140
20260626,3,2-3-4,2490
20260626,4,1-2-5,1340
20260626,5,1-2-4,2560
20260626,6,1-2-3,870
20260626,7,5-2-4,13550
20260626,8,4-5-6,2680
20260626,9,4-3-1,16800
20260626,10,1-4-5,2920
20260626,11,1-5-2,4640
20260626,12,1-3-4,580
20260628,1,3-2-5,3530
20260628,2,1-5-3,3570
20260628,3,3-5-2,7060
20260628,4,2-5-1,3420
20260628,5,1-3-6,3500
20260628,6,3-1-2,10270
20260628,7,3-2-4,3290
20260628,8,2-1-4,4870
20260628,9,1-3-5,3540
20260628,10,2-6-4,28260
20260628,11,1-3-2,1190
20260628,12,1-2-4,2070
20260702,1,4-3-5,3650
20260702,2,1-2-3,650
20260702,3,3-1-6,1320
20260702,4,4-3-5,10000
20260702,5,2-1-4,6920
20260702,6,2-5-6,4570
20260702,7,2-4-6,4010
20260702,8,4-3-1,5830
20260702,9,2-5-3,14950
20260702,10,1-4-6,10960
20260702,11,3-1-6,4930
20260702,12,3-5-2,34730
20260703,1,5-6-3,26580
20260703,2,1-3-2,650
20260703,3,2-3-1,7360
20260703,4,3-1-6,1680
20260703,5,3-2-4,5420
20260703,6,3-1-6,2910
20260703,7,1-5-2,810
20260703,8,1-4-2,530
20260703,9,1-2-3,550
20260703,10,2-3-1,2900
20260703,11,2-1-5,1960
20260703,12,1-4-2,720
20260704,1,3-6-2,6090
20260704,2,2-1-3,5320
20260704,3,4-6-2,9370
20260704,4,4-2-6,4320
20260704,5,2-4-1,3660
20260704,6,3-1-2,10560
20260704,7,3-1-4,1030
20260704,8,2-1-4,4250
20260704,9,1-6-2,12120
20260704,10,1-5-3,1680
20260704,11,2-1-4,1710
20260704,12,4-1-2,10650
20260705,1,1-3-4,1030
20260705,2,1-2-3,1110
20260705,3,2-1-4,1880
20260705,4,1-5-2,2450
20260705,5,1-5-2,10510
20260705,6,1-2-3,320
20260705,7,3-4-2,19550
20260705,8,4-2-6,15120
20260705,9,1-4-2,1210
20260705,10,1-3-2,690
20260705,11,1-6-5,4730
20260705,12,1-2-6,2200
20260706,1,3-1-2,2650
20260706,2,1-3-2,1260
20260706,3,2-1-5,4220
20260706,4,1-2-5,680
20260706,5,1-2-6,2130
20260706,6,1-5-3,1190
20260706,7,3-6-4,9300
20260706,8,1-2-4,600
20260706,9,1-5-6,3770
20260706,10,2-5-1,23250
20260706,11,1-2-4,560
20260706,12,1-3-2,1130
20260707,1,6-2-3,4050
20260707,2,1-5-2,9240
20260707,3,3-4-6,1520
20260707,4,3-4-1,1950
20260707,5,2-3-5,4500
20260707,6,1-5-4,1340
20260707,7,1-6-4,2440
20260707,8,2-1-5,2490
20260707,9,1-4-3,1060
20260707,10,1-4-2,2950
20260707,11,1-2-5,1860
20260707,12,1-3-2,2150
20260711,1,3-1-6,6050
20260711,2,1-2-4,960
20260711,3,3-4-5,6950
20260711,4,2-1-5,1510
20260711,5,1-2-6,2170
20260711,6,2-3-1,1980
20260711,7,3-6-1,2000
20260711,8,1-5-2,11040
20260711,9,1-2-3,1230
20260711,10,2-6-3,10610
20260711,11,1-5-2,2700
20260711,12,1-3-2,1140
20260712,1,1-2-6,1650
20260712,2,1-2-6,630
20260712,3,2-3-1,1910
20260712,4,1-5-4,960
20260712,5,4-1-5,8750
20260712,6,6-1-3,16470
20260712,7,4-2-1,1190
20260712,8,4-1-6,2700
20260712,9,3-1-5,630
20260712,10,1-2-4,3570
20260712,11,1-4-2,5340
20260712,12,5-3-1,8700
20260713,1,1-4-6,3190
20260713,2,1-3-6,2590
20260713,3,3-6-1,7010
20260713,4,1-3-4,6180
20260713,5,5-1-6,3380
20260713,6,2-5-6,6950
20260713,7,2-4-3,1520
20260713,8,4-1-5,940
20260713,9,1-5-2,6700
20260713,10,1-3-4,2020
20260713,11,1-4-5,4860
20260713,12,1-2-3,1270
20260714,1,5-2-3,2120
20260714,2,3-4-2,1930
20260714,3,1-2-6,12290
20260714,4,1-2-4,3510
20260714,5,2-3-4,1410
20260714,6,3-2-5,5420
20260714,7,4-2-3,970
20260714,8,3-4-1,1930
20260714,9,4-6-5,10230
20260714,10,2-3-1,4150
20260714,11,1-2-3,1060
20260714,12,1-3-2,1270
20260718,1,1-6-2,5830
20260718,2,1-3-4,1410
20260718,3,3-1-2,3410
20260718,4,2-5-3,4630
20260718,5,1-3-2,1420
20260718,6,3-1-5,9400
20260718,7,3-1-4,860
20260718,8,1-4-3,710
20260718,9,1-4-2,2420
20260718,10,2-1-3,3310
20260718,11,1-3-2,2020
20260718,12,5-1-3,22030
20260719,1,1-5-3,1010
20260719,2,5-1-6,4700
20260719,3,2-4-3,16360
20260719,4,2-5-3,2220
20260719,5,3-1-6,2500
20260719,6,2-1-6,790
20260719,7,1-3-2,8380
20260719,8,4-2-1,2170
20260719,9,1-5-2,2290
20260719,10,3-2-1,1540
20260719,11,1-2-6,2940
20260719,12,1-4-3,1060
20260720,1,4-1-5,1230
20260720,2,1-6-2,4040
20260720,3,6-5-2,3230
20260720,4,5-4-2,23110
20260720,5,1-6-4,1890
20260720,6,1-5-6,1090
20260720,7,2-1-4,1300
20260720,8,5-2-4,3570
20260720,9,2-5-3,410
20260720,10,6-5-4,54540
20260720,11,3-1-5,4190
20260720,12,1-2-6,600
20260721,1,2-4-5,1380
20260721,2,4-1-2,31450
20260721,3,4-3-1,2650
20260721,4,1-5-6,7410
20260721,5,2-5-3,11730
20260721,6,4-6-5,29770
20260721,7,5-3-2,4450
20260721,8,3-1-4,8510
20260721,9,1-3-2,670
20260721,10,1-2-6,3930
20260721,11,2-1-5,2380
20260721,12,2-1-3,6380
20260725,1,1-4-5,880
20260725,2,1-4-2,1260
20260725,3,1-3-2,1330
20260725,4,3-6-2,2370
20260725,5,1-5-6,22790
20260725,6,2-5-1,3930
20260725,7,2-1-3,1380
20260725,8,4-1-2,6970
20260725,9,1-3-2,4050
20260725,10,5-1-6,1920
20260725,11,2-3-6,23530
20260725,12,1-2-6,4230
20260726,1,3-1-4,4680
20260726,2,1-3-4,930
20260726,3,3-1-6,8680
20260726,4,3-2-6,1840
20260726,5,4-5-2,2190
20260726,6,1-2-6,520
20260726,7,1-2-5,3130
20260726,8,4-5-6,1880
20260726,9,1-4-5,4180
20260726,10,1-2-5,5340
20260726,11,1-4-2,2320
20260726,12,1-2-4,1030
20260727,1,3-2-5,3500
20260727,2,1-5-6,710
20260727,3,4-3-6,5880
20260727,4,2-1-5,1570
20260727,5,2-1-3,1140
20260727,6,6-3-2,28520
20260727,7,1-5-2,37540
20260727,8,4-1-2,1640
20260727,9,2-5-1,3930
20260727,10,3-1-4,2080
20260727,11,1-3-4,340
20260727,12,1-3-2,1140
20260728,1,2-1-3,730
20260728,2,1-4-2,1560
20260728,3,4-6-5,16740
20260728,4,4-3-5,20440
20260728,5,1-3-2,1550
20260728,6,1-2-5,970
20260728,7,6-1-3,1980
20260728,8,1-4-6,1200
20260728,9,4-3-6,28630
20260728,10,3-2-4,1700
20260728,11,1-2-3,370
20260728,12,1-3-2,4780
20260729,1,4-5-2,10080
20260729,2,3-4-5,4350
20260729,3,5-6-4,2970
20260729,4,4-1-3,1450
20260729,5,4-5-1,3080
20260729,6,2-1-6,890
20260729,7,5-6-1,1560
20260729,8,2-1-3,1980
20260729,9,3-5-6,10470
20260729,10,1-2-3,500
20260729,11,1-3-4,2570
20260729,12,5-6-4,530
20260730,1,1-3-5,2190
20260730,2,3-2-5,1840
20260730,3,2-3-1,3230
20260730,4,1-3-6,890
20260730,5,3-1-2,2970
20260730,6,1-2-6,260
20260730,7,2-6-5,19060
20260730,8,1-2-3,1010
20260730,9,3-4-2,5360
20260730,10,1-4-2,850
20260730,11,3-4-1,1860
20260730,12,2-4-1,4880
20260803,1,3-4-6,8770
20260803,2,1-3-5,1290
20260803,3,5-4-3,6230
20260803,4,2-1-6,2770
20260803,5,1-3-6,9020
20260803,6,2-3-1,2220
20260803,7,5-2-1,102260
20260803,8,2-5-3,18250
20260803,9,5-1-3,4040
20260803,10,2-4-6,70860
20260803,11,1-3-4,610
20260803,12,2-3-4,11430
20260804,1,3-4-5,5060
20260804,2,4-2-3,35930
20260804,3,3-4-1,14220
20260804,4,2-4-5,1610
20260804,5,6-2-3,3230
20260804,6,1-2-5,2510
20260804,7,1-3-2,5060
20260804,8,4-5-1,1290
20260804,9,1-2-4,2460
20260804,10,1-4-5,1860
20260804,11,1-4-2,610
20260804,12,1-2-4,1170
20260805,1,5-4-6,1430
20260805,2,1-2-6,1220
20260805,3,1-3-2,8390
20260805,4,3-2-4,41440
20260805,5,2-1-4,3030
20260805,6,1-6-5,3730
20260805,7,5-1-3,20600
20260805,8,4-1-2,1420
20260805,9,3-4-6,990
20260805,10,2-1-6,4320
20260805,11,1-3-2,840
20260805,12,1-2-3,560
20260806,1,1-3-5,1510
20260806,2,3-1-4,11490
20260806,3,1-4-5,5240
20260806,4,4-5-1,3570
20260806,5,2-1-3,2310
20260806,6,2-5-1,5480
20260806,7,5-1-2,4650
20260806,8,6-1-3,42780
20260806,9,2-4-3,6360
20260806,10,4-2-6,54590
20260806,11,1-3-5,6210
20260806,12,1-2-5,400
20260807,1,5-2-1,6090
20260807,2,5-2-3,7930
20260807,3,3-2-6,15560
20260807,4,1-2-5,4250
20260807,5,2-1-3,9520
20260807,6,1-3-2,950
20260807,7,1-2-5,1280
20260807,8,3-6-5,31150
20260807,9,1-2-4,1010
20260807,10,1-4-2,800
20260808,1,1-4-2,1650
20260808,2,2-3-1,4620
20260808,3,2-4-5,10580
20260808,4,5-1-3,13030
20260808,5,5-4-1,8500
20260808,6,5-2-1,4010
20260808,7,1-2-6,1130
20260808,8,4-6-1,2690
20260808,9,1-6-2,1350
20260808,10,4-1-2,5410
20260808,11,1-3-2,600
20260808,12,1-3-5,3460
20260811,1,5-3-1,1720
20260811,2,2-1-4,1500
20260811,3,2-3-1,2800
20260811,4,2-3-5,1120
20260811,5,1-3-5,930
20260811,6,2-5-6,30410
20260811,7,6-2-4,3210
20260811,8,4-1-5,920
20260811,9,5-2-1,2770
20260811,10,2-1-3,3250
20260811,11,2-5-1,7830
20260811,12,2-6-5,54620
20260812,1,2-1-3,1040
20260812,2,1-5-4,1610
20260812,3,3-5-1,2000
20260812,4,3-1-6,1930
20260812,5,1-4-5,2910
20260812,6,2-3-1,2150
20260812,7,3-2-5,4070
20260812,8,1-4-3,690
20260812,9,4-6-2,3400
20260812,10,2-1-4,3020
20260812,11,1-3-6,1730
20260812,12,1-3-2,1180
20260813,1,2-6-3,1890
20260813,2,3-4-1,1830
20260813,3,3-2-1,4350
20260813,4,2-5-1,2780
20260813,5,3-5-6,9850
20260813,6,3-4-1,12930
20260813,7,1-4-2,16120
20260813,8,1-4-3,1210
20260813,9,3-2-6,3880
20260813,10,6-1-3,5910
20260814,1,5-3-6,60840
20260814,2,4-5-1,4880
20260814,3,2-3-1,2660
20260814,4,3-4-5,2740
20260814,5,5-1-6,3540
20260814,6,1-2-3,780
20260814,7,1-5-3,1000
20260814,8,1-6-4,1480
20260814,9,1-6-4,7880
20260814,10,1-3-6,4360
20260814,11,1-3-2,2840
20260814,12,1-2-5,2120
20260815,1,1-2-3,3540
20260815,2,2-3-1,1110
20260815,3,4-6-1,2440
20260815,4,3-5-4,7770
20260815,5,3-5-6,3540
20260815,6,2-1-3,2830
20260815,7,2-3-6,1250
20260815,8,4-2-1,1100
20260815,9,3-5-4,4520
20260815,10,2-5-1,11360
20260815,11,1-3-4,1280
20260815,12,1-4-2,890
20260816,1,3-1-4,6960
20260816,2,6-2-5,5820
20260816,3,2-5-1,7910
20260816,4,3-2-4,7540
20260816,5,5-3-6,2090
20260816,6,1-6-2,1620
20260816,7,2-5-4,2060
20260816,8,5-6-4,11310
20260816,9,1-4-3,1540
20260816,10,2-1-3,2580
20260816,11,6-2-5,82010
20260816,12,3-4-6,14560
