順位,登録番号,選手名,級別,モーター番号,モーター2連対率,場コード,場名,開催日
23,4551,三川　　昂暁,A2,11,31.3,01,桐生,20260727
31,4073,大橋　純一郎,A1,13,26.6,01,桐生,20260727
39,4318,桑原　　将光,A2,16,23.3,01,桐生,20260727
22,4643,近江　　翔吾,A2,17,31.7,01,桐生,20260727
36,5378,鈴木　結平太,B2,19,24.5,01,桐生,20260727
32,4724,吉田　　祐貴,B1,22,26.4,01,桐生,20260727
38,4632,長尾　京志郎,B1,23,23.4,01,桐生,20260727
7,3797,岩井　　　繁,B1,24,37.1,01,桐生,20260727
37,4241,大串　　重幸,A2,25,24.0,01,桐生,20260727
25,4601,森野　　正弘,A1,26,30.5,01,桐生,20260727
29,3908,重成　　一人,A1,29,28.3,01,桐生,20260727
5,3977,山本　　兼士,B1,31,38.5,01,桐生,20260727
8,4397,西村　　拓也,A1,33,36.9,01,桐生,20260727
6,4203,小倉　　康典,B1,34,38.4,01,桐生,20260727
20,5375,庄島　　潤成,B1,36,31.8,01,桐生,20260727
17,4588,田中　　京介,A2,37,32.0,01,桐生,20260727
12,4952,吉武　　真也,B1,40,34.3,01,桐生,20260727
14,5312,川辺　　郭人,B1,41,33.5,01,桐生,20260727
34,5351,齊藤　　　廉,B1,42,26.1,01,桐生,20260727
35,4449,中嶋　　達也,B1,43,25.9,01,桐生,20260727
29,3717,立間　　充宏,A2,44,28.3,01,桐生,20260727
4,3642,大塚　　浩二,B1,46,39.1,01,桐生,20260727
27,5411,木下　虎之輔,B2,47,29.6,01,桐生,20260727
19,3381,滝沢　　芳行,B1,48,31.9,01,桐生,20260727
11,4743,木村　　仁紀,A1,49,35.2,01,桐生,20260727
17,4410,井上　　大輔,B1,50,32.0,01,桐生,20260727
27,4864,小川　日紀太,B1,51,29.6,01,桐生,20260727
33,4948,木場　　悠介,B1,52,26.2,01,桐生,20260727
13,4649,和田　　操拓,B1,53,34.2,01,桐生,20260727
43,4458,抹香　　雄三,B1,54,21.2,01,桐生,20260727
40,4452,松尾　　　祭,A2,55,22.6,01,桐生,20260727
14,4106,坂井　　康嗣,B1,57,33.5,01,桐生,20260727
44,3664,鈴木　　賢一,B1,58,20.9,01,桐生,20260727
2,3499,市川　　哲也,A1,60,44.6,01,桐生,20260727
45,4789,古賀　　智之,A2,61,15.1,01,桐生,20260727
3,3659,藤生　　雄人,A2,62,41.5,01,桐生,20260727
41,3889,須藤　　隆雄,B1,63,22.3,01,桐生,20260727
20,5126,山下　　大輝,A1,64,31.8,01,桐生,20260727
9,4949,横田　　貴満,A2,65,36.0,01,桐生,20260727
24,3737,上平　　真二,A1,67,30.8,01,桐生,20260727
42,5301,岩下　　巧斗,B1,68,22.2,01,桐生,20260727
10,5086,本村　　　大,B1,70,35.9,01,桐生,20260727
16,5053,山口　　広樹,B1,72,32.4,01,桐生,20260727
1,5371,早川　　颯太,B2,73,48.7,01,桐生,20260727
26,4863,三浦　　裕貴,B1,75,29.9,01,桐生,20260727
2,4122,安東　　幸治,A2,2,45.7,02,戸田,20260727
33,5209,小野　　京平,B1,3,32.5,02,戸田,20260727
1,5433,米本　　圭佑,B2,4,46.4,02,戸田,20260727
17,5385,鈴木　　柊介,B1,5,35.4,02,戸田,20260727
19,3502,渡邉　　英児,A2,6,35.1,02,戸田,20260727
40,4231,鈴木　　裕隆,B1,7,30.5,02,戸田,20260727
23,5178,成貞　　琳平,B1,8,34.6,02,戸田,20260727
6,4651,佐藤　　大騎,B1,9,40.4,02,戸田,20260727
25,3538,菊池　　峰晴,B2,10,34.5,02,戸田,20260727
6,5152,丸山　　祐也,B1,11,40.4,02,戸田,20260727
4,3419,栗原　　謙治,B2,12,41.4,02,戸田,20260727
31,4095,福来　　　剛,A1,13,33.1,02,戸田,20260727
30,3647,伊藤　　雄二,B1,14,33.8,02,戸田,20260727
38,5033,藤原　　孝斗,B1,17,30.9,02,戸田,20260727
37,5432,安藤　　瑠希,B1,18,31.0,02,戸田,20260727
39,4533,峰重　　侑治,B1,20,30.7,02,戸田,20260727
22,4704,河野　　　大,A1,21,34.7,02,戸田,20260727
43,3963,原田　　秀弥,A2,22,29.5,02,戸田,20260727
32,3202,三品　　隆浩,B1,23,32.8,02,戸田,20260727
9,4911,片岡　　大地,A2,24,39.3,02,戸田,20260727
29,5138,村本　　大成,B1,25,34.0,02,戸田,20260727
13,4055,吉田　　俊彦,A2,26,37.1,02,戸田,20260727
43,5273,山下　　拓巳,B1,27,29.5,02,戸田,20260727
12,4043,桐本　　康臣,A2,29,38.3,02,戸田,20260727
42,4054,福嶋　　智之,B1,30,30.1,02,戸田,20260727
15,3455,谷本　　幸司,B1,31,35.6,02,戸田,20260727
34,4824,松井　　洪弥,A2,36,32.3,02,戸田,20260727
6,3743,林　　　美憲,A1,37,40.4,02,戸田,20260727
20,5325,澁川　　　夏,B1,38,34.9,02,戸田,20260727
25,4058,野末　　智一,A1,40,34.5,02,戸田,20260727
35,3812,山崎　　聖司,B1,41,32.2,02,戸田,20260727
36,3983,須藤　　博倫,A1,42,31.6,02,戸田,20260727
21,4258,関根　　彰人,B1,43,34.8,02,戸田,20260727
11,3745,橋本　　年光,B1,49,38.8,02,戸田,20260727
25,4702,三浦　　敬太,A1,50,34.5,02,戸田,20260727
41,5007,近藤　雄一郎,B1,51,30.4,02,戸田,20260727
14,4172,森定　　晃史,A2,53,36.8,02,戸田,20260727
16,3377,塚田　　修二,B1,54,35.5,02,戸田,20260727
5,5031,渡辺　　空依,B1,55,40.7,02,戸田,20260727
17,3715,倉尾　　大介,A2,58,35.4,02,戸田,20260727
10,4910,中村　　泰平,A1,61,39.1,02,戸田,20260727
28,5170,佐藤　　太亮,B1,62,34.1,02,戸田,20260727
3,4740,齋藤　　達希,B1,63,42.1,02,戸田,20260727
23,3630,黒田　　誠司,B1,64,34.6,02,戸田,20260727
47,4430,永田　　秀二,A2,14,11.4,03,江戸川,20260728
20,5038,金田　　智博,A2,16,33.3,03,江戸川,20260728
34,3527,中嶋　誠一郎,B1,18,27.0,03,江戸川,20260728
40,3771,折下　　寛法,B1,19,21.6,03,江戸川,20260728
16,5047,國分　将太郎,B1,20,36.8,03,江戸川,20260728
37,5107,松本　　真広,B1,21,26.8,03,江戸川,20260728
19,5311,小林　　京平,B1,22,35.0,03,江戸川,20260728
34,4688,永井　　彪也,A1,24,27.0,03,江戸川,20260728
33,4374,永田　　義紘,B1,26,27.5,03,江戸川,20260728
27,4401,小林　　　泰,A2,27,31.4,03,江戸川,20260728
25,4251,川崎　　誠志,B1,28,32.4,03,江戸川,20260728
39,4297,山田　　哲也,A1,29,26.1,03,江戸川,20260728
4,4711,前出　　達吉,A2,30,51.1,03,江戸川,20260728
22,4614,石倉　　洋行,A1,31,32.5,03,江戸川,20260728
3,4398,船岡　洋一郎,A1,34,51.3,03,江戸川,20260728
13,4645,上村　　純一,A1,35,38.8,03,江戸川,20260728
6,4345,西舘　　　健,A2,36,47.5,03,江戸川,20260728
10,4067,永井　　　源,A2,37,41.4,03,江戸川,20260728
28,5207,高山　　敬悟,B1,38,30.5,03,江戸川,20260728
34,3964,宮地　　博士,B1,39,27.0,03,江戸川,20260728
48,4432,黄金井　力良,B1,40,8.8,03,江戸川,20260728
16,5240,高橋　　龍治,B1,41,36.8,03,江戸川,20260728
31,5095,小原　　聡将,A2,43,28.9,03,江戸川,20260728
29,3946,赤岩　　善生,A1,45,30.2,03,江戸川,20260728
2,4958,溝口　海義也,A1,46,52.2,03,江戸川,20260728
46,4227,安達　　裕樹,A2,47,16.6,03,江戸川,20260728
41,5096,上原　　　崚,A2,48,20.5,03,江戸川,20260728
8,5036,福田　　翔吾,B1,49,46.5,03,江戸川,20260728
44,4840,鈴木　　秀茉,B1,50,18.4,03,江戸川,20260728
43,5167,小川　竜太朗,B1,51,19.0,03,江戸川,20260728
15,4957,竹之内　　極,B1,52,38.1,03,江戸川,20260728
13,5083,柳瀬　　幹太,B1,53,38.8,03,江戸川,20260728
22,3880,浅見　　宗孝,B1,54,32.5,03,江戸川,20260728
31,3796,長野　　道臣,B1,55,28.9,03,江戸川,20260728
5,4082,濱崎　　　誠,B1,56,47.6,03,江戸川,20260728
9,4575,戸塚　　邦好,A2,57,46.1,03,江戸川,20260728
37,4474,渡辺　　　崇,B1,58,26.8,03,江戸川,20260728
26,4564,山本　景士郎,B1,59,31.8,03,江戸川,20260728
30,3813,佐藤　　大介,A1,61,29.7,03,江戸川,20260728
7,4907,小池　　修平,A1,62,46.6,03,江戸川,20260728
22,4270,岸本　　雄貴,B1,63,32.5,03,江戸川,20260728
1,3740,大澤　　普司,A1,64,52.5,03,江戸川,20260728
12,4269,杉山　　裕也,A2,65,39.0,03,江戸川,20260728
44,4656,大崎　　　翔,A2,67,18.4,03,江戸川,20260728
18,4472,尾嶋　　一広,A1,68,36.3,03,江戸川,20260728
11,4204,柴田　　大輔,B1,69,40.0,03,江戸川,20260728
41,4395,下河　　雅史,B1,70,20.5,03,江戸川,20260728
20,4335,若林　　　将,A1,71,33.3,03,江戸川,20260728
13,5165,小林　　愛実,B1,11,44.8,04,平和島,20260728
1,4190,長嶋　　万記,B2,12,61.2,04,平和島,20260728
42,4961,西橋　　奈未,A1,14,21.7,04,平和島,20260728
20,5436,市川　　瑚幸,B2,15,39.1,04,平和島,20260728
17,4878,西岡　　育未,B1,17,40.0,04,平和島,20260728
27,4546,浜田　亜理沙,B1,18,31.8,04,平和島,20260728
10,4225,土屋　　千明,A2,19,48.0,04,平和島,20260728
45,5317,長尾　　萌加,B1,20,16.0,04,平和島,20260728
29,4443,津田　　裕絵,B1,21,29.1,04,平和島,20260728
37,4845,前田　　紗希,A1,22,23.8,04,平和島,20260728
20,4419,原　　加央理,A2,23,39.1,04,平和島,20260728
36,4244,鈴木　　成美,B2,25,26.0,04,平和島,20260728
4,5362,中嶋　　世奈,B2,27,51.8,04,平和島,20260728
32,5297,南　　　彩寧,B1,28,27.2,04,平和島,20260728
3,4286,平田　さやか,A2,29,54.1,04,平和島,20260728
5,4746,大豆生田　蒼,B1,30,50.0,04,平和島,20260728
28,4893,渡邉　真奈美,B1,31,30.4,04,平和島,20260728
39,5265,大廣　　咲季,B1,32,22.7,04,平和島,20260728
17,4627,藤原　　菜希,A2,33,40.0,04,平和島,20260728
37,5380,野田　　亜湖,B2,35,23.8,04,平和島,20260728
14,4569,中澤　　宏奈,B1,36,42.8,04,平和島,20260728
24,4853,前原　　　哉,B1,37,33.3,04,平和島,20260728
5,4765,野田部　宏子,B1,38,50.0,04,平和島,20260728
2,5241,門田　　　栞,B1,40,56.5,04,平和島,20260728
5,5322,根岸　　真優,B1,43,50.0,04,平和島,20260728
44,5287,滝沢　　織寧,B1,45,18.1,04,平和島,20260728
16,5174,川井　　　萌,B2,47,40.9,04,平和島,20260728
24,5347,井澤　　聖奈,B2,48,33.3,04,平和島,20260728
12,4825,倉持　　莉々,A1,50,47.8,04,平和島,20260728
23,5251,沼田　　七華,B2,51,38.1,04,平和島,20260728
17,4689,豊田　　　結,B1,52,40.0,04,平和島,20260728
32,5361,植竹　　玲奈,B1,54,27.2,04,平和島,20260728
26,5231,寺田　　空詩,B1,55,32.0,04,平和島,20260728
35,5314,中曽　　瑠華,B1,56,26.3,04,平和島,20260728
10,4117,廣中　智紗衣,A2,58,48.0,04,平和島,20260728
5,4123,細川　　裕子,A1,60,50.0,04,平和島,20260728
9,4680,後藤　　美翼,A2,61,48.2,04,平和島,20260728
32,4714,喜多須　杏奈,B1,63,27.2,04,平和島,20260728
31,4464,山下　　友貴,A1,65,28.0,04,平和島,20260728
29,5389,恵良　　琴美,B1,66,29.1,04,平和島,20260728
39,4891,寺島　　美里,B1,67,22.7,04,平和島,20260728
15,5324,畑田　　希咲,B1,68,41.3,04,平和島,20260728
39,5194,大久保　佑香,B1,71,22.7,04,平和島,20260728
20,5326,三嶌　さらら,B1,73,39.1,04,平和島,20260728
46,4208,三浦　　永理,A1,74,15.3,04,平和島,20260728
43,5203,神里　　琴音,B1,75,20.8,04,平和島,20260728
21,4211,村田　　　敦,B1,11,34.5,05,多摩川,20260723
25,3957,大谷　　直弘,B1,12,33.3,05,多摩川,20260723
30,3558,山本　　浩次,B1,13,31.7,05,多摩川,20260723
2,4635,峰重　　力也,A2,14,52.5,05,多摩川,20260723
38,4557,松尾　　光広,B1,16,26.5,05,多摩川,20260723
3,3406,中里　　英夫,B1,17,44.7,05,多摩川,20260723
20,4379,桑島　　和宏,A2,18,35.1,05,多摩川,20260723
12,3935,岩津　　徹郎,B1,20,37.5,05,多摩川,20260723
23,3712,淺香　　文武,B1,21,33.8,05,多摩川,20260723
41,4036,金田　　　諭,A1,22,20.6,05,多摩川,20260723
43,3353,前田　　光昭,B1,24,18.3,05,多摩川,20260723
23,3930,岸本　　　隆,A2,25,33.8,05,多摩川,20260723
7,3619,長谷川　　充,B1,27,42.1,05,多摩川,20260723
4,3542,清水　　紀克,B1,28,43.8,05,多摩川,20260723
40,3748,小黒　　竜吾,B1,29,22.2,05,多摩川,20260723
5,4199,北川　　潤二,A1,31,43.2,05,多摩川,20260723
1,4547,中田　　竜太,A1,32,58.8,05,多摩川,20260723
42,3075,中村　　裕将,B1,33,20.3,05,多摩川,20260723
19,3517,高橋　　　勲,B1,36,35.3,05,多摩川,20260723
39,4995,田邉　　亮蔵,B1,38,25.0,05,多摩川,20260723
25,4377,濱本　　優一,A1,40,33.3,05,多摩川,20260723
35,4676,後藤　　隼之,A2,41,27.5,05,多摩川,20260723
11,3868,尾形　　栄治,B1,42,38.1,05,多摩川,20260723
29,5445,一ノ木　　匠,B2,44,32.8,05,多摩川,20260723
18,4209,藤田　　竜弘,A2,46,35.4,05,多摩川,20260723
44,4550,石岡　　将太,A2,48,17.6,05,多摩川,20260723
36,3613,角谷　　健吾,A2,49,27.4,05,多摩川,20260723
10,3461,渡邊　　哲也,B1,50,38.3,05,多摩川,20260723
8,5125,高井　　雄基,A2,51,40.0,05,多摩川,20260723
22,3072,西田　　　靖,B1,52,33.9,05,多摩川,20260723
31,5085,中村　　栄治,A2,53,31.4,05,多摩川,20260723
15,4959,井上　　忠政,A1,54,36.5,05,多摩川,20260723
14,4238,毒島　　　誠,A1,55,36.9,05,多摩川,20260723
17,4520,高倉　　孝太,A2,56,35.8,05,多摩川,20260723
9,3744,徳増　　秀樹,A1,57,39.3,05,多摩川,20260723
25,5316,村松　　将平,B1,58,33.3,05,多摩川,20260723
32,5425,西山　　　育,B2,59,31.0,05,多摩川,20260723
34,3807,岡部　　　哲,B1,62,27.8,05,多摩川,20260723
36,5197,中野　　仁照,B2,63,27.4,05,多摩川,20260723
33,4049,荒川　　健太,A2,64,30.6,05,多摩川,20260723
15,5354,渡邊　　雄斗,B1,71,36.5,05,多摩川,20260723
25,3226,浦田　　信義,B1,72,33.3,05,多摩川,20260723
12,3458,東　　　健介,B1,74,37.5,05,多摩川,20260723
6,4813,宮内　　直哉,B1,75,42.4,05,多摩川,20260723
11,3687,花田　　和明,B1,2,36.2,06,浜名湖,20260727
28,4347,魚谷　　香織,A2,6,26.3,06,浜名湖,20260727
22,4414,大澤　　真菜,B1,8,29.8,06,浜名湖,20260727
26,5076,石原　　　光,B1,9,27.6,06,浜名湖,20260727
4,5332,村松　　遥輝,B1,11,47.1,06,浜名湖,20260727
38,4901,出口　舞有子,B1,12,17.8,06,浜名湖,20260727
14,3747,國崎　　良春,A2,13,35.7,06,浜名湖,20260727
23,3441,土屋　　太朗,B1,15,28.5,06,浜名湖,20260727
20,3811,石田　　章央,A1,16,30.4,06,浜名湖,20260727
5,4888,金児　　隆太,B1,17,45.4,06,浜名湖,20260727
11,3784,中島　　友和,B1,19,36.2,06,浜名湖,20260727
30,4874,池田　奈津美,B1,21,25.4,06,浜名湖,20260727
37,4240,今井　　裕梨,A2,25,19.6,06,浜名湖,20260727
3,3606,川北　　浩貴,B1,26,48.0,06,浜名湖,20260727
43,3556,田中　信一郎,A1,27,10.4,06,浜名湖,20260727
34,3641,一瀬　　　明,A1,30,21.6,06,浜名湖,20260727
21,3503,堂原　　洋史,B1,31,30.3,06,浜名湖,20260727
13,4042,丸岡　　正典,A2,32,36.1,06,浜名湖,20260727
35,3965,北中　　元樹,A1,33,21.5,06,浜名湖,20260727
41,4230,濱崎　　直矢,A2,35,16.0,06,浜名湖,20260727
25,5153,佐藤　ほのか,B1,36,27.8,06,浜名湖,20260727
7,3878,胡本　　悟志,B1,38,41.4,06,浜名湖,20260727
36,3391,鈴木　　茂正,B2,39,20.0,06,浜名湖,20260727
15,5104,山田　　　丈,A2,40,33.8,06,浜名湖,20260727
32,5131,江藤　　敦宏,B1,41,23.7,06,浜名湖,20260727
39,5427,港　　　理樹,B1,43,16.9,06,浜名湖,20260727
15,3277,齋藤　　　勇,B1,44,33.8,06,浜名湖,20260727
9,4690,高石　　梨菜,B2,45,39.3,06,浜名湖,20260727
6,5382,山下　　心一,B1,48,42.8,06,浜名湖,20260727
19,4772,石丸　　海渡,A1,49,31.8,06,浜名湖,20260727
31,5455,澁澤　　周羽,B2,50,24.5,06,浜名湖,20260727
17,4778,堤　　　啓輔,B1,51,32.8,06,浜名湖,20260727
10,5341,山道　　諄也,B1,52,36.6,06,浜名湖,20260727
27,4734,安河内　　将,A1,54,26.5,06,浜名湖,20260727
18,3284,渡邊　伸太郎,B1,56,32.3,06,浜名湖,20260727
24,4560,庄司　樹良々,A2,58,28.3,06,浜名湖,20260727
29,3543,福田　　雅一,B1,59,25.8,06,浜名湖,20260727
40,4389,伊藤　　喜智,A2,60,16.2,06,浜名湖,20260727
8,3939,渡辺　　真至,B2,61,40.0,06,浜名湖,20260727
2,4000,松本　　博昭,A2,62,48.4,06,浜名湖,20260727
1,3684,清水　　攻二,A2,63,50.0,06,浜名湖,20260727
33,5434,藤田　　康生,B1,64,22.4,06,浜名湖,20260727
42,4826,井上　　一輝,A1,65,12.5,06,浜名湖,20260727
39,4012,中村　　有裕,A2,11,30.6,07,蒲郡,20260718
4,4342,谷野　　錬志,A2,13,42.8,07,蒲郡,20260718
41,4290,稲田　　浩二,A1,14,30.2,07,蒲郡,20260718
48,4276,鈴木　　勝博,A2,15,27.1,07,蒲郡,20260718
30,3717,立間　　充宏,A2,16,34.3,07,蒲郡,20260718
28,4856,豊田　健士郎,A1,17,34.5,07,蒲郡,20260718
12,4561,藤山　　翔大,A2,18,39.6,07,蒲郡,20260718
27,4148,枝尾　　　賢,A2,19,34.7,07,蒲郡,20260718
32,4505,島田　　賢人,A1,20,34.1,07,蒲郡,20260718
9,3983,須藤　　博倫,A1,21,40.2,07,蒲郡,20260718
22,4847,佐藤　隆太郎,A1,22,35.9,07,蒲郡,20260718
47,4539,金子　　賢志,A1,24,28.2,07,蒲郡,20260718
8,3422,服部　　幸男,A2,26,40.5,07,蒲郡,20260718
16,3779,原田　　幸哉,A1,27,37.2,07,蒲郡,20260718
43,4040,廣瀬　　将亨,A2,28,29.2,07,蒲郡,20260718
15,4324,海野　康志郎,A1,29,37.8,07,蒲郡,20260718
38,4831,羽野　　直也,A1,30,31.1,07,蒲郡,20260718
26,3415,松井　　　繁,A1,31,34.8,07,蒲郡,20260718
34,4042,丸岡　　正典,A2,32,33.1,07,蒲郡,20260718
40,4168,石野　　貴之,A1,33,30.4,07,蒲郡,20260718
1,4604,岩瀬　　裕亮,A1,34,46.9,07,蒲郡,20260718
19,4261,岡　　　祐臣,A2,35,36.7,07,蒲郡,20260718
42,4052,興津　　　藍,A2,36,30.1,07,蒲郡,20260718
52,4643,近江　　翔吾,A2,37,23.3,07,蒲郡,20260718
11,3946,赤岩　　善生,A1,38,39.9,07,蒲郡,20260718
13,3721,守田　　俊介,A1,39,39.2,07,蒲郡,20260718
10,4030,森高　　一真,A1,40,40.0,07,蒲郡,20260718
44,3783,瓜生　　正義,A1,41,28.8,07,蒲郡,20260718
45,3499,市川　　哲也,A1,45,28.6,07,蒲郡,20260718
25,4269,杉山　　裕也,A2,46,35.3,07,蒲郡,20260718
46,3995,重野　　哲之,A2,47,28.3,07,蒲郡,20260718
50,4320,峰　　　竜太,A1,48,26.4,07,蒲郡,20260718
33,4055,吉田　　俊彦,A2,49,33.4,07,蒲郡,20260718
49,4027,松江　　秀徳,A2,50,26.8,07,蒲郡,20260718
35,4227,安達　　裕樹,A2,51,31.7,07,蒲郡,20260718
35,4437,中田　　元泰,A2,52,31.7,07,蒲郡,20260718
6,3931,黒崎　　竜也,A2,54,41.4,07,蒲郡,20260718
20,4109,谷津　　幸宏,A2,55,36.1,07,蒲郡,20260718
30,4296,岡崎　　恭裕,A2,56,34.3,07,蒲郡,20260718
37,4430,永田　　秀二,A2,57,31.6,07,蒲郡,20260718
23,3978,齊藤　　　仁,A2,58,35.8,07,蒲郡,20260718
17,4757,山田　　祐也,A1,59,36.9,07,蒲郡,20260718
3,3719,辻　　　栄蔵,A1,60,44.8,07,蒲郡,20260718
28,3685,荒井　　輝年,A2,61,34.5,07,蒲郡,20260718
6,3874,山本　　寛久,A2,63,41.4,07,蒲郡,20260718
20,3941,池田　　浩二,A1,64,36.1,07,蒲郡,20260718
23,4645,上村　　純一,A1,65,35.8,07,蒲郡,20260718
17,4903,吉田　凌太朗,A1,70,36.9,07,蒲郡,20260718
5,3711,江本　　真治,A2,72,42.1,07,蒲郡,20260718
51,4715,村上　　　遼,A1,75,24.3,07,蒲郡,20260718
13,4759,今泉　　友吾,A1,76,39.2,07,蒲郡,20260718
2,4477,篠崎　　仁志,A1,77,45.5,07,蒲郡,20260718
2,4381,田路　　朋史,A2,3,45.9,08,常滑,20260726
15,3790,佐口　　達也,B1,5,36.0,08,常滑,20260726
21,5419,櫻井　　　隼,B1,6,34.6,08,常滑,20260726
23,4323,山田　　佑樹,B1,7,33.8,08,常滑,20260726
18,3893,汐崎　　正則,B1,8,35.2,08,常滑,20260726
4,4839,四宮　　与寛,A2,9,43.4,08,常滑,20260726
9,4644,山田　　亮太,A1,10,40.6,08,常滑,20260726
42,4158,木場　雄二郎,B1,11,26.2,08,常滑,20260726
6,4253,西川　　真人,B1,12,42.5,08,常滑,20260726
1,5210,藤井　　公人,A2,14,49.4,08,常滑,20260726
13,4369,丹下　　　将,A2,16,37.0,08,常滑,20260726
31,4918,川島　　拓郎,B1,17,30.9,08,常滑,20260726
37,4940,白石　　有美,B2,18,28.4,08,常滑,20260726
19,5327,西田　　和加,B2,19,35.0,08,常滑,20260726
30,4796,春園　　功太,A1,20,31.1,08,常滑,20260726
16,4114,深澤　　達徳,B1,21,35.7,08,常滑,20260726
35,3721,守田　　俊介,A1,23,28.5,08,常滑,20260726
27,4064,原田　　篤志,A1,24,33.3,08,常滑,20260726
38,4193,郷原　　章平,A2,25,28.3,08,常滑,20260726
20,4234,野相　　弘司,B1,26,34.9,08,常滑,20260726
16,4358,松本　　庸平,B1,29,35.7,08,常滑,20260726
7,4011,堀之内紀代子,A2,30,42.1,08,常滑,20260726
5,3804,中渡　　修作,B1,31,42.8,08,常滑,20260726
41,4607,鶴田　　勇雄,A2,33,26.4,08,常滑,20260726
3,4730,土屋　実沙希,B1,35,45.6,08,常滑,20260726
34,4346,前田　健太郎,B1,36,29.3,08,常滑,20260726
35,4787,椎名　　　豊,A1,38,28.5,08,常滑,20260726
8,4782,浜崎　　準也,B1,39,42.0,08,常滑,20260726
22,3696,白井　　友晴,B1,40,34.0,08,常滑,20260726
29,3319,山崎　　義明,A2,41,31.9,08,常滑,20260726
10,3793,高橋　　真吾,B1,42,40.1,08,常滑,20260726
32,3713,伊藤　　誠二,A1,45,30.2,08,常滑,20260726
33,5357,田中　瀬里奈,B2,46,29.4,08,常滑,20260726
44,3590,濱野谷　憲吾,A1,48,21.0,08,常滑,20260726
39,5077,滝沢　　　崚,B1,49,26.9,08,常滑,20260726
14,5388,佐野　　優都,B1,51,36.5,08,常滑,20260726
24,3848,川上　　聡介,B1,52,33.7,08,常滑,20260726
11,4065,金田　　幸子,B1,53,39.8,08,常滑,20260726
40,4317,木村　紗友希,B1,55,26.5,08,常滑,20260726
43,4360,庄司　　孝輔,A2,56,26.1,08,常滑,20260726
24,3982,福田　　　理,B1,57,33.7,08,常滑,20260726
28,4040,廣瀬　　将亨,A2,58,33.1,08,常滑,20260726
12,4448,青木　　玄太,A1,59,39.4,08,常滑,20260726
26,5360,高木　　茉白,B1,60,33.6,08,常滑,20260726
40,3874,山本　　寛久,A2,11,26.6,09,津,20260728
47,4470,平田　健之佑,A2,12,19.4,09,津,20260728
18,4723,寺島　　吉彦,B1,13,34.5,09,津,20260728
41,4068,幸田　　智裕,B1,14,26.2,09,津,20260728
15,4155,長野　壮志郎,A2,15,35.7,09,津,20260728
12,3602,奥平　　拓也,B1,16,38.4,09,津,20260728
20,3475,橋本　　久和,B1,18,34.2,09,津,20260728
46,3637,齋藤　　和政,B1,19,19.5,09,津,20260728
8,4311,岡村　　　仁,A1,21,40.5,09,津,20260728
6,3905,天野　　友和,A2,22,41.6,09,津,20260728
27,5074,大澤　　誠也,B1,23,31.3,09,津,20260728
9,4340,土性　　雅也,B2,25,39.8,09,津,20260728
37,4663,籾山　　佳岳,B2,26,27.7,09,津,20260728
13,4293,鈴木　　智啓,B1,28,35.9,09,津,20260728
34,3708,岡部　　貴司,B1,29,29.6,09,津,20260728
10,4925,森　　　悠稀,A2,31,39.3,09,津,20260728
28,3251,平石　　和男,A2,33,31.2,09,津,20260728
14,4700,金子　　和之,A2,35,35.8,09,津,20260728
7,3497,後藤　　　浩,B1,37,40.7,09,津,20260728
11,4837,酒井　　陽祐,B1,38,38.9,09,津,20260728
4,4074,柳沢　　　一,A1,39,43.9,09,津,20260728
3,4487,三原　　　司,B1,40,44.1,09,津,20260728
5,5321,一色　　颯輝,B1,41,43.2,09,津,20260728
42,3852,澤　　　大介,B1,43,25.8,09,津,20260728
1,4979,中野　　夢斗,B1,44,47.6,09,津,20260728
44,3654,武田　　光史,A2,45,23.4,09,津,20260728
23,4023,柴田　　友和,B1,46,33.5,09,津,20260728
38,4543,重木　　輝彦,A1,47,27.5,09,津,20260728
2,4624,高田　　　明,A1,49,44.6,09,津,20260728
18,4811,向井田　佑紀,B1,50,34.5,09,津,20260728
21,4793,金子　　　萌,A2,52,34.1,09,津,20260728
22,3663,木山　　和幸,B1,53,33.9,09,津,20260728
39,4113,木村　　浩士,B1,54,27.0,09,津,20260728
25,4953,尾上　　雅也,A1,55,32.2,09,津,20260728
43,4908,上田　　龍星,A1,57,24.4,09,津,20260728
30,3952,中澤　　和志,A1,59,30.6,09,津,20260728
26,4151,下河　　誉史,B1,60,31.8,09,津,20260728
30,4491,田中　　　堅,B1,61,30.6,09,津,20260728
32,4434,田中　　辰彦,A2,62,30.4,09,津,20260728
32,3752,宇土　　泰就,B1,63,30.4,09,津,20260728
17,5424,熊倉　　幹太,B2,64,34.8,09,津,20260728
35,4489,岩川　　仁士,B1,66,27.8,09,津,20260728
16,4514,上條　　嘉嗣,A1,67,35.6,09,津,20260728
45,5185,加藤　　優弥,B1,69,20.4,09,津,20260728
29,4364,池永　　　太,A1,70,31.1,09,津,20260728
35,3995,重野　　哲之,A2,71,27.8,09,津,20260728
23,4500,山田　　康二,A1,72,33.5,09,津,20260728
43,4640,山ノ内　雅人,A2,11,19.2,10,三国,20260728
6,4725,佐竹　　太一,B1,13,39.3,10,三国,20260728
20,5373,諏訪　　玲奈,B2,14,34.5,10,三国,20260728
24,3350,藤本　　佳史,B1,15,31.1,10,三国,20260728
44,4144,石塚　　久也,A2,16,15.8,10,三国,20260728
27,5316,村松　　将平,B1,18,30.3,10,三国,20260728
16,4664,東口　　　晃,B1,19,35.5,10,三国,20260728
31,4104,木下　　陽介,B1,21,28.5,10,三国,20260728
37,3581,加木　　　郁,B1,22,24.6,10,三国,20260728
3,4974,安井　　瑞紀,A2,23,43.3,10,三国,20260728
7,3722,西村　　秀樹,B1,24,38.3,10,三国,20260728
13,4895,門間　　雄大,A2,25,36.3,10,三国,20260728
40,3303,渡辺　　　豊,B1,26,20.2,10,三国,20260728
26,4415,下出　　卓矢,A1,28,30.5,10,三国,20260728
36,4926,吉川　　貴仁,A1,29,25.2,10,三国,20260728
41,4769,馬場　　　剛,A1,32,20.0,10,三国,20260728
13,5124,上瀧　　絢也,B1,33,36.3,10,三国,20260728
32,4143,浦田　　晃嗣,B1,34,28.4,10,三国,20260728
4,4695,尾崎　　雄二,A2,35,43.0,10,三国,20260728
29,3158,島川　　光男,A2,36,30.0,10,三国,20260728
33,4752,西尾　　亮輔,B1,38,27.1,10,三国,20260728
25,4661,中島　　昂章,A2,40,30.9,10,三国,20260728
39,3943,三松　　直美,B2,41,23.2,10,三国,20260728
8,4350,篠崎　　元志,A1,44,37.6,10,三国,20260728
5,5144,中尾　　彩香,B1,45,40.9,10,三国,20260728
2,4380,鈴木　　峻佑,B1,46,43.6,10,三国,20260728
42,4210,松村　　康太,A2,47,19.3,10,三国,20260728
28,4308,河村　　　了,A1,48,30.1,10,三国,20260728
9,5048,眞鳥　　康太,B1,49,37.5,10,三国,20260728
22,4942,柴田　　朋哉,B1,50,32.6,10,三国,20260728
19,5461,板頭　　里緒,B2,53,34.8,10,三国,20260728
1,4486,野村　　　誠,A2,54,44.1,10,三国,20260728
30,4843,深尾　　巴恵,B1,56,29.7,10,三国,20260728
17,4159,向後　　龍一,A2,58,35.1,10,三国,20260728
35,4461,安田　　吉宏,B1,59,25.8,10,三国,20260728
11,4608,荒井　　翔伍,A2,60,36.6,10,三国,20260728
21,4804,高田　ひかる,A1,61,33.7,10,三国,20260728
10,4506,稗田　　聖也,A1,62,37.0,10,三国,20260728
15,3576,白水　　勝也,A1,64,35.6,10,三国,20260728
11,4766,石井　　孝之,B1,65,36.6,10,三国,20260728
17,5154,村松　　栄太,B1,66,35.1,10,三国,20260728
38,3577,向所　　浩二,B1,67,24.1,10,三国,20260728
45,4744,伊藤　　玲奈,B1,68,10.9,10,三国,20260728
34,4505,島田　　賢人,A1,69,26.4,10,三国,20260728
23,4077,品田　　直樹,A2,70,32.5,10,三国,20260728
7,3897,白井　　英治,A1,11,45.0,11,びわこ,20260728
1,4832,権藤　　俊光,A1,12,52.0,11,びわこ,20260728
3,4914,吉田　　裕平,A1,13,47.3,11,びわこ,20260728
17,4848,仲谷　　颯仁,A1,14,36.5,11,びわこ,20260728
29,4456,鎌倉　　　涼,A1,15,32.3,11,びわこ,20260728
15,4075,中野　　次郎,A1,16,36.9,11,びわこ,20260728
49,3960,菊地　　孝平,A1,17,28.9,11,びわこ,20260728
2,4719,上條　　暢嵩,A1,18,48.6,11,びわこ,20260728
13,4682,大上　　卓人,A1,19,40.0,11,びわこ,20260728
22,4760,山崎　　　郡,A1,20,34.2,11,びわこ,20260728
11,4932,新開　　　航,A1,21,41.5,11,びわこ,20260728
46,4886,入海　　　馨,A2,22,29.5,11,びわこ,20260728
34,4573,佐藤　　　翼,A1,23,31.7,11,びわこ,20260728
14,4590,渡邉　　優美,A1,26,38.6,11,びわこ,20260728
36,3978,齊藤　　　仁,A2,28,31.4,11,びわこ,20260728
9,4686,丸野　　一樹,A1,29,42.4,11,びわこ,20260728
46,4604,岩瀬　　裕亮,A1,30,29.5,11,びわこ,20260728
29,4344,新田　　雄史,A1,31,32.3,11,びわこ,20260728
22,4502,遠藤　　エミ,A1,32,34.2,11,びわこ,20260728
4,4290,稲田　　浩二,A1,33,46.6,11,びわこ,20260728
19,4477,篠崎　　仁志,A1,34,35.6,11,びわこ,20260728
52,4337,平本　　真之,A1,35,27.9,11,びわこ,20260728
48,4933,板橋　　侑我,A2,36,29.4,11,びわこ,20260728
38,3779,原田　　幸哉,A1,37,30.9,11,びわこ,20260728
25,5121,定松　　勇樹,A1,38,33.3,11,びわこ,20260728
42,4024,井口　　佳典,A1,39,30.3,11,びわこ,20260728
5,4980,佐々木　完太,A1,40,46.4,11,びわこ,20260728
19,5224,西岡　　顕心,A1,41,35.6,11,びわこ,20260728
41,3783,瓜生　　正義,A1,44,30.4,11,びわこ,20260728
6,3719,辻　　　栄蔵,A1,45,45.4,11,びわこ,20260728
37,3415,松井　　　繁,A1,46,31.3,11,びわこ,20260728
45,4266,長田　　頼宗,A1,47,29.6,11,びわこ,20260728
18,3941,池田　　浩二,A1,48,36.0,11,びわこ,20260728
15,4371,西山　　貴浩,A1,49,36.9,11,びわこ,20260728
22,3959,坪井　　康晴,A1,50,34.2,11,びわこ,20260728
27,4586,磯部　　　誠,A1,51,32.8,11,びわこ,20260728
29,3716,石渡　　鉄兵,A1,52,32.3,11,びわこ,20260728
40,4959,井上　　忠政,A1,54,30.5,11,びわこ,20260728
50,4503,上野　真之介,A1,56,28.2,11,びわこ,20260728
10,4659,木下　　翔太,A1,57,41.6,11,びわこ,20260728
35,4547,中田　　竜太,A1,58,31.5,11,びわこ,20260728
43,4851,関　　　浩哉,A1,59,30.2,11,びわこ,20260728
12,4459,片岡　　雅裕,A2,61,41.3,11,びわこ,20260728
51,4205,山口　　　剛,A1,63,28.1,11,びわこ,20260728
39,4418,茅原　　悠紀,A1,64,30.8,11,びわこ,20260728
29,4044,湯川　　浩司,A1,67,32.3,11,びわこ,20260728
28,4757,山田　　祐也,A1,68,32.4,11,びわこ,20260728
33,4262,馬場　　貴也,A1,69,32.1,11,びわこ,20260728
25,4847,佐藤　隆太郎,A1,70,33.3,11,びわこ,20260728
21,4166,吉田　　拡郎,A1,71,34.8,11,びわこ,20260728
8,4320,峰　　　竜太,A1,72,43.4,11,びわこ,20260728
44,4030,森高　　一真,A1,73,30.0,11,びわこ,20260728
9,4877,鈴谷　　一平,A1,11,43.4,12,住之江,20260727
38,4872,山下　　流心,B1,14,28.7,12,住之江,20260727
36,4815,伏島　　祐介,B1,15,30.0,12,住之江,20260727
8,3948,大町　　利克,B1,17,43.8,12,住之江,20260727
43,5044,渡邉　　　健,B1,18,27.7,12,住之江,20260727
2,3950,石川　　哲秀,B1,20,52.0,12,住之江,20260727
20,4539,金子　　賢志,A1,22,35.5,12,住之江,20260727
42,3863,海老澤　泰行,B1,23,27.9,12,住之江,20260727
4,3544,豊田　　訓靖,B1,24,50.0,12,住之江,20260727
25,5245,倉富　　大誠,B1,25,33.7,12,住之江,20260727
29,4015,前野　　竜一,A2,26,32.8,12,住之江,20260727
12,3467,森　　　弘行,B1,27,42.2,12,住之江,20260727
46,5109,川崎　　智稔,B1,28,21.3,12,住之江,20260727
9,3961,谷村　　一哉,A1,29,43.4,12,住之江,20260727
28,5376,吉田　　一心,B1,33,33.3,12,住之江,20260727
34,4184,渡邊　雄一郎,A1,34,30.4,12,住之江,20260727
25,4288,永田　　啓二,A1,35,33.7,12,住之江,20260727
32,4581,吉村　　　誠,A1,37,31.3,12,住之江,20260727
6,4124,池田　　雄一,A2,38,46.4,12,住之江,20260727
15,4156,浜野　　孝志,A2,39,38.5,12,住之江,20260727
13,5098,大江　　　純,B1,51,42.1,12,住之江,20260727
18,3769,佐竹　　恒彦,A2,52,36.4,12,住之江,20260727
19,3967,鈴木　　茂高,B1,53,35.6,12,住之江,20260727
7,4181,花本　　夏樹,B1,55,44.0,12,住之江,20260727
30,3822,平尾　　崇典,A1,56,32.4,12,住之江,20260727
5,4465,大西　　　賢,B1,57,47.3,12,住之江,20260727
34,4834,浜本　　裕己,A2,58,30.4,12,住之江,20260727
44,4413,水摩　　　敦,A2,59,23.6,12,住之江,20260727
23,4831,羽野　　直也,A1,61,34.3,12,住之江,20260727
40,3505,山田　　竜一,A2,62,28.3,12,住之江,20260727
1,4463,三苫　　晃幸,A2,64,52.2,12,住之江,20260727
31,4574,東　　　潤樹,A2,67,31.8,12,住之江,20260727
32,5460,早川　　理稀,B2,68,31.3,12,住之江,20260727
17,5400,高村　　　諒,B2,69,37.3,12,住之江,20260727
11,5190,大月　　遊雅,B1,70,42.6,12,住之江,20260727
14,3652,森下　　　勇,B1,71,39.3,12,住之江,20260727
25,4902,山川　　雄大,B1,72,33.7,12,住之江,20260727
16,4108,吉村　　正明,A1,73,38.1,12,住之江,20260727
40,5115,香川　　颯太,B1,74,28.3,12,住之江,20260727
36,3656,伯母　　芳恒,B1,75,30.0,12,住之江,20260727
3,4033,伊藤　　将吉,A2,80,50.6,12,住之江,20260727
45,4039,村上　　功祐,B1,81,21.8,12,住之江,20260727
22,5179,藤本　　元輝,B1,82,34.7,12,住之江,20260727
39,5169,堀本　　翔太,B2,83,28.5,12,住之江,20260727
24,5343,小林　　礼央,B1,84,34.2,12,住之江,20260727
21,5236,小宮　　涼雅,B1,85,35.4,12,住之江,20260727
14,4710,福田　　宗平,A2,1,38.8,13,尼崎,20260726
18,4356,長岡　　良也,A2,2,35.7,13,尼崎,20260726
3,5026,安河内　　健,A1,4,49.2,13,尼崎,20260726
27,3572,安田　　政彦,B1,5,31.8,13,尼崎,20260726
38,5014,梶山　　涼斗,B1,6,23.0,13,尼崎,20260726
29,3605,中村　　守成,B1,7,30.7,13,尼崎,20260726
26,4822,百武　　　翔,A2,8,32.3,13,尼崎,20260726
4,5051,松本　　純平,A1,9,46.4,13,尼崎,20260726
22,3620,信濃　　由行,B1,10,34.8,13,尼崎,20260726
2,4828,松山　　将吾,A1,12,52.1,13,尼崎,20260726
13,5181,森　　　智哉,B1,13,40.0,13,尼崎,20260726
24,4529,嶋　　　義信,A1,14,32.8,13,尼崎,20260726
16,5137,川原　　　涼,A2,15,37.3,13,尼崎,20260726
5,4917,岩橋　　裕馬,B1,16,44.1,13,尼崎,20260726
10,4865,立具　　敬司,B2,17,40.9,13,尼崎,20260726
11,4012,中村　　有裕,A2,18,40.5,13,尼崎,20260726
37,3635,石田　　政吾,B1,19,24.0,13,尼崎,20260726
46,4384,鶴本　　崇文,A1,21,13.8,13,尼崎,20260726
42,5302,秋末　　秦悟,B1,22,17.6,13,尼崎,20260726
1,4089,妹尾　　忠幸,A2,23,60.2,13,尼崎,20260726
8,5127,沼田　　大都,B1,25,42.0,13,尼崎,20260726
7,4732,堀本　　和也,A2,26,43.0,13,尼崎,20260726
34,4195,前川　　守嗣,B1,27,26.1,13,尼崎,20260726
30,5467,野村　　羽玖,B2,30,29.2,13,尼崎,20260726
12,4396,大田　　直弥,B1,32,40.3,13,尼崎,20260726
32,4572,渡部　　　悟,B1,33,27.1,13,尼崎,20260726
25,4339,平瀬　　城啓,B1,34,32.4,13,尼崎,20260726
6,4636,赤池　　修平,B1,35,43.4,13,尼崎,20260726
20,3434,松尾　　宣邦,B1,36,35.3,13,尼崎,20260726
31,3568,木村　　光宏,B1,38,27.6,13,尼崎,20260726
44,3333,丸尾　　義孝,A1,41,17.2,13,尼崎,20260726
45,5186,遠藤　　圭吾,B1,43,16.6,13,尼崎,20260726
21,3931,黒崎　　竜也,A2,44,35.2,13,尼崎,20260726
40,5091,為本　　智也,B1,47,19.6,13,尼崎,20260726
19,4263,武重　　雄介,B1,48,35.6,13,尼崎,20260726
15,5423,高橋　　嗣穏,B2,49,37.6,13,尼崎,20260726
39,4570,前田　　聖文,A1,50,21.6,13,尼崎,20260726
41,4296,岡崎　　恭裕,A2,51,18.8,13,尼崎,20260726
36,4367,山口　　修路,B1,52,25.7,13,尼崎,20260726
28,4847,佐藤　隆太郎,A1,53,31.3,13,尼崎,20260726
9,3473,石川　　真二,A1,54,41.7,13,尼崎,20260726
23,3892,草場　　康幸,B1,57,33.8,13,尼崎,20260726
35,3814,金子　　貴志,B1,58,25.8,13,尼崎,20260726
43,4363,大野　　芳顕,A2,59,17.5,13,尼崎,20260726
17,3912,川原　　正明,B1,61,36.9,13,尼崎,20260726
33,3699,富永　　正人,B1,62,26.4,13,尼崎,20260726
40,3692,竹腰　　正樹,B1,10,21.2,14,鳴門,20260727
14,3906,飯山　　晃三,B1,11,33.3,14,鳴門,20260727
29,3660,長谷川　親王,B1,13,25.5,14,鳴門,20260727
5,5183,中野　　孝二,B1,14,44.4,14,鳴門,20260727
12,4404,岸蔭　　　亮,B1,17,34.5,14,鳴門,20260727
25,4239,竹田　　辰也,A1,18,27.1,14,鳴門,20260727
10,4121,富永　　修一,A2,19,34.6,14,鳴門,20260727
18,4220,深川　　和仁,B1,20,32.0,14,鳴門,20260727
42,2878,富山　　弘幸,B1,21,18.1,14,鳴門,20260727
23,4099,吉永　　則雄,A2,22,27.4,14,鳴門,20260727
31,4081,樋口　　範政,B1,23,25.4,14,鳴門,20260727
27,4391,松田　　祐季,A1,25,25.8,14,鳴門,20260727
37,4713,白神　　　優,A1,26,22.0,14,鳴門,20260727
41,5337,出畑　　孝成,B1,28,20.9,14,鳴門,20260727
1,3655,本橋　　克洋,B1,29,53.3,14,鳴門,20260727
2,4523,中村　　辰也,A2,30,47.0,14,鳴門,20260727
6,4342,谷野　　錬志,A2,31,40.0,14,鳴門,20260727
19,3563,堤　　　　昇,B1,32,28.5,14,鳴門,20260727
16,3569,増田　　　進,B1,34,32.1,14,鳴門,20260727
10,4428,有賀　　達也,A2,35,34.6,14,鳴門,20260727
43,4584,村岡　　賢人,A1,36,16.9,14,鳴門,20260727
6,4180,上野　　秀和,A2,38,40.0,14,鳴門,20260727
45,3156,金子　　良昭,B1,39,14.0,14,鳴門,20260727
37,4451,松崎　祐太郎,A2,53,22.0,14,鳴門,20260727
3,4261,岡　　　祐臣,A2,55,45.2,14,鳴門,20260727
21,4390,松本　　弓雄,B1,56,28.3,14,鳴門,20260727
4,4154,森安　　弘雅,B1,57,44.9,14,鳴門,20260727
9,4226,村田　　浩司,B1,58,35.4,14,鳴門,20260727
23,3535,渡　　　修平,B1,60,27.4,14,鳴門,20260727
13,3257,田頭　　　実,A1,62,33.9,14,鳴門,20260727
16,3792,田中　　　豪,A1,63,32.1,14,鳴門,20260727
29,4794,和田　　拓也,A1,64,25.5,14,鳴門,20260727
34,4105,松下　　直也,B1,68,24.0,14,鳴門,20260727
22,4483,北野　　輝季,A1,69,28.0,14,鳴門,20260727
31,5063,大塚　　雅治,B1,72,25.4,14,鳴門,20260727
44,5172,田村　　　慶,B1,73,14.5,14,鳴門,20260727
19,4441,末永　　由楽,A2,74,28.5,14,鳴門,20260727
36,4176,樋口　　喜彦,B2,75,22.9,14,鳴門,20260727
14,5421,原田　　朱理,B2,76,33.3,14,鳴門,20260727
26,4939,宮之原　輝紀,A1,77,26.9,14,鳴門,20260727
8,4407,鹿島　　敏弘,B1,78,36.0,14,鳴門,20260727
27,4052,興津　　　藍,A2,80,25.8,14,鳴門,20260727
33,5366,塩嶋　　泰空,B2,81,25.0,14,鳴門,20260727
35,4736,高倉　　和士,A1,83,23.9,14,鳴門,20260727
37,5143,常盤　　海心,B1,84,22.0,14,鳴門,20260727
34,5146,野田　　彩加,A2,1,31.6,15,丸亀,20260728
21,3478,嶋田　　貴支,B1,2,34.5,15,丸亀,20260728
21,5429,吉川　　颯汰,B2,3,34.5,15,丸亀,20260728
36,5329,金子　　龍斗,B1,4,30.1,15,丸亀,20260728
34,4642,松尾　　夏海,A2,6,31.6,15,丸亀,20260728
5,5335,森　　　陽多,B1,8,41.4,15,丸亀,20260728
26,5250,嶋田　　有里,B1,9,33.1,15,丸亀,20260728
7,5164,森田　　梨湖,B2,12,39.2,15,丸亀,20260728
42,4400,加藤　　奈月,B1,13,28.0,15,丸亀,20260728
18,4424,松尾　　昂明,A2,14,35.0,15,丸亀,20260728
19,4938,小芦　るり華,A1,15,34.8,15,丸亀,20260728
26,5060,数原　　　魁,A2,16,33.1,15,丸亀,20260728
43,3900,香川　　素子,A2,18,27.2,15,丸亀,20260728
1,4903,吉田　凌太朗,A1,20,51.2,15,丸亀,20260728
36,4771,下寺　　秀和,A1,22,30.1,15,丸亀,20260728
45,5285,若林　　　麗,B1,23,24.7,15,丸亀,20260728
6,4150,山田　　雄太,A2,24,39.4,15,丸亀,20260728
30,5032,谷口　　知優,A2,25,32.4,15,丸亀,20260728
29,4823,中村　　桃佳,A2,26,32.6,15,丸亀,20260728
23,5142,常住　　　蓮,A1,28,34.3,15,丸亀,20260728
11,4852,川原　　祐明,A1,30,38.2,15,丸亀,20260728
40,3550,都築　　正治,B1,31,28.7,15,丸亀,20260728
40,4435,服部　　達哉,A2,33,28.7,15,丸亀,20260728
10,5193,米丸　　乃絵,A1,34,38.6,15,丸亀,20260728
15,4450,平高　　奈菜,A2,36,35.9,15,丸亀,20260728
26,4924,中北　　　涼,B1,37,33.1,15,丸亀,20260728
32,4131,原　　　豊土,B1,39,32.0,15,丸亀,20260728
31,3911,鈴木　　　猛,B1,40,32.2,15,丸亀,20260728
39,5189,藤原　　早菜,A2,43,30.0,15,丸亀,20260728
44,4963,實森　　美祐,A1,44,27.0,15,丸亀,20260728
9,3551,藤田　　美代,B1,45,38.7,15,丸亀,20260728
13,4467,渡邉　　俊介,A1,46,36.7,15,丸亀,20260728
2,4433,川野　　芽唯,A1,48,44.4,15,丸亀,20260728
20,3731,高濱　　芳久,B1,51,34.7,15,丸亀,20260728
8,4994,山本　　梨菜,A2,52,39.1,15,丸亀,20260728
24,3611,岩崎　　芳美,A2,53,33.9,15,丸亀,20260728
4,5088,高憧　　四季,A1,54,41.7,15,丸亀,20260728
17,3800,牧　　　宏次,A2,55,35.5,15,丸亀,20260728
12,3224,栗山　　繁洋,B1,57,37.0,15,丸亀,20260728
16,5469,今泉　　博人,B2,58,35.7,15,丸亀,20260728
14,3966,作間　　　章,A1,59,36.3,15,丸亀,20260728
3,3825,宮嵜　隆太郎,B1,60,43.3,15,丸亀,20260728
25,4510,坂本　　奈央,B2,62,33.6,15,丸亀,20260728
46,5342,原村　　百那,B2,63,24.1,15,丸亀,20260728
36,5102,原田　　雄次,B1,64,30.1,15,丸亀,20260728
33,4536,喜井　つかさ,A2,66,31.9,15,丸亀,20260728
28,4677,片橋　　幸貴,A1,11,30.8,16,児島,20260728
3,4738,清埜　　翔子,A2,12,42.7,16,児島,20260728
42,4294,古賀　　繁輝,A1,14,24.2,16,児島,20260728
34,3439,大平　誉史明,A1,15,27.5,16,児島,20260728
4,5442,池田　　美優,B2,16,40.4,16,児島,20260728
5,5128,坪井　　爽佑,B1,17,39.0,16,児島,20260728
24,3539,金子　　順一,B1,18,31.2,16,児島,20260728
11,4496,内堀　　　学,A1,21,37.1,16,児島,20260728
23,4207,松下　　一也,A1,22,32.3,16,児島,20260728
22,3340,池田　　雷太,B1,23,32.5,16,児島,20260728
31,3930,岸本　　　隆,A2,24,29.9,16,児島,20260728
38,4692,酒井　　俊弘,B1,25,26.1,16,児島,20260728
14,2538,高橋　　二朗,B1,26,36.4,16,児島,20260728
7,5238,笹木　　香吾,A2,27,37.8,16,児島,20260728
29,5112,砂長　　知輝,A1,28,30.5,16,児島,20260728
25,3860,松本　　浩貴,B1,29,31.1,16,児島,20260728
13,3265,今村　　暢孝,A2,31,36.6,16,児島,20260728
40,4002,古結　　　宏,A1,32,24.3,16,児島,20260728
39,5444,林　　　風音,B2,33,25.0,16,児島,20260728
25,3910,松下　　知幸,B1,34,31.1,16,児島,20260728
2,5328,井上　　慧人,B1,35,46.7,16,児島,20260728
33,3929,杢野　　誓良,B1,37,28.2,16,児島,20260728
16,4775,千葉　　真弥,A2,38,34.2,16,児島,20260728
12,4816,村松　　修二,A2,39,36.9,16,児島,20260728
36,4273,佐藤　　　旭,B1,40,26.9,16,児島,20260728
27,3828,明石　　正之,B1,42,30.9,16,児島,20260728
37,5323,香川　　陽太,B2,43,26.3,16,児島,20260728
40,5269,山口　　晃朋,A2,46,24.3,16,児島,20260728
42,5010,宇留田　翔平,A2,47,24.2,16,児島,20260728
44,4611,今井　　美亜,A1,48,23.4,16,児島,20260728
10,4324,海野　康志郎,A1,50,37.2,16,児島,20260728
32,5440,薗頭　　　心,B2,52,29.1,16,児島,20260728
18,3558,山本　　浩次,B1,53,34.1,16,児島,20260728
30,4111,奥田　　　誠,A2,54,30.0,16,児島,20260728
1,3507,藤井　　　徹,B1,55,52.3,16,児島,20260728
8,3401,上田　　隆章,B1,56,37.6,16,児島,20260728
9,4200,早川　　尚人,B1,57,37.4,16,児島,20260728
35,4520,高倉　　孝太,A2,59,27.2,16,児島,20260728
21,4563,齋藤　　真之,B1,61,33.1,16,児島,20260728
6,3885,久田　　　武,A2,62,38.4,16,児島,20260728
20,4246,喜多　那由夏,B1,63,33.9,16,児島,20260728
15,5344,谷口　　　丞,B1,65,34.8,16,児島,20260728
16,4739,中村　　晃朋,A1,66,34.2,16,児島,20260728
18,3442,宮武　　英司,B1,67,34.1,16,児島,20260728
45,3508,久富　　政弘,A2,70,20.7,16,児島,20260728
15,4715,村上　　　遼,A1,11,37.5,17,宮島,20260728
45,4982,中村　　将隆,B1,13,26.0,17,宮島,20260728
26,4674,池田　　剛規,B1,15,34.2,17,宮島,20260728
20,3211,北川　　敏弘,B1,16,35.9,17,宮島,20260728
4,3776,横井　　健太,B1,17,43.6,17,宮島,20260728
19,4405,南野　　利騰,B1,18,36.1,17,宮島,20260728
41,5020,宮村　　勇哉,B1,20,29.5,17,宮島,20260728
8,4422,永井　　亮次,B1,21,41.8,17,宮島,20260728
34,3574,大神　　康司,A1,23,31.8,17,宮島,20260728
30,4109,谷津　　幸宏,A2,24,33.3,17,宮島,20260728
11,4161,黒柳　　浩孝,B1,25,40.2,17,宮島,20260728
38,4215,吉島　　祥之,A2,27,30.9,17,宮島,20260728
40,3757,畑　　　和宏,A2,29,30.6,17,宮島,20260728
9,4191,赤羽　　克也,A1,30,41.2,17,宮島,20260728
5,3833,中辻　　博訓,A2,32,43.4,17,宮島,20260728
24,4703,森永　　　隆,A1,33,34.6,17,宮島,20260728
13,3891,谷口　　健一,B1,34,37.9,17,宮島,20260728
43,5448,福田　　柊人,B2,35,27.6,17,宮島,20260728
31,4638,小林　　遼太,B1,36,33.1,17,宮島,20260728
7,4299,中島　　浩哉,B1,37,42.6,17,宮島,20260728
1,4446,和田　　兼輔,A1,38,49.0,17,宮島,20260728
29,4565,西村　　豪洋,B1,39,33.6,17,宮島,20260728
16,3976,内田　　　圭,B1,51,37.3,17,宮島,20260728
32,4600,井内　将太郎,A1,52,32.8,17,宮島,20260728
38,4652,酒見　　峻介,B1,53,30.9,17,宮島,20260728
22,4179,広次　　　修,A2,54,35.3,17,宮島,20260728
12,4555,富永　　大一,B1,55,38.5,17,宮島,20260728
27,5457,山田　　陽翔,B2,56,34.0,17,宮島,20260728
14,4930,佐藤　　　悠,A2,57,37.6,17,宮島,20260728
3,4708,半田　　尚也,B1,58,43.8,17,宮島,20260728
37,3777,樋口　　　亮,A2,59,31.0,17,宮島,20260728
17,5420,吉原　　快誓,B2,60,36.5,17,宮島,20260728
21,4276,鈴木　　勝博,A2,61,35.7,17,宮島,20260728
35,4351,里岡　　右貴,A1,63,31.3,17,宮島,20260728
10,4094,中島　　真二,B1,65,41.0,17,宮島,20260728
6,4835,橋本　　　明,B1,66,43.1,17,宮島,20260728
24,4706,三浦　洋次朗,A2,67,34.6,17,宮島,20260728
18,4904,松本　　一毅,B1,70,36.2,17,宮島,20260728
28,4943,八木　　治樹,B1,71,33.9,17,宮島,20260728
2,4066,東本　　勝利,A2,72,45.2,17,宮島,20260728
44,4786,佐藤　　博亮,A1,73,27.3,17,宮島,20260728
42,4866,橋本　　英一,B1,78,29.4,17,宮島,20260728
23,4580,長谷川　雅和,B1,79,35.0,17,宮島,20260728
33,5336,瀬川　　大地,B1,81,32.5,17,宮島,20260728
36,4672,守屋　　大地,B1,82,31.2,17,宮島,20260728
2,3973,崎　　　利仁,B1,19,54.1,18,徳山,20260720
7,5328,井上　　慧人,B1,20,40.0,18,徳山,20260720
37,5023,久永　　祥平,A2,21,24.4,18,徳山,20260720
34,4446,和田　　兼輔,A1,22,26.7,18,徳山,20260720
22,4852,川原　　祐明,A1,23,31.1,18,徳山,20260720
26,5393,藤原　　　駿,B2,24,30.0,18,徳山,20260720
27,3352,小川　　晃司,B1,25,29.5,18,徳山,20260720
4,4010,越智　　照浩,B1,26,42.6,18,徳山,20260720
5,4427,秦　　　英悟,A1,27,41.6,18,徳山,20260720
35,5463,出口　　飛龍,B2,28,26.2,18,徳山,20260720
17,4047,吉永　　浩則,B1,29,34.3,18,徳山,20260720
11,4066,東本　　勝利,A2,30,37.6,18,徳山,20260720
20,4113,木村　　浩士,B1,31,32.1,18,徳山,20260720
40,4019,笠原　　　亮,A1,32,21.8,18,徳山,20260720
1,4281,大澤　　大夢,B1,33,55.3,18,徳山,20260720
33,3439,大平　誉史明,A1,34,27.9,18,徳山,20260720
12,4274,長畑　　友輔,B1,35,36.9,18,徳山,20260720
13,4693,松下　　誉士,B1,36,36.2,18,徳山,20260720
42,4139,丹下　　　健,B1,37,18.9,18,徳山,20260720
36,5407,中岡　　　駿,B1,38,25.0,18,徳山,20260720
21,3742,宮地　　秀祈,B1,39,31.6,18,徳山,20260720
27,4485,楠原　　正剛,B1,40,29.5,18,徳山,20260720
15,4303,牧原　　　崇,B1,41,34.8,18,徳山,20260720
25,4754,松尾　　　充,A2,42,30.3,18,徳山,20260720
43,5364,金子　　怜央,B1,43,18.3,18,徳山,20260720
9,3966,作間　　　章,A1,44,37.7,18,徳山,20260720
39,3350,藤本　　佳史,B1,45,23.5,18,徳山,20260720
7,3489,大場　　　敏,A2,46,40.0,18,徳山,20260720
14,4144,石塚　　久也,A2,47,35.8,18,徳山,20260720
19,4278,藤岡　　俊介,A1,48,32.2,18,徳山,20260720
30,3904,森　　　貴洋,B1,49,28.5,18,徳山,20260720
9,5172,田村　　　慶,B1,50,37.7,18,徳山,20260720
38,4287,今井　　貴士,A2,51,23.7,18,徳山,20260720
27,5453,久保　　翔耶,B2,52,29.5,18,徳山,20260720
3,3928,林　　　恵祐,B1,53,44.7,18,徳山,20260720
31,4890,石川　　　諒,A2,54,28.3,18,徳山,20260720
6,4423,坂口　　貴彦,B1,55,41.2,18,徳山,20260720
16,3841,佐々木　和伸,A2,56,34.6,18,徳山,20260720
43,3838,伊藤　　啓三,B1,57,18.3,18,徳山,20260720
24,4486,野村　　　誠,A2,58,30.7,18,徳山,20260720
18,3233,小畑　　実成,B1,59,33.3,18,徳山,20260720
23,3385,渡邉　　睦広,A2,60,30.9,18,徳山,20260720
45,5434,藤田　　康生,B1,61,17.7,18,徳山,20260720
41,4041,小林　　基樹,B1,62,21.5,18,徳山,20260720
32,3747,國崎　　良春,A2,63,28.0,18,徳山,20260720
19,4579,中嶋　健一郎,A2,12,36.0,19,下関,20260728
33,4553,坪口　　竜也,A2,13,26.3,19,下関,20260728
25,4041,小林　　基樹,B1,14,32.0,19,下関,20260728
35,4175,川尻　　泰輔,A2,15,25.5,19,下関,20260728
42,4883,岡部　　大輝,A2,16,20.8,19,下関,20260728
2,3362,間嶋　　仁志,B1,17,58.8,19,下関,20260728
1,4031,飯島　　　誠,B1,18,59.1,19,下関,20260728
16,5418,堀内　　亜海,B2,19,36.3,19,下関,20260728
8,5045,平川　　香織,A2,21,42.8,19,下関,20260728
45,4134,杉山　　貴博,A2,23,9.3,19,下関,20260728
37,3869,井芹　　大志,B1,25,24.5,19,下関,20260728
39,3349,吉田　　一郎,A1,26,22.9,19,下関,20260728
11,4224,大橋　栄里佳,B1,27,40.8,19,下関,20260728
34,3554,仲口　　博崇,A1,28,26.0,19,下関,20260728
17,4238,毒島　　　誠,A1,30,36.1,19,下関,20260728
44,4387,平山　　智加,A1,32,18.3,19,下関,20260728
27,4260,中越　　博紀,B1,33,31.3,19,下関,20260728
12,5438,星田　　夢結,B2,36,40.4,19,下関,20260728
14,4313,西村　美智子,A2,37,37.9,19,下関,20260728
13,4129,宇野　　博之,B1,39,38.1,19,下関,20260728
8,3105,内山　　文典,B1,40,42.8,19,下関,20260728
21,5391,出穂　　和鼓,B2,42,35.7,19,下関,20260728
22,3412,鈴木　　　博,A1,43,35.2,19,下関,20260728
41,5258,仲本　　　舜,B1,45,22.0,19,下関,20260728
7,4856,豊田　健士郎,A1,46,44.4,19,下関,20260728
19,5471,田中　　　結,B2,47,36.0,19,下関,20260728
32,4545,岡村　　慶太,A1,48,28.0,19,下関,20260728
40,3872,岡田　　憲行,A2,49,22.4,19,下関,20260728
24,3726,桂林　　　寛,B1,50,33.3,19,下関,20260728
6,4666,日笠　　勝弘,B1,52,46.0,19,下関,20260728
31,4243,西村　　　歩,B1,53,28.3,19,下関,20260728
28,3583,齋藤　　智裕,B1,54,31.1,19,下関,20260728
17,4020,川上　　清人,B1,56,36.1,19,下関,20260728
3,4896,花本　　　剛,B1,57,48.3,19,下関,20260728
22,4233,亀山　　雅幸,A2,59,35.2,19,下関,20260728
38,3838,伊藤　　啓三,B1,60,23.2,19,下関,20260728
25,4509,平見　　真彦,A2,61,32.0,19,下関,20260728
4,4892,柴田　　直哉,B1,62,48.0,19,下関,20260728
43,4876,梅木　　敬太,B1,64,20.0,19,下関,20260728
10,4083,福島　　勇樹,A1,67,41.5,19,下関,20260728
15,4469,土山　　卓也,A2,69,36.7,19,下関,20260728
30,4281,大澤　　大夢,B1,70,29.1,19,下関,20260728
5,3566,川添　　英正,B1,71,47.8,19,下関,20260728
36,5055,眞鳥　　章太,A2,72,25.0,19,下関,20260728
29,4817,渡邉　　　翼,A1,73,30.6,19,下関,20260728
33,5370,日隈　　　茜,B2,1,28.7,20,若松,20260728
11,5070,中島　　　航,B1,2,35.6,20,若松,20260728
10,4705,吉川　　勇作,B1,3,36.0,20,若松,20260728
2,3841,佐々木　和伸,A2,5,44.5,20,若松,20260728
38,3859,多羅尾　達之,B1,7,27.7,20,若松,20260728
39,4372,原田　　佑実,A2,10,25.6,20,若松,20260728
40,4442,松竹　　大輔,B1,11,25.3,20,若松,20260728
21,4366,前沢　　丈史,A1,12,32.4,20,若松,20260728
19,4287,今井　　貴士,A2,13,33.5,20,若松,20260728
9,5412,久保田　凪紗,B2,14,36.5,20,若松,20260728
13,5157,市川　　健太,B1,15,35.4,20,若松,20260728
41,3519,冨田　　秀幸,B1,16,25.1,20,若松,20260728
35,4247,齊藤　　　優,B1,17,28.5,20,若松,20260728
11,4188,久田　　敏之,A1,19,35.6,20,若松,20260728
7,5093,浦野　　　海,B2,20,39.4,20,若松,20260728
5,5002,上田　　健太,A2,23,41.7,20,若松,20260728
22,4615,板倉　　敦史,B1,24,32.3,20,若松,20260728
3,5268,山本　　幸也,B1,25,42.6,20,若松,20260728
26,3932,池田　　浩美,B1,26,31.4,20,若松,20260728
32,5398,鐘ヶ江　真司,B1,28,30.2,20,若松,20260728
36,3942,寺田　　　祥,A1,29,28.4,20,若松,20260728
25,4530,小野　　生奈,A1,31,31.6,20,若松,20260728
17,4327,加藤　　　翔,B1,32,34.4,20,若松,20260728
23,4819,蜂須　　瑞生,A2,33,32.0,20,若松,20260728
8,5270,小玉　　啓太,B1,34,37.0,20,若松,20260728
5,4785,木幡　　純也,B1,35,41.7,20,若松,20260728
23,3947,寺本　　昇平,B1,36,32.0,20,若松,20260728
33,4890,石川　　　諒,A2,37,28.7,20,若松,20260728
29,4850,野中　　一平,A2,38,30.8,20,若松,20260728
4,4779,伊倉　　　光,B1,39,42.5,20,若松,20260728
14,4128,川口　　貴久,B1,40,35.3,20,若松,20260728
16,3489,大場　　　敏,A2,41,34.6,20,若松,20260728
17,4325,新出　　浩司,B1,43,34.4,20,若松,20260728
15,5320,岩崎　　麗子,B1,48,35.2,20,若松,20260728
20,4079,出畑　　孝典,A2,50,33.0,20,若松,20260728
1,4259,真庭　　明志,A2,51,45.5,20,若松,20260728
36,4168,石野　　貴之,A1,53,28.4,20,若松,20260728
43,4762,藤原　啓史朗,A1,55,17.4,20,若松,20260728
42,4145,小澤　　　学,B1,56,23.5,20,若松,20260728
27,5050,木下　　雄介,A2,57,31.0,20,若松,20260728
31,5358,増本　　杏珠,B2,58,30.4,20,若松,20260728
28,4196,田中　太一郎,B1,60,30.9,20,若松,20260728
30,4504,前田　　将太,A1,61,30.5,20,若松,20260728
35,4466,南　　　佑典,A2,1,24.6,21,芦屋,20260728
17,5263,花田　　凱成,B1,2,33.8,21,芦屋,20260728
20,5293,眞崎　　武蔵,B1,5,32.7,21,芦屋,20260728
36,4352,下條　雄太郎,A1,6,24.2,21,芦屋,20260728
5,5227,川原　　愛未,B2,8,44.2,21,芦屋,20260728
32,3623,深川　　真二,A1,9,27.2,21,芦屋,20260728
43,4236,松村　　　敏,A1,14,20.0,21,芦屋,20260728
18,4694,高田　　　綾,B1,15,33.3,21,芦屋,20260728
38,4501,樋口　由加里,B1,16,22.5,21,芦屋,20260728
27,4373,若狭　奈美子,A1,17,29.1,21,芦屋,20260728
34,4522,古澤　　光紀,A2,18,25.0,21,芦屋,20260728
44,3584,佐々木　英樹,B1,20,16.6,21,芦屋,20260728
6,4436,渋谷　　明憲,A1,21,42.8,21,芦屋,20260728
7,4562,阪本　　勇介,B1,22,41.6,21,芦屋,20260728
23,3268,森　　　竜也,B1,23,31.6,21,芦屋,20260728
41,3282,池本　　輝明,B1,24,20.9,21,芦屋,20260728
45,4416,三宅　　健太,B1,25,14.2,21,芦屋,20260728
39,3435,寺田　　千恵,A2,26,22.2,21,芦屋,20260728
26,5100,栗原　　一馬,B1,28,30.1,21,芦屋,20260728
14,4945,上村　　宏太,B1,30,35.2,21,芦屋,20260728
12,4420,津久井　拓也,A2,31,38.3,21,芦屋,20260728
1,3616,中村　　　真,B1,35,51.5,21,芦屋,20260728
30,4120,柘植　　政浩,A2,36,27.8,21,芦屋,20260728
21,4660,宇田川　信一,B1,37,32.4,21,芦屋,20260728
28,4798,浜先　　真範,A1,38,28.5,21,芦屋,20260728
8,5283,植木　　美帆,B2,39,40.0,21,芦屋,20260728
37,4879,山崎　　鉄平,B1,40,23.1,21,芦屋,20260728
31,4882,瀧川　　千依,B2,42,27.7,21,芦屋,20260728
2,5101,表　　　健太,B1,43,50.7,21,芦屋,20260728
22,3746,岡瀬　　正人,A2,44,32.3,21,芦屋,20260728
25,4376,藤田　　靖弘,A2,45,30.2,21,芦屋,20260728
33,5369,岡崎　　凪汰,B1,46,26.5,21,芦屋,20260728
13,3582,吉川　　昭男,A2,48,38.1,21,芦屋,20260728
41,3834,細川　　明人,B1,49,20.9,21,芦屋,20260728
16,4561,藤山　　翔大,A2,50,34.3,21,芦屋,20260728
11,4197,渥美　　卓郎,B1,51,38.4,21,芦屋,20260728
15,3918,深井　　利寿,A1,52,35.0,21,芦屋,20260728
24,5248,本田　　　愛,B1,53,30.6,21,芦屋,20260728
18,4969,町田　　洸希,B1,54,33.3,21,芦屋,20260728
3,5239,上野　　俊樹,B1,55,48.2,21,芦屋,20260728
4,4336,松田　　竜馬,B1,56,45.0,21,芦屋,20260728
9,4027,松江　　秀徳,A2,57,38.7,21,芦屋,20260728
40,3305,小野　　信樹,B1,58,22.0,21,芦屋,20260728
29,3842,星野　　太郎,B1,59,28.3,21,芦屋,20260728
10,3898,平田　　忠則,A1,60,38.6,21,芦屋,20260728
25,5121,定松　　勇樹,A1,11,36.2,22,福岡,20260724
16,5278,田中　　駿兵,A1,12,39.2,22,福岡,20260724
28,5106,山崎　　　祥,A2,13,35.4,22,福岡,20260724
7,5028,原田　才一郎,A1,14,44.1,22,福岡,20260724
5,5018,竹下　　大樹,A1,15,44.8,22,福岡,20260724
3,5298,水谷　　理人,A1,16,51.0,22,福岡,20260724
41,5118,野田　なづき,A2,17,30.4,22,福岡,20260724
35,5257,西丸　侑太朗,A1,18,31.5,22,福岡,20260724
36,5195,北村　　寧々,A2,19,31.3,22,福岡,20260724
32,4985,井本　　昌也,A1,20,34.4,22,福岡,20260724
13,5064,品川　二千翔,A1,21,41.5,22,福岡,20260724
27,5212,西川　　拓利,A2,22,36.0,22,福岡,20260724
9,4994,山本　　梨菜,A2,25,43.6,22,福岡,20260724
44,5243,三馬　　崇史,B1,26,28.1,22,福岡,20260724
22,4966,田川　　大貴,B1,27,37.0,22,福岡,20260724
21,5146,野田　　彩加,A2,28,38.1,22,福岡,20260724
50,5277,井上　　未都,B1,29,25.9,22,福岡,20260724
11,5029,中　　　亮太,A1,30,43.2,22,福岡,20260724
38,5060,数原　　　魁,A2,31,30.9,22,福岡,20260724
48,5012,加倉　　侑征,B1,32,26.1,22,福岡,20260724
12,5092,篠原　　晟弥,A2,33,42.1,22,福岡,20260724
26,5303,土井　　歩夢,A2,34,36.1,22,福岡,20260724
45,5160,藤森　　陸斗,A2,35,27.9,22,福岡,20260724
46,5214,田中　　宏典,B1,36,26.7,22,福岡,20260724
31,5224,西岡　　顕心,A1,37,34.5,22,福岡,20260724
10,5145,島川　　海輝,A2,39,43.4,22,福岡,20260724
1,5043,中村　　日向,A1,43,62.0,22,福岡,20260724
38,5222,津田　　陸翔,A1,44,30.9,22,福岡,20260724
48,5189,藤原　　早菜,A2,46,26.1,22,福岡,20260724
24,5161,登玉　　隼百,A2,49,36.9,22,福岡,20260724
40,5188,武井　莉里佳,A2,50,30.6,22,福岡,20260724
29,5142,常住　　　蓮,A1,52,35.0,22,福岡,20260724
41,5136,濱野　　斗馬,A1,54,30.4,22,福岡,20260724
22,4963,實森　　美祐,A1,55,37.0,22,福岡,20260724
6,5009,大賀　龍之介,A2,56,44.4,22,福岡,20260724
34,5199,垂水　　　悠,B1,57,31.7,22,福岡,20260724
16,5058,前原　　大道,A1,58,39.2,22,福岡,20260724
18,5193,米丸　　乃絵,A1,59,39.1,22,福岡,20260724
30,4857,加藤　　翔馬,A1,61,34.6,22,福岡,20260724
2,5238,笹木　　香吾,A2,62,51.2,22,福岡,20260724
46,5218,山田　　理央,A1,63,26.7,22,福岡,20260724
19,4938,小芦　るり華,A1,65,38.4,22,福岡,20260724
20,5281,井上　　遥妃,A1,67,38.2,22,福岡,20260724
14,5158,宮脇　　遼太,A1,68,40.6,22,福岡,20260724
37,5032,谷口　　知優,A2,70,31.1,22,福岡,20260724
4,5330,安河内鈴之介,A2,71,47.0,22,福岡,20260724
15,5299,西丸　　敦基,A2,72,40.0,22,福岡,20260724
43,5217,藤原　　碧生,A1,73,28.5,22,福岡,20260724
7,5155,内山　　七海,A2,74,44.1,22,福岡,20260724
33,5016,宮田　　龍馬,A1,75,34.0,22,福岡,20260724
36,4365,盛本　　真輔,A2,1,31.7,23,唐津,20260726
9,5004,河野　　主樹,A2,2,38.6,23,唐津,20260726
2,4978,山田　　和佐,B1,4,46.1,23,唐津,20260726
15,4950,高岡　　竜也,A1,5,37.0,23,唐津,20260726
5,5459,田中　　きら,B2,7,40.9,23,唐津,20260726
12,5435,中西　　月輝,B2,8,38.0,23,唐津,20260726
14,4216,星　　　栄爾,B1,10,37.4,23,唐津,20260726
38,4218,吉川　　喜継,A1,11,30.0,23,唐津,20260726
19,5310,土屋　　　蘭,B1,12,35.7,23,唐津,20260726
42,4102,益田　　啓司,A1,13,29.1,23,唐津,20260726
28,4368,山口　　隆史,B1,14,33.1,23,唐津,20260726
18,4072,森永　　　淳,A1,15,35.9,23,唐津,20260726
3,4909,薮内　　瑞希,B1,16,46.0,23,唐津,20260726
43,5006,久保原　秀人,B1,17,28.7,23,唐津,20260726
17,4936,戸敷　　晃美,A2,18,36.8,23,唐津,20260726
20,4254,川島　　圭司,A2,19,34.6,23,唐津,20260726
28,4343,村岡　　　賢,B1,20,33.1,23,唐津,20260726
24,4289,落合　　直子,A2,21,33.5,23,唐津,20260726
8,5267,石本　　裕武,A1,22,38.8,23,唐津,20260726
44,4411,沢田　　昭宏,A2,23,23.0,23,唐津,20260726
37,3998,冨成　　謙児,B1,24,31.1,23,唐津,20260726
32,5015,高橋　　竜矢,A1,25,32.4,23,唐津,20260726
35,5395,日高　龍之介,B1,26,31.8,23,唐津,20260726
27,4085,荻野　　裕介,B1,27,33.3,23,唐津,20260726
6,4905,土井　　祥伍,B1,28,39.4,23,唐津,20260726
13,4330,奈須　　啓太,A2,29,37.5,23,唐津,20260726
11,4962,畑　　　竜生,A2,31,38.2,23,唐津,20260726
1,3392,小森　　信雄,B1,32,48.5,23,唐津,20260726
45,3370,坪内　　　実,B1,33,21.6,23,唐津,20260726
21,4248,岡本　　　大,B1,34,34.4,23,唐津,20260726
7,5397,寺田　　夢生,B2,35,39.3,23,唐津,20260726
23,4362,土屋　　智則,A1,37,33.6,23,唐津,20260726
31,4429,豊田　　泰洋,B1,38,32.7,23,唐津,20260726
4,3430,角浜　　　修,B1,40,44.2,23,唐津,20260726
39,3875,廣中　　良一,B1,41,29.8,23,唐津,20260726
15,4092,岡部　　大輔,B1,42,37.0,23,唐津,20260726
32,3615,横田　　　茂,B1,44,32.4,23,唐津,20260726
22,4633,森　　　智也,A2,47,33.8,23,唐津,20260726
40,5140,吉田　　彩乃,B1,48,29.7,23,唐津,20260726
9,4497,桑原　　　悠,A1,50,38.6,23,唐津,20260726
24,4460,後藤　　翔之,A2,52,33.5,23,唐津,20260726
46,3987,後藤　　正宗,A1,53,21.5,23,唐津,20260726
24,5294,豊田　　祥生,B1,55,33.5,23,唐津,20260726
32,4252,松下　　哲也,B1,58,32.4,23,唐津,20260726
41,5276,大島　隆乃介,B1,59,29.4,23,唐津,20260726
30,4648,木村　　亮太,B1,60,33.0,23,唐津,20260726
42,3618,海野　ゆかり,A1,12,12.8,24,大村,20260728
22,4315,山崎　　昂介,B1,13,36.5,24,大村,20260728
40,5367,赤松　　咲香,B2,15,19.5,24,大村,20260728
3,3853,岩崎　　正哉,A2,17,51.2,24,大村,20260728
31,4812,西野　　雄貴,A1,19,29.2,24,大村,20260728
12,3787,天野　　　誠,B1,20,43.5,24,大村,20260728
13,3327,野長瀬　正孝,A2,23,42.8,24,大村,20260728
3,4596,葛原　　大陽,A2,24,51.2,24,大村,20260728
25,4278,藤岡　　俊介,A1,25,33.3,24,大村,20260728
6,5413,宮城　　那菜,B2,28,46.5,24,大村,20260728
39,5354,渡邊　　雄斗,B1,30,23.0,24,大村,20260728
18,3981,今坂　　晃広,B1,31,38.2,24,大村,20260728
31,4138,中井　　俊祐,B1,32,29.2,24,大村,20260728
28,4142,平野　　和明,A2,33,31.7,24,大村,20260728
10,4049,荒川　　健太,A2,34,43.9,24,大村,20260728
21,5018,竹下　　大樹,A1,37,37.5,24,大村,20260728
10,5023,久永　　祥平,A2,38,43.9,24,大村,20260728
36,5205,刑部　亜里紗,A2,40,24.3,24,大村,20260728
3,4174,赤坂　　俊輔,A1,41,51.2,24,大村,20260728
30,4635,峰重　　力也,A2,43,30.0,24,大村,20260728
13,4967,中村　　魁生,A1,45,42.8,24,大村,20260728
17,4846,佐藤　　駿介,B1,46,39.0,24,大村,20260728
19,4447,深川　麻奈美,B1,47,37.8,24,大村,20260728
44,5247,大森　　　翼,B1,50,8.3,24,大村,20260728
15,4748,渡邉　　雄朗,A1,52,42.5,24,大村,20260728
8,4173,岡谷　　健吾,B1,53,45.0,24,大村,20260728
7,5257,西丸　侑太朗,A1,54,46.3,24,大村,20260728
31,5303,土井　　歩夢,A2,55,29.2,24,大村,20260728
16,5307,富永　夏哉人,B1,56,40.4,24,大村,20260728
19,4137,君島　　秀三,A1,57,37.8,24,大村,20260728
22,5406,小畑　　楓夏,B2,58,36.5,24,大村,20260728
1,4906,鈴木　　雅希,A2,59,58.3,24,大村,20260728
36,4525,真子　奈津実,B1,60,24.3,24,大村,20260728
9,3831,安藤　　裕貴,B1,61,44.1,24,大村,20260728
24,4761,山田　　晃大,A2,62,35.9,24,大村,20260728
2,3304,烏野　　賢太,A1,63,55.2,24,大村,20260728
34,3809,吉田　　　光,B1,67,25.0,24,大村,20260728
36,4093,吉田　　宗弘,B1,68,24.3,24,大村,20260728
25,4603,谷川　　将太,B1,70,33.3,24,大村,20260728
44,3933,山地　　正樹,B1,72,8.3,24,大村,20260728
43,5136,濱野　　斗馬,A1,73,10.8,24,大村,20260728
41,5028,原田　才一郎,A1,75,18.4,24,大村,20260728
27,4521,小池　　公生,B1,76,32.5,24,大村,20260728
28,5148,松本　　　怜,B1,79,31.7,24,大村,20260728
34,3411,池上　　隆行,B1,80,25.0,24,大村,20260728
